CAMPNO,NHTSA_URL,MAKES,MODELS,YEARS,COMPNAME,RCDATE,ODATE,POTAFF,INFLUENCED_BY,DO_NOT_DRIVE,PARK_OUTSIDE
26V561000,https://www.nhtsa.gov/vehicle/recalls#?nhtsaId=26V561000,CHRYSLER,"PACIFICA, PACIFICA PLUG-IN HYBRID, VOYAGER","2025, 2026",ELECTRONIC STABILITY CONTROL (ESC),20260901,,2017,MFR,No,No
26V560000,https://www.nhtsa.gov/vehicle/recalls#?nhtsaId=26V560000,RAM,1500,"2025, 2026",BACK OVER PREVENTION:SOFTWARE,20260901,,239131,MFR,No,No
26V558000,https://www.nhtsa.gov/vehicle/recalls#?nhtsaId=26V558000,TESLA,MODEL Y,2026,SUSPENSION:FRONT,20260831,,19,MFR,No,No
26V547000,https://www.nhtsa.gov/vehicle/recalls#?nhtsaId=26V547000,FORD,MUSTANG,"2024, 2025, 2026",ELECTRICAL SYSTEM:WIRING,20260825,,148663,MFR,No,No
26V550000,https://www.nhtsa.gov/vehicle/recalls#?nhtsaId=26V550000,FORD,"BRONCO SPORT, F-150, MAVERICK",2026,STRUCTURE:BODY,20260825,,23,MFR,No,No
26V548000,https://www.nhtsa.gov/vehicle/recalls#?nhtsaId=26V548000,FORD,"BRONCO, BRONCO SPORT, EXPLORER, MUSTANG, RANGER",2026,ENGINE AND ENGINE COOLING:ENGINE:HARD PARTS INTERNAL/MECHANICAL,20260825,,10001,MFR,No,No
26V545000,https://www.nhtsa.gov/vehicle/recalls#?nhtsaId=26V545000,KIA,EV9,"2025, 2026",AIR BAGS:SENSOR:OCCUPANT CLASSIFICATION:FRONT PASSENGER,20260821,,21290,MFR,No,No
26V568000,https://www.nhtsa.gov/vehicle/recalls#?nhtsaId=26V568000,FORD,F-650 SD,2025,STRUCTURE:BODY:HATCHBACK/LIFTGATE:HINGE AND ATTACHMENTS,20260820,,1,MFR,No,No
26V532000,https://www.nhtsa.gov/vehicle/recalls#?nhtsaId=26V532000,FORD,EXPLORER,2026,ENGINE AND ENGINE COOLING:ENGINE:HARD PARTS INTERNAL/MECHANICAL,20260813,20260825,6,MFR,No,No
26V531000,https://www.nhtsa.gov/vehicle/recalls#?nhtsaId=26V531000,"CHRYSLER, DODGE, JEEP, RAM","1500, 2500, CHARGER, CHEROKEE, COMPASS, GLADIATOR, GRAND CHEROKEE, GRAND CHEROKEE L, GRAND WAGONEER, GRAND WAGONEER L, PACIFICA, PACIFICA PLUG-IN HYBRID, PROMASTER, PROMASTER BEV, VOYAGER, WRANGLER","2026, 2027",BACK OVER PREVENTION: SENSING SYSTEM: CAMERA,20260813,20260902,844027,MFR,No,No
26V530000,https://www.nhtsa.gov/vehicle/recalls#?nhtsaId=26V530000,"CHEVROLET, GMC","SIERRA 2500, SILVERADO 2500","2024, 2025",TIRES:PRESSURE MONITORING AND REGULATING SYSTEMS,20260813,,8,MFR,No,No
26V529000,https://www.nhtsa.gov/vehicle/recalls#?nhtsaId=26V529000,JEEP,"GRAND CHEROKEE, GRAND CHEROKEE L",2026,VISIBILITY:WINDSHIELD WIPER/WASHER,20260813,,81,MFR,No,No
26V528000,https://www.nhtsa.gov/vehicle/recalls#?nhtsaId=26V528000,DODGE,DURANGO,"2021, 2022, 2023",STRUCTURE:BODY:HATCHBACK/LIFTGATE,20260813,,74578,ODI,No,No
26V525000,https://www.nhtsa.gov/vehicle/recalls#?nhtsaId=26V525000,BMW,"540I, 540I XDRIVE, 750E XDRIVE, 840I, 840I XDRIVE, M550I","2021, 2022, 2023, 2024, 2025, 2026",POWER TRAIN:DRIVELINE:DRIVESHAFT,20260812,,27720,MFR,No,No
26V524000,https://www.nhtsa.gov/vehicle/recalls#?nhtsaId=26V524000,BMW,X3,"2024, 2025, 2026",STEERING:LINKAGES:KNUCKLE:SPINDLE:ARM,20260812,,13,MFR,No,No
26V511000,https://www.nhtsa.gov/vehicle/recalls#?nhtsaId=26V511000,TOYOTA,CAMRY HYBRID,"2025, 2026",SEAT BELTS:FRONT:WARNING LIGHT/DEVICES,20260806,,508354,MFR,No,No
26V510000,https://www.nhtsa.gov/vehicle/recalls#?nhtsaId=26V510000,"ALFA ROMEO, DODGE","HORNET, TONALE","2023, 2024, 2025, 2026",SEAT BELTS:FRONT:RETRACTOR,20260806,,48777,MFR,No,No
26V514000,https://www.nhtsa.gov/vehicle/recalls#?nhtsaId=26V514000,TOYOTA,"TACOMA, TACOMA HYBRID","2024, 2025",SUSPENSION:REAR:SHOCK ABSORBER,20260806,,48280,MFR,No,No
26V512000,https://www.nhtsa.gov/vehicle/recalls#?nhtsaId=26V512000,TOYOTA,BZ WOODLAND,2026,ELECTRICAL SYSTEM,20260806,,407,MFR,No,No
26V508000,https://www.nhtsa.gov/vehicle/recalls#?nhtsaId=26V508000,RIVIAN,"R1S, R1T","2025, 2026",EXTERIOR LIGHTING:TURN SIGNAL,20260805,,3829,MFR,No,No
26V507000,https://www.nhtsa.gov/vehicle/recalls#?nhtsaId=26V507000,TESLA,"MODEL 3, MODEL Y","2017, 2018, 2019, 2020, 2021, 2022, 2023",EXTERIOR LIGHTING:HEADLIGHTS,20260804,,20349,OVSC,No,No
26V500000,https://www.nhtsa.gov/vehicle/recalls#?nhtsaId=26V500000,HONDA,"CMX300, CMX500, SCL500","2017, 2018, 2019, 2020, 2021, 2022, 2023, 2025, 2026",STEERING: STEERING WHEEL/HANDLE BAR,20260730,,43913,MFR,No,No
26V496000,https://www.nhtsa.gov/vehicle/recalls#?nhtsaId=26V496000,"CHEVROLET, GMC","SIERRA EV, SILVERADO EV",2026,WHEELS,20260730,,952,MFR,No,No
26V495000,https://www.nhtsa.gov/vehicle/recalls#?nhtsaId=26V495000,RAM,1500,"2019, 2020, 2021, 2022, 2023, 2024, 2025, 2026",SEAT BELTS:REAR/OTHER:ANCHORAGE,20260730,20260818,1271294,MFR,No,No
26V494000,https://www.nhtsa.gov/vehicle/recalls#?nhtsaId=26V494000,"CADILLAC, CHEVROLET, GMC","ESCALADE IQ, ESCALADE IQL, SIERRA EV, SILVERADO EV",2026,ELECTRICAL SYSTEM:PROPULSION SYSTEM:TRACTION BATTERY,20260730,20260824,10,MFR,No,No
26V493000,https://www.nhtsa.gov/vehicle/recalls#?nhtsaId=26V493000,GENESIS,G80,2027,ELECTRICAL SYSTEM:IGNITION:COIL,20260729,,42,MFR,No,No
26V489000,https://www.nhtsa.gov/vehicle/recalls#?nhtsaId=26V489000,FORD,"F-150, F-250 SD","2021, 2022, 2023, 2024, 2025, 2026",BACK OVER PREVENTION:DISPLAY FUNCTION,20260728,,47587,MFR,No,No
26V487000,https://www.nhtsa.gov/vehicle/recalls#?nhtsaId=26V487000,FORD,MUSTANG MACH E,"2023, 2024, 2025",STRUCTURE:EXTERIOR TRIM,20260728,,86543,MFR,No,No
26V481000,https://www.nhtsa.gov/vehicle/recalls#?nhtsaId=26V481000,MERCEDES-BENZ,"A 220, A 220 4MATIC, AMG A35, AMG C43 4MATIC, AMG CLA35, AMG CLA45, AMG CLE53 4MATIC+, AMG GLA 35, AMG GLA35, AMG GLA45, AMG GLB35, AMG GLB35 4MATIC, AMG GLC43 4MATIC, C 300, C 300 4MATIC, CLA 250, CLA 250 4MATIC, CLE 300 4MATIC, CLE 300 4MATIC CABRIOLET, CLE 450 4MATIC, CLE 450 4MATIC CABRIOLET, GLA 250, GLA 250 4MATIC, GLB 250, GLB 250 4MATIC, GLC 300, GLC 300 4MATIC, GLC 300 4MATIC COUPE","2019, 2020, 2021, 2022, 2023, 2024, 2025, 2026",LATCHES/LOCKS/LINKAGES:DOORS:LOCK,20260724,,310667,MFR,No,No
26V478000,https://www.nhtsa.gov/vehicle/recalls#?nhtsaId=26V478000,BMW,S 1000 RR,"2020, 2021, 2022, 2023, 2024, 2025, 2026",ELECTRICAL SYSTEM:IGNITION,20260723,,16736,MFR,No,No
26V473000,https://www.nhtsa.gov/vehicle/recalls#?nhtsaId=26V473000,VOLKSWAGEN,"ATLAS, ATLAS CROSS SPORT","2024, 2025, 2026",BACK OVER PREVENTION:SOFTWARE,20260722,20260804,57851,MFR,No,No
26V470000,https://www.nhtsa.gov/vehicle/recalls#?nhtsaId=26V470000,"FORD, LINCOLN","AVIATOR, EXPLORER","2025, 2026, 2027",SEATS:FRONT ASSEMBLY:POWER ADJUST,20260721,,76748,MFR,No,No
26V468000,https://www.nhtsa.gov/vehicle/recalls#?nhtsaId=26V468000,FORD,BRONCO,"2021, 2022, 2023, 2024, 2025, 2026",ENGINE,20260720,20260805,565691,ODI,No,No
26V456000,https://www.nhtsa.gov/vehicle/recalls#?nhtsaId=26V456000,JEEP,"GLADIATOR, WRANGLER",2026,WHEELS,20260716,20260730,641,MFR,No,No
26V452000,https://www.nhtsa.gov/vehicle/recalls#?nhtsaId=26V452000,HYUNDAI,"KONA, KONA ELECTRIC","2024, 2025, 2026",SEAT BELTS: REAR/OTHER:BUCKLE ASSEMBLY,20260714,,47787,MFR,No,No
26V451000,https://www.nhtsa.gov/vehicle/recalls#?nhtsaId=26V451000,"FORD, LINCOLN","AVIATOR, EXPLORER","2020, 2021, 2022, 2023, 2024, 2025, 2026, 2027",SEATS:MID/REAR ASSEMBLY,20260714,20260821,387911,MFR,No,No
26V448000,https://www.nhtsa.gov/vehicle/recalls#?nhtsaId=26V448000,FORD,EXPLORER,"2016, 2017, 2018, 2019",STRUCTURE:BODY,20260714,,288314,ODI,No,No
26E046000,https://www.nhtsa.gov/vehicle/recalls#?nhtsaId=26E046000,FORD,INTEGRATED TRAILER MODULE KIT,9999,ELECTRICAL SYSTEM: INTEGRATED TRAILER BRAKE CONTROL,20260714,20260728,315,MFR,No,No
26V441000,https://www.nhtsa.gov/vehicle/recalls#?nhtsaId=26V441000,BMW,"330E IPERFORMANCE, 530E IPERFORMANCE, 530E XDRIVE IPERFORMANCE, 740LE XDRIVE IPERFORMANCE","2016, 2017, 2018, 2019, 2020",ELECTRICAL SYSTEM:STARTER ASSEMBLY:RELAY,20260708,,29119,MFR,No,Yes
26V438000,https://www.nhtsa.gov/vehicle/recalls#?nhtsaId=26V438000,"BMW, TOYOTA","230I, 230I XDRIVE, 330I, 330I XDRIVE, 430I, 430I XDRIVE, 530I, 530I XDRIVE, SUPRA, X3, X4, Z4","2021, 2022, 2023, 2024, 2025, 2026",ELECTRICAL SYSTEM:STARTER ASSEMBLY,20260708,,318495,MFR,No,No
26V437000,https://www.nhtsa.gov/vehicle/recalls#?nhtsaId=26V437000,"LEXUS, TOYOTA","GRAND HIGHLANDER, GRAND HIGHLANDER HYBRID, TX, TX HYBRID, TX PLUG-IN HYBRID",2026,POWER TRAIN:AXLE ASSEMBLY,20260708,,5408,MFR,No,No
26V445000,https://www.nhtsa.gov/vehicle/recalls#?nhtsaId=26V445000,TESLA,"MODEL 3, MODEL Y","2024, 2026",STRUCTURE:BODY:BUMPERS,20260707,,15,MFR,No,No
26V433000,https://www.nhtsa.gov/vehicle/recalls#?nhtsaId=26V433000,TOYOTA,TUNDRA,2026,EQUIPMENT:OTHER:LABELS,20260706,20260806,1,MFR,No,No
26V432000,https://www.nhtsa.gov/vehicle/recalls#?nhtsaId=26V432000,HYUNDAI,IONIQ 5,"2023, 2024",ELECTRICAL SYSTEM:PROPULSION SYSTEM:TRACTION BATTERY,20260702,20260729,6,MFR,No,Yes
26V431000,https://www.nhtsa.gov/vehicle/recalls#?nhtsaId=26V431000,KIA,"EV6, EV9","2022, 2023, 2024",ELECTRICAL SYSTEM:PROPULSION SYSTEM:TRACTION BATTERY,20260702,20260807,8,MFR,No,Yes
26V430000,https://www.nhtsa.gov/vehicle/recalls#?nhtsaId=26V430000,KIA,TELLURIDE,"2020, 2021, 2022, 2023, 2024",SEATS:FRONT ASSEMBLY:POWER ADJUST,20260702,20260813,462869,MFR,No,Yes
26V421000,https://www.nhtsa.gov/vehicle/recalls#?nhtsaId=26V421000,RAM,1500,2026,EXTERIOR LIGHTING:HEADLIGHTS,20260701,,12592,MFR,No,No
26V422000,https://www.nhtsa.gov/vehicle/recalls#?nhtsaId=26V422000,"BMW, MINI","530I, 530I XDRIVE, 540I XDRIVE, 740I, 740I XDRIVE, 750E XDRIVE, 760I XDRIVE, COOPER S, COUNTRYMAN S ALL4, I5, I7, X1, X2, X5, X6, X7, XM","2023, 2024, 2025","SERVICE BRAKES, HYDRAULIC:POWER ASSIST:ELECTRIC:CONTROL MODULE",20260701,20260825,428,MFR,No,No
26V423000,https://www.nhtsa.gov/vehicle/recalls#?nhtsaId=26V423000,HONDA,ODYSSEY,"2018, 2019, 2020",BACK OVER PREVENTION: SENSING SYSTEM: CAMERA,20260701,20260824,325588,MFR,No,No
26V424000,https://www.nhtsa.gov/vehicle/recalls#?nhtsaId=26V424000,HONDA,"PASSPORT, PILOT",2026,SUSPENSION:REAR,20260701,20260824,3933,MFR,No,No
26V418000,https://www.nhtsa.gov/vehicle/recalls#?nhtsaId=26V418000,FORD,"MUSTANG, MUSTANG GTD","2024, 2025, 2026",VISIBILITY:WINDSHIELD WIPER/WASHER:MOTOR,20260630,20260811,67842,MFR,No,No
26V417000,https://www.nhtsa.gov/vehicle/recalls#?nhtsaId=26V417000,FORD,MUSTANG MACH E,"2021, 2022, 2023",POWER TRAIN:DRIVELINE:DIFFERENTIAL UNIT,20260630,,42784,MFR,No,No
26V415000,https://www.nhtsa.gov/vehicle/recalls#?nhtsaId=26V415000,"FORD, LINCOLN","EXPLORER HYBRID, NAUTILUS HYBRID","2024, 2025, 2026, 2027",FORWARD COLLISION AVOIDANCE: WARNINGS:EXTERNAL/PEDESTRIAN ALERT,20260630,20260807,66383,MFR,No,No
26V414000,https://www.nhtsa.gov/vehicle/recalls#?nhtsaId=26V414000,JEEP,"GRAND WAGONEER, GRAND WAGONEER L",2026,"SERVICE BRAKES, HYDRAULIC:POWER ASSIST:ELECTRIC:CONTROL MODULE:SOFTWARE",20260630,20260716,11980,MFR,No,No
26V413000,https://www.nhtsa.gov/vehicle/recalls#?nhtsaId=26V413000,JEEP,"GRAND CHEROKEE, GRAND CHEROKEE L, WAGONEER, WAGONEER L","2022, 2023, 2024",POWER TRAIN:AUTOMATIC TRANSMISSION:GEAR POSITION INDICATION (PRNDL),20260630,20260820,7,MFR,No,No
26V403000,https://www.nhtsa.gov/vehicle/recalls#?nhtsaId=26V403000,FORD,BRONCO,"2022, 2023, 2024, 2025, 2026",STRUCTURE:BODY,20260624,,36046,MFR,No,No
26V402000,https://www.nhtsa.gov/vehicle/recalls#?nhtsaId=26V402000,"FORD, LINCOLN","AVIATOR, EXPEDITION, EXPLORER, F-150, NAVIGATOR","2018, 2019, 2020, 2021",POWER TRAIN:AUTOMATIC TRANSMISSION,20260624,,741195,MFR,No,No
26V400000,https://www.nhtsa.gov/vehicle/recalls#?nhtsaId=26V400000,HYUNDAI,"TUCSON, TUCSON HYBRID, TUCSON PLUG-IN HYBRID","2025, 2026",ELECTRICAL SYSTEM: INSTRUMENT CLUSTER/PANEL,20260623,20260717,96310,MFR,No,No
26V399000,https://www.nhtsa.gov/vehicle/recalls#?nhtsaId=26V399000,"CHEVROLET, GMC","EXPRESS, SAVANA","2025, 2026",STEERING,20260623,20260720,26541,MFR,No,No
26V394000,https://www.nhtsa.gov/vehicle/recalls#?nhtsaId=26V394000,CADILLAC,VISTIQ,"2026, 2027",SEATS:MID/REAR ASSEMBLY:POWER ADJUST,20260618,20260806,14540,MFR,No,No
26V393000,https://www.nhtsa.gov/vehicle/recalls#?nhtsaId=26V393000,"LEXUS, TOYOTA","BZ, RZ",2026,ELECTRICAL SYSTEM:PROPULSION SYSTEM,20260618,20260817,20991,MFR,No,No
26V370000,https://www.nhtsa.gov/vehicle/recalls#?nhtsaId=26V370000,FORD,F-150,2017,ELECTRICAL SYSTEM: INSTRUMENT CLUSTER/PANEL,20260609,20260717,4445,MFR,No,No
26V371000,https://www.nhtsa.gov/vehicle/recalls#?nhtsaId=26V371000,FORD,EXPLORER,2024,POWER TRAIN:AUTOMATIC TRANSMISSION,20260609,20260624,58,MFR,No,No
26V373000,https://www.nhtsa.gov/vehicle/recalls#?nhtsaId=26V373000,FORD,F-150,"2018, 2019, 2020",EXTERIOR LIGHTING:HEADLIGHTS,20260609,20260717,91198,MFR,No,No
26V369000,https://www.nhtsa.gov/vehicle/recalls#?nhtsaId=26V369000,FORD,FOCUS,"2012, 2013, 2014, 2015, 2016, 2017, 2018","FUEL SYSTEM, GASOLINE:STORAGE:EVAPORATIVE EMISSIONS:CANISTER",20260609,20260729,257868,MFR,No,No
26V372000,https://www.nhtsa.gov/vehicle/recalls#?nhtsaId=26V372000,"FORD, LINCOLN","MUSTANG, NAUTILUS, NAVIGATOR",2019,ELECTRICAL SYSTEM: INSTRUMENT CLUSTER/PANEL,20260609,20260713,2349,MFR,No,No
26V368000,https://www.nhtsa.gov/vehicle/recalls#?nhtsaId=26V368000,FORD,EXPEDITION,"2018, 2019, 2020, 2021, 2022, 2023, 2024",STRUCTURE:INTERIOR PANELS:CENTER CONSOLE,20260609,,548463,MFR,No,No
26V374000,https://www.nhtsa.gov/vehicle/recalls#?nhtsaId=26V374000,FORD,ESCAPE,2017,VISIBILITY:POWER WINDOW DEVICES AND CONTROLS,20260609,20260722,18124,MFR,No,No
26V376000,https://www.nhtsa.gov/vehicle/recalls#?nhtsaId=26V376000,FORD,"FOCUS, FUSION","2013, 2014, 2015, 2016, 2017, 2018",POWER TRAIN:MANUAL TRANSMISSION,20260609,,5252,MFR,No,No
26V377000,https://www.nhtsa.gov/vehicle/recalls#?nhtsaId=26V377000,LINCOLN,NAUTILUS,2019,LANE DEPARTURE: LANE KEEP: STEERING ASSIST,20260609,20260708,1013,MFR,No,No
26V378000,https://www.nhtsa.gov/vehicle/recalls#?nhtsaId=26V378000,FORD,F-150,2014,POWER TRAIN:AUTOMATIC TRANSMISSION:CONTROL MODULE (TCM/PCM/TECM),20260609,20260708,44963,MFR,No,No
26V375000,https://www.nhtsa.gov/vehicle/recalls#?nhtsaId=26V375000,FORD,F-150,2018,POWER TRAIN:AUTOMATIC TRANSMISSION:CONTROL MODULE (TCM/PCM/TECM),20260609,20260709,10742,MFR,No,No
26V366000,https://www.nhtsa.gov/vehicle/recalls#?nhtsaId=26V366000,HONDA,"ACCORD HYBRID, CR-V FUEL CELL EV, CR-V HYBRID","2023, 2024, 2025, 2026",TIRES:TEMPORARY/EMERGENCY SPARE TIRE,20260604,,1048613,MFR,No,No
26V365000,https://www.nhtsa.gov/vehicle/recalls#?nhtsaId=26V365000,"ACURA, HONDA","MDX, PASSPORT, PILOT, RIDGELINE","2014, 2015, 2016, 2017, 2018, 2019, 2020, 2021, 2022, 2023",SUSPENSION:REAR,20260604,,880514,MFR,No,No
26V363000,https://www.nhtsa.gov/vehicle/recalls#?nhtsaId=26V363000,JEEP,"GLADIATOR, WRANGLER, WRANGLER 4XE","2021, 2022, 2023, 2024, 2025",STEERING:HYDRAULIC POWER ASSIST:PUMP,20260604,20260709,1076999,ODI,No,Yes
26V362000,https://www.nhtsa.gov/vehicle/recalls#?nhtsaId=26V362000,CHRYSLER,PACIFICA,"2020, 2021, 2022",ELECTRICAL SYSTEM:PROPULSION SYSTEM:TRACTION BATTERY,20260604,20260623,17277,ODI,No,Yes
26V357000,https://www.nhtsa.gov/vehicle/recalls#?nhtsaId=26V357000,RAM,PROMASTER,2026,SEAT BELTS:CRITICAL FASTENERS,20260602,,15,MFR,No,No
26V356000,https://www.nhtsa.gov/vehicle/recalls#?nhtsaId=26V356000,KIA,"TELLURIDE, TELLURIDE HYBRID",2027,SEAT BELTS:FRONT,20260602,20260720,6264,MFR,No,No
26V358000,https://www.nhtsa.gov/vehicle/recalls#?nhtsaId=26V358000,CHRYSLER,"PACIFICA, VOYAGER","2023, 2024, 2025, 2026",AIR BAGS:FRONTAL,20260602,20260716,141,MFR,No,No
26V353000,https://www.nhtsa.gov/vehicle/recalls#?nhtsaId=26V353000,MERCEDES-BENZ,"GLE 350 4MATIC, GLE 450 4MATIC, GLE 450 4MATIC COUPE",2026,SEAT BELTS: REAR/OTHER:BUCKLE ASSEMBLY,20260529,20260717,203,MFR,No,No
26V345000,https://www.nhtsa.gov/vehicle/recalls#?nhtsaId=26V345000,"CHEVROLET, GMC","EXPRESS, SAVANA",2026,STEERING:COLUMN,20260528,20260609,232,MFR,No,No
26V344000,https://www.nhtsa.gov/vehicle/recalls#?nhtsaId=26V344000,"FORD, LINCOLN","EXPEDITION, NAVIGATOR","2018, 2019, 2020, 2021, 2022",SEAT BELTS:PRETENSIONER,20260527,,419967,ODI,No,No
26V343000,https://www.nhtsa.gov/vehicle/recalls#?nhtsaId=26V343000,FORD,"BRONCO, EXPLORER, RANGER","2025, 2026",ENGINE AND ENGINE COOLING:ENGINE:HARD PARTS INTERNAL/MECHANICAL,20260527,,1536,MFR,No,No
26V341000,https://www.nhtsa.gov/vehicle/recalls#?nhtsaId=26V341000,"LEXUS, TOYOTA","GX, LAND CRUISER HYBRID, MIRAI, UX HYBRID","2024, 2025",ELECTRICAL SYSTEM: INSTRUMENT CLUSTER/PANEL,20260527,20260723,81893,MFR,No,No
26V340000,https://www.nhtsa.gov/vehicle/recalls#?nhtsaId=26V340000,FORD,"BRONCO SPORT, MAVERICK","2021, 2022, 2023, 2024, 2025, 2026",SUSPENSION:FRONT:CONTROL ARM:LOWER BALL JOINT,20260527,,4653,MFR,Yes,No
26V335000,https://www.nhtsa.gov/vehicle/recalls#?nhtsaId=26V335000,FORD,"BRONCO, RANGER",2026,EQUIPMENT:OTHER:LABELS,20260526,20260603,268,MFR,No,No
26V327000,https://www.nhtsa.gov/vehicle/recalls#?nhtsaId=26V327000,"CHRYSLER, JEEP, RAM","1500, 2500, PACIFICA, WRANGLER","2019, 2023, 2024, 2025",BACK OVER PREVENTION: SENSING SYSTEM: CAMERA,20260521,20260716,16,MFR,No,No
26V325000,https://www.nhtsa.gov/vehicle/recalls#?nhtsaId=26V325000,"CHEVROLET, GMC","SIERRA 1500, SIERRA 2500, SIERRA 3500, SILVERADO 1500, SILVERADO 2500, SILVERADO 3500","2018, 2019",AIR BAGS,20260521,20260624,4315,MFR,No,No
26V326000,https://www.nhtsa.gov/vehicle/recalls#?nhtsaId=26V326000,JEEP,"GRAND WAGONEER, GRAND WAGONEER L",2026,BACK OVER PREVENTION: SENSING SYSTEM: CAMERA,20260521,20260609,59,MFR,No,No
26V332000,https://www.nhtsa.gov/vehicle/recalls#?nhtsaId=26V332000,"ACURA, HONDA","ACCORD, ACCORD HYBRID, CIVIC, CIVIC HATCHBACK, CIVIC TYPE R, CR-V, CR-V HYBRID, FIT, HR-V, INSIGHT, MDX, ODYSSEY, PASSPORT, PILOT, RDX, RIDGELINE, TLX","2016, 2017, 2018, 2019, 2020, 2021, 2022, 2023, 2024, 2025, 2026",AIR BAGS:SENSOR:OCCUPANT CLASSIFICATION:FRONT PASSENGER,20260521,20260706,98892,MFR,No,No
26V328000,https://www.nhtsa.gov/vehicle/recalls#?nhtsaId=26V328000,JEEP,"GRAND CHEROKEE, GRAND CHEROKEE L","2022, 2023, 2024, 2025, 2026",AIR BAGS: AIR BAG/RESTRAINT CONTROL MODULE:SOFTWARE,20260521,20260618,419035,MFR,No,No
26V329000,https://www.nhtsa.gov/vehicle/recalls#?nhtsaId=26V329000,CADILLAC,"ATS, CTS, ESCALADE, ESCALADE ESV, SRX, XTS","2015, 2016",AIR BAGS:FRONTAL:DRIVER SIDE:INFLATOR MODULE,20260521,20270816,5014,MFR,No,No
26V321000,https://www.nhtsa.gov/vehicle/recalls#?nhtsaId=26V321000,VOLKSWAGEN,TIGUAN,2024,BACK OVER PREVENTION:SOFTWARE,20260520,20260604,8,MFR,No,No
26V320000,https://www.nhtsa.gov/vehicle/recalls#?nhtsaId=26V320000,TOYOTA,TUNDRA,2024,ENGINE AND ENGINE COOLING:ENGINE:HARD PARTS INTERNAL/MECHANICAL,20260520,,43566,MFR,No,No
26V318000,https://www.nhtsa.gov/vehicle/recalls#?nhtsaId=26V318000,FORD,ODYSSEY,2026,EQUIPMENT ADAPTIVE/MOBILITY:WHEELCHAIR RESTRAINTS/SECUREMENT:CRITICAL FASTENERS,20260520,,6,MFR,No,No
26V316000,https://www.nhtsa.gov/vehicle/recalls#?nhtsaId=26V316000,HYUNDAI,"SANTA CRUZ, TUCSON, TUCSON HYBRID, TUCSON PLUG-IN HYBRID","2025, 2026",FORWARD COLLISION AVOIDANCE: AUTOMATIC EMERGENCY BRAKING,20260518,20260622,423062,ODI,No,No
26V315000,https://www.nhtsa.gov/vehicle/recalls#?nhtsaId=26V315000,TESLA,MODEL Y,"2025, 2026",EQUIPMENT:OTHER:LABELS,20260518,20260717,14575,MFR,No,No
26V314000,https://www.nhtsa.gov/vehicle/recalls#?nhtsaId=26V314000,HYUNDAI,"IONIQ 5, IONIQ 9","2025, 2026",SUSPENSION:CRITICAL FASTENERS,20260518,20260716,172,MFR,No,No
26V308000,https://www.nhtsa.gov/vehicle/recalls#?nhtsaId=26V308000,HYUNDAI,ELANTRA HYBRID,"2024, 2025, 2026",ELECTRICAL SYSTEM:PROPULSION SYSTEM:HYBRID MANAGEMENT:POWER CONTROL UNIT/MODULE (HPCU),20260514,20260703,54337,MFR,No,No
26V307000,https://www.nhtsa.gov/vehicle/recalls#?nhtsaId=26V307000,HYUNDAI,"ELANTRA, ELANTRA GT","2015, 2016",AIR BAGS:FRONTAL:DRIVER SIDE:INFLATOR MODULE,20260514,20260729,3493,ODI,No,No
26V306000,https://www.nhtsa.gov/vehicle/recalls#?nhtsaId=26V306000,"ACURA, HONDA","PROLOGUE, ZDX","2024, 2025",BACK OVER PREVENTION: SENSING SYSTEM: CAMERA,20260514,,59887,ODI,No,No
26V305000,https://www.nhtsa.gov/vehicle/recalls#?nhtsaId=26V305000,BMW,C EVOLUTION,"2017, 2018",ELECTRICAL SYSTEM:WIRING:CONNECTORS/PLUGS/RECEPTACLES,20260514,20260713,116,MFR,No,No
26V304000,https://www.nhtsa.gov/vehicle/recalls#?nhtsaId=26V304000,"CADILLAC, CHEVROLET, GMC","ESCALADE, ESCALADE ESV, SUBURBAN 1500, TAHOE, YUKON, YUKON XL","2025, 2026",WHEELS:HUB,20260514,20260618,2457,MFR,No,No
26V301000,https://www.nhtsa.gov/vehicle/recalls#?nhtsaId=26V301000,"FORD, LINCOLN","CORSAIR, ESCAPE",2026,POWER TRAIN:AUTOMATIC TRANSMISSION:INTERNAL:PARK PAWL,20260512,,208,MFR,No,No
26V299000,https://www.nhtsa.gov/vehicle/recalls#?nhtsaId=26V299000,FORD,BRONCO,"2021, 2022",STRUCTURE:BODY:ROOF AND PILLARS,20260512,,16200,ODI,No,No
26V296000,https://www.nhtsa.gov/vehicle/recalls#?nhtsaId=26V296000,CHRYSLER,PACIFICA,"2023, 2024, 2025, 2026",EQUIPMENT ADAPTIVE/MOBILITY:WHEELCHAIR RESTRAINTS/SECUREMENT:CRITICAL FASTENERS,20260511,20260616,476,MFR,No,No
26V290000,https://www.nhtsa.gov/vehicle/recalls#?nhtsaId=26V290000,JEEP,CHEROKEE,"2019, 2020, 2021, 2022, 2023",POWER TRAIN,20260507,,61711,ODI,No,No
26V288000,https://www.nhtsa.gov/vehicle/recalls#?nhtsaId=26V288000,RAM,2500,"2023, 2024, 2025, 2026",POWER TRAIN:AUTOMATIC TRANSMISSION:CONTROL MODULE (TCM/PCM/TECM),20260507,20260521,12736,MFR,No,No
26V289000,https://www.nhtsa.gov/vehicle/recalls#?nhtsaId=26V289000,"CADILLAC, CHEVROLET, GMC","ESCALADE, ESCALADE ESV, SIERRA 1500, SILVERADO 1500, SUBURBAN, SUBURBAN 1500, TAHOE, YUKON, YUKON XL","2015, 2016, 2017, 2018, 2019, 2020, 2026",POWER TRAIN:TRANSFER CASE (4-WHEEL DRIVE),20260507,20260518,66,MFR,Yes,No
26V283000,https://www.nhtsa.gov/vehicle/recalls#?nhtsaId=26V283000,TESLA,"MODEL 3, MODEL S, MODEL X, MODEL Y","2017, 2020, 2021, 2022, 2023",BACK OVER PREVENTION:SOFTWARE,20260504,20260703,218868,MFR,No,No
26V282000,https://www.nhtsa.gov/vehicle/recalls#?nhtsaId=26V282000,TOYOTA,4RUNNER,2026,EQUIPMENT:OTHER:LABELS,20260504,20260618,94,MFR,No,No
26V281000,https://www.nhtsa.gov/vehicle/recalls#?nhtsaId=26V281000,MERCEDES-BENZ,"AMG C43 4MATIC, AMG C63 S E 4MATIC+, AMG C63 S E PERFORMANCE 4MATIC+, AMG CLE53 4MATIC, AMG CLE53 4MATIC CABRIOLET, AMG CLE53 4MATIC+, AMG CLE53 4MATIC+ CABRIOLET, AMG E 53 4MATIC+ , AMG E 53 4MATIC+ WAGON, AMG E 53 E 4MATIC+ , AMG GLC43, AMG GLC43 4MATIC COUPE, AMG GLC43 COUPE, AMG GLC63 S E 4MATIC+, AMG GLC63 S E 4MATIC+ COUPE, AMG GT43, AMG SL43, AMG SL55 4MATIC+, AMG SL63 4MATIC+, AMG SL63 S E PERFORMANCE 4MATIC+, C 300, C 300 4MATIC, CLE 300 4MATIC, CLE 300 4MATIC CABRIOLET, CLE 450 4MATIC, CLE 450 4MATIC CABRIOLET, E 350, E 350 4MATIC, E 450 4MATIC, E 450 4MATIC ALL-TERRAIN, GLC 300, GLC 300 4MATIC, GLC 300 4MATIC COUPE, GLC 350 E 4MATIC","2024, 2025, 2026",ELECTRICAL SYSTEM: INSTRUMENT CLUSTER/PANEL,20260501,20260629,144049,ODI,No,No
26V280000,https://www.nhtsa.gov/vehicle/recalls#?nhtsaId=26V280000,RAM,PROMASTER,2026,SEATS:MID/REAR ASSEMBLY,20260501,,14,MFR,No,No
26V278000,https://www.nhtsa.gov/vehicle/recalls#?nhtsaId=26V278000,MERCEDES-BENZ,"CLA 250+ (EV), CLA 350 4MATIC (EV)",2026,SEAT BELTS:FRONT:RETRACTOR,20260501,20260724,15,MFR,No,No
26V268000,https://www.nhtsa.gov/vehicle/recalls#?nhtsaId=26V268000,FORD,"BRONCO, RANGER","2024, 2025, 2026",SEATS:CRITICAL FASTENERS,20260428,20260522,179698,MFR,No,No
26V266000,https://www.nhtsa.gov/vehicle/recalls#?nhtsaId=26V266000,AUDI,"Q5, Q5 SPORTBACK, SQ5, SQ5 SPORTBACK",2025,SEAT BELTS:PRETENSIONER,20260424,20260529,7425,MFR,No,No
26V262000,https://www.nhtsa.gov/vehicle/recalls#?nhtsaId=26V262000,"DODGE, JEEP","CHARGER EV, WAGONEER S","2024, 2025",ELECTRICAL SYSTEM: INSTRUMENT CLUSTER/PANEL,20260423,20260514,20271,MFR,No,No
26V258000,https://www.nhtsa.gov/vehicle/recalls#?nhtsaId=26V258000,VOLKSWAGEN,TAOS,"2025, 2026","FUEL SYSTEM, GASOLINE:DELIVERY:PRESSURE SENSOR",20260422,20260604,38710,MFR,No,No
26V256000,https://www.nhtsa.gov/vehicle/recalls#?nhtsaId=26V256000,TOYOTA,RAV4,2025,SEATS:CRITICAL FASTENERS,20260422,20260619,4,MFR,No,No
26V255000,https://www.nhtsa.gov/vehicle/recalls#?nhtsaId=26V255000,TESLA,CYBERTRUCK,"2024, 2025, 2026",WHEELS:LUGS/NUTS/BOLTS/STUDS,20260421,20260620,173,MFR,No,No
26V254000,https://www.nhtsa.gov/vehicle/recalls#?nhtsaId=26V254000,HYUNDAI,"ELANTRA, ELANTRA N, TUCSON, TUCSON HYBRID, TUCSON PLUG-IN HYBRID","2025, 2026",AIR BAGS:SENSOR:SIDE IMPACT,20260420,20260611,2931,MFR,No,No
26V244000,https://www.nhtsa.gov/vehicle/recalls#?nhtsaId=26V244000,RAM,2500,2026,ELECTRONIC STABILITY CONTROL (ESC):CONTROL MODULE,20260416,20260507,6605,MFR,No,No
26V240000,https://www.nhtsa.gov/vehicle/recalls#?nhtsaId=26V240000,AUDI,"E-TRON QUATTRO, E-TRON SPORTBACK, Q8 SPORTBACK E-TRON, SQ8 E-TRON, SQ8 SPORTBACK E-TRON","2020, 2021, 2022, 2023, 2024","SERVICE BRAKES, HYDRAULIC:PEDALS AND LINKAGES",20260415,20260428,18853,MFR,No,No
26V236000,https://www.nhtsa.gov/vehicle/recalls#?nhtsaId=26V236000,FORD,BRONCO,"2021, 2022, 2023, 2024, 2025",POWER TRAIN:AUTOMATIC TRANSMISSION,20260414,20260709,4922,MFR,No,No
26V235000,https://www.nhtsa.gov/vehicle/recalls#?nhtsaId=26V235000,FORD,"F-53, F-59","2025, 2026",WHEELS:HUB,20260414,20260504,4351,ODI,No,No
26V238000,https://www.nhtsa.gov/vehicle/recalls#?nhtsaId=26V238000,FORD,RANGER,"2024, 2025, 2026",ELECTRICAL SYSTEM,20260414,,140201,MFR,No,No
26V237000,https://www.nhtsa.gov/vehicle/recalls#?nhtsaId=26V237000,FORD,F-150,"2015, 2016, 2017",POWER TRAIN:AUTOMATIC TRANSMISSION,20260414,20260724,1392935,ODI,No,No
26V239000,https://www.nhtsa.gov/vehicle/recalls#?nhtsaId=26V239000,FORD,"BRONCO SPORT, MAVERICK","2025, 2026",EQUIPMENT:ELECTRICAL:ENGINE BLOCK HEATER,20260414,20260610,55,MFR,No,No
26V232000,https://www.nhtsa.gov/vehicle/recalls#?nhtsaId=26V232000,KIA,CARNIVAL,"2022, 2023, 2024, 2025, 2026","FUEL SYSTEM, GASOLINE:DELIVERY:HOSES, LINES/PIPING, AND FITTINGS",20260410,20260602,141032,MFR,No,No
26V229000,https://www.nhtsa.gov/vehicle/recalls#?nhtsaId=26V229000,GENESIS,"G80, G90, GV70, GV80","2021, 2022, 2023, 2024, 2025, 2026","FUEL SYSTEM, GASOLINE:DELIVERY:HOSES, LINES/PIPING, AND FITTINGS",20260410,20260720,94760,MFR,No,No
26V227000,https://www.nhtsa.gov/vehicle/recalls#?nhtsaId=26V227000,HONDA,ODYSSEY,"2018, 2019, 2020, 2021, 2022",AIR BAGS: AIR BAG/RESTRAINT CONTROL MODULE:SOFTWARE,20260409,20260526,440830,ODI,No,No
26V225000,https://www.nhtsa.gov/vehicle/recalls#?nhtsaId=26V225000,RAM,"1500, 2500, 3500, 4500, 5500","2025, 2026",ELECTRICAL SYSTEM: INSTRUMENT CLUSTER/PANEL,20260409,20260505,65348,MFR,No,No
26V224000,https://www.nhtsa.gov/vehicle/recalls#?nhtsaId=26V224000,JEEP,WRANGLER,2026,CHILD SEAT:VEHICLE TETHER ANCHOR,20260409,20260529,32,MFR,No,No
26V223000,https://www.nhtsa.gov/vehicle/recalls#?nhtsaId=26V223000,JEEP,CHEROKEE,2026,"SERVICE BRAKES, HYDRAULIC:ANTILOCK/TRACTION CONTROL/ELECTRONIC LIMITED SLIP:CONTROL UNIT/MODULE ",20260409,20260428,241,MFR,No,No
26V222000,https://www.nhtsa.gov/vehicle/recalls#?nhtsaId=26V222000,LEXUS,"GS, IS, RC","2015, 2016, 2017, 2018, 2019, 2020, 2021, 2022","FUEL SYSTEM, GASOLINE:DELIVERY:FUEL PUMP",20260408,,9139,MFR,No,No
26V218000,https://www.nhtsa.gov/vehicle/recalls#?nhtsaId=26V218000,"GENESIS, HYUNDAI","G90, IONIQ 6, SANTA FE, SANTA FE HYBRID","2023, 2024, 2025, 2026",SEAT BELTS:FRONT:ANCHORAGE,20260406,20260529,294448,ODI,No,No
26V216000,https://www.nhtsa.gov/vehicle/recalls#?nhtsaId=26V216000,MERCEDES-BENZ,"E 400 4MATIC, E 400 4MATIC CABRIOLET, E 400 4MATIC COUPE, E 400 4MATIC WAGON, E 450 4MATIC, E 450 4MATIC CABRIOLET, E 450 4MATIC COUPE, E 450 4MATIC WAGON, S 450 4MATIC, S 560 4MATIC, S 560 4MATIC COUPE","2018, 2019, 2020",POWER TRAIN:DRIVELINE:UNIVERSAL JOINT,20260403,,24092,MFR,No,No
26V214000,https://www.nhtsa.gov/vehicle/recalls#?nhtsaId=26V214000,BMW,"K 1600 B, K 1600 GRAND AMERICA, K 1600 GT, K 1600 GTL","2017, 2018, 2019, 2020, 2021, 2022, 2023, 2024, 2025",POWER TRAIN:MANUAL TRANSMISSION:SEALS/GASKETS,20260402,,9160,MFR,No,No
26V213000,https://www.nhtsa.gov/vehicle/recalls#?nhtsaId=26V213000,CHEVROLET,"CORVETTE, CORVETTE CONVERTIBLE, CORVETTE CONVERTIBLE E-RAY, CORVETTE COUPE, CORVETTE COUPE E-RAY, CORVETTE E-RAY","2025, 2026",EXTERIOR LIGHTING:LIGHTING CONTROL MODULE:SOFTWARE,20260402,20260508,32988,MFR,No,No
26V212000,https://www.nhtsa.gov/vehicle/recalls#?nhtsaId=26V212000,CHEVROLET,MALIBU,"2023, 2024, 2025",BACK OVER PREVENTION: SENSING SYSTEM: CAMERA,20260402,20260520,276879,MFR,No,No
26V209000,https://www.nhtsa.gov/vehicle/recalls#?nhtsaId=26V209000,AUDI,Q3,2026,VISIBILITY:SUN/MOON ROOF ASSEMBLY,20260401,20260422,6077,MFR,No,No
26V203000,https://www.nhtsa.gov/vehicle/recalls#?nhtsaId=26V203000,TOYOTA,COROLLA CROSS HYBRID,"2023, 2024, 2025",BACK OVER PREVENTION:WARNINGS:EXTERNAL/PEDESTRIAN ALERT,20260331,20260827,73528,MFR,No,No
26V202000,https://www.nhtsa.gov/vehicle/recalls#?nhtsaId=26V202000,"FORD, LINCOLN","AVIATOR, EXPLORER",2026,VISIBILITY:DEFROSTER/DEFOGGER/HVAC SYSTEM:FAN/MOTOR,20260331,20260410,55,MFR,No,No
26V201000,https://www.nhtsa.gov/vehicle/recalls#?nhtsaId=26V201000,FORD,"BRONCO SPORT, MAVERICK","2025, 2026",AIR BAGS:SENSOR:OCCUPANT CLASSIFICATION:FRONT PASSENGER,20260331,20260625,3170,MFR,No,No
26V204000,https://www.nhtsa.gov/vehicle/recalls#?nhtsaId=26V204000,"FORD, LINCOLN","EXPEDITION, F-250 SD, F-350 SD, F-450 SD, F-550 SD, F-600 SD, NAVIGATOR","2021, 2022, 2023",VISIBILITY:WINDSHIELD WIPER/WASHER:LINKAGES,20260331,20260805,422613,MFR,No,No
26V205000,https://www.nhtsa.gov/vehicle/recalls#?nhtsaId=26V205000,FORD,"EXPLORER, MUSTANG",2026,ENGINE AND ENGINE COOLING:ENGINE:HARD PARTS INTERNAL/MECHANICAL,20260331,20260410,278,MFR,No,No
26V199000,https://www.nhtsa.gov/vehicle/recalls#?nhtsaId=26V199000,MERCEDES-BENZ,"GLE 350 4MATIC, GLE 450 4MATIC",2026,AIR BAGS:PASSENGER SIDE FRONTAL:CUSHION,20260327,20260612,932,MFR,No,No
26V198000,https://www.nhtsa.gov/vehicle/recalls#?nhtsaId=26V198000,MERCEDES-BENZ,G 580 EV,2025,WHEELS:LUGS/NUTS/BOLTS/STUDS,20260327,20260626,3734,MFR,No,No
26V194000,https://www.nhtsa.gov/vehicle/recalls#?nhtsaId=26V194000,HONDA,CB1000SP,2025,"FUEL SYSTEM, GASOLINE:DELIVERY:HOSES, LINES/PIPING, AND FITTINGS",20260326,20260514,429,MFR,No,No
26V189000,https://www.nhtsa.gov/vehicle/recalls#?nhtsaId=26V189000,CHRYSLER,"PACIFICA, VOYAGER","2022, 2023, 2024, 2025, 2026",AIR BAGS:SIDE/WINDOW:CURTAIN,20260326,20260514,293264,MFR,No,No
26V185000,https://www.nhtsa.gov/vehicle/recalls#?nhtsaId=26V185000,VOLKSWAGEN,"JETTA, TAOS",2025,ELECTRICAL SYSTEM: INSTRUMENT CLUSTER/PANEL,20260325,20260521,75323,MFR,No,No
26V180000,https://www.nhtsa.gov/vehicle/recalls#?nhtsaId=26V180000,LEXUS,LX,"2022, 2023, 2024",AIR BAGS:SENSOR:OCCUPANT CLASSIFICATION:FRONT PASSENGER,20260324,,15264,MFR,No,No
26V179000,https://www.nhtsa.gov/vehicle/recalls#?nhtsaId=26V179000,"LEXUS, TOYOTA","CROWN SIGNIA, GRAND HIGHLANDER, GRAND HIGHLANDER HYBRID, GX, LAND CRUISER HYBRID, NX HYBRID, RAV4 HYBRID, SEQUOIA HYBRID, TACOMA, TACOMA HYBRID, TUNDRA, TUNDRA HYBRID, TX, TX HYBRID, redundant TUNDRA HYBRID","2024, 2025, 2026",EQUIPMENT:OTHER:LABELS,20260324,20260522,8230,MFR,No,No
26V173000,https://www.nhtsa.gov/vehicle/recalls#?nhtsaId=26V173000,KIA,TELLURIDE HYBRID,2027,SEATS:MID/REAR ASSEMBLY:POWER ADJUST,20260320,20260420,568,MFR,No,No
26V172000,https://www.nhtsa.gov/vehicle/recalls#?nhtsaId=26V172000,MERCEDES-BENZ,"AMG GLC43 4MATIC, GLC 300, GLC 300 4MATIC, GLC 300 4MATIC COUPE",2026,SEAT BELTS:REAR/OTHER,20260320,20260515,20,MFR,No,No
26V169000,https://www.nhtsa.gov/vehicle/recalls#?nhtsaId=26V169000,HYUNDAI,"PALISADE, PALISADE HYBRID",2026,SEAT BELTS:STATUS INDICATOR SWITCH,20260319,20260508,46787,MFR,No,No
26V166000,https://www.nhtsa.gov/vehicle/recalls#?nhtsaId=26V166000,"CHEVROLET, GMC","SIERRA 1500, SIERRA 2500, SIERRA 3500, SILVERADO 1500, SILVERADO 2500, SILVERADO 3500","2018, 2019",AIR BAGS,20260319,20260416,2819,MFR,No,No
26V165000,https://www.nhtsa.gov/vehicle/recalls#?nhtsaId=26V165000,"FORD, LINCOLN","AVIATOR, EXPLORER, NAUTILUS, NAVIGATOR","2022, 2023, 2024, 2025",ELECTRICAL SYSTEM:ADAS,20260318,20260413,254640,ODI,No,No
26V162000,https://www.nhtsa.gov/vehicle/recalls#?nhtsaId=26V162000,LEXUS,"NX, RX, TX","2022, 2023, 2024, 2025, 2026",BACK OVER PREVENTION:SOFTWARE,20260318,20260515,144200,MFR,No,No
26V157000,https://www.nhtsa.gov/vehicle/recalls#?nhtsaId=26V157000,FORD,MAVERICK,"2025, 2026",VISIBILITY:SUN/MOON ROOF ASSEMBLY,20260317,20260417,323,MFR,No,No
26V155000,https://www.nhtsa.gov/vehicle/recalls#?nhtsaId=26V155000,FORD,"F-53, F-59","2025, 2026",EXTERIOR LIGHTING:BRAKE LIGHTS,20260317,20260327,2422,MFR,No,No
26V158000,https://www.nhtsa.gov/vehicle/recalls#?nhtsaId=26V158000,FORD,"F-250 SD, F-350 SD, F-450 SD, F-550 SD, F-600 SD, F-750","2020, 2021, 2022","FUEL SYSTEM, DIESEL:DELIVERY:FUEL PUMP",20260317,20260407,9839,MFR,No,No
26V159000,https://www.nhtsa.gov/vehicle/recalls#?nhtsaId=26V159000,"FORD, LINCOLN","AVIATOR, EXPLORER","2020, 2021, 2022, 2023, 2024, 2025, 2026",SEAT BELTS,20260317,20260330,561,MFR,No,No
26V160000,https://www.nhtsa.gov/vehicle/recalls#?nhtsaId=26V160000,HYUNDAI,"PALISADE, PALISADE HYBRID",2026,SEATS:MID/REAR ASSEMBLY:POWER ADJUST,20260317,20260508,61307,MFR,No,No
26V146000,https://www.nhtsa.gov/vehicle/recalls#?nhtsaId=26V146000,HONDA,"CMX300, CMX500, SCL500","2023, 2024, 2025",STEERING:CRITICAL FASTENERS,20260312,20260501,19406,MFR,No,No
26V141000,https://www.nhtsa.gov/vehicle/recalls#?nhtsaId=26V141000,JEEP,WAGONEER S,"2024, 2025, 2026",STRUCTURE:BODY:HATCHBACK/LIFTGATE:HINGE AND ATTACHMENTS,20260312,20260501,11767,MFR,No,No
26V138000,https://www.nhtsa.gov/vehicle/recalls#?nhtsaId=26V138000,VOLKSWAGEN,JETTA,"2025, 2026",ELECTRICAL SYSTEM:WIRING,20260311,20260331,48165,MFR,No,No
26V135000,https://www.nhtsa.gov/vehicle/recalls#?nhtsaId=26V135000,KIA,"K4, TELLURIDE","2026, 2027",SEAT BELTS:REAR/OTHER:ANCHORAGE,20260306,20260505,14870,MFR,No,No
26V134000,https://www.nhtsa.gov/vehicle/recalls#?nhtsaId=26V134000,MERCEDES-BENZ,GLA 250,2026,LATCHES/LOCKS/LINKAGES:DOORS:LATCH,20260306,20260501,10,MFR,No,No
26V129000,https://www.nhtsa.gov/vehicle/recalls#?nhtsaId=26V129000,"CHEVROLET, GMC","SIERRA 3500, SILVERADO 3500","2025, 2026","FUEL SYSTEM, GASOLINE:DELIVERY:FUEL PUMP:CONTROL/DRIVE MODULE",20260305,20260408,11807,MFR,No,No
26V128000,https://www.nhtsa.gov/vehicle/recalls#?nhtsaId=26V128000,TOYOTA,"HIGHLANDER, HIGHLANDER HYBRID","2021, 2022, 2023, 2024",SEATS:MID/REAR ASSEMBLY:RECLINER,20260305,,550007,MFR,No,No
26V127000,https://www.nhtsa.gov/vehicle/recalls#?nhtsaId=26V127000,"CHEVROLET, GMC","EXPRESS, SAVANA","2025, 2026",TIRES:SIDEWALL,20260305,20260327,857,MFR,No,No
26V125000,https://www.nhtsa.gov/vehicle/recalls#?nhtsaId=26V125000,AUDI,"A6, A7, Q8",2019,LANE DEPARTURE:SOFTWARE,20260304,20260313,1620,MFR,No,No
26V120000,https://www.nhtsa.gov/vehicle/recalls#?nhtsaId=26V120000,LINCOLN,NAVIGATOR,2026,SEATS:FRONT ASSEMBLY:POWER ADJUST,20260303,20260313,1189,MFR,No,No
26V118000,https://www.nhtsa.gov/vehicle/recalls#?nhtsaId=26V118000,FORD,"E-350, E-450","2026, 2027",BACK OVER PREVENTION:WARNINGS:EXTERNAL/PEDESTRIAN ALERT,20260303,20260317,316,ODI,No,No
26V119000,https://www.nhtsa.gov/vehicle/recalls#?nhtsaId=26V119000,FORD,"F-250 SD, F-350 SD","2025, 2026",POWER TRAIN:AXLE ASSEMBLY:AXLE SHAFT,20260303,20260406,11431,MFR,No,No
26V117000,https://www.nhtsa.gov/vehicle/recalls#?nhtsaId=26V117000,"FORD, LINCOLN","AVIATOR, CORSAIR, ESCAPE, EXPLORER","2020, 2021, 2022",VISIBILITY:WINDSHIELD WIPER/WASHER:MOTOR,20260303,,604533,MFR,No,No
26V121000,https://www.nhtsa.gov/vehicle/recalls#?nhtsaId=26V121000,FORD,EXPLORER,"2025, 2026",EXTERIOR LIGHTING:HEADLIGHTS,20260303,20260323,35772,MFR,No,No
26V123000,https://www.nhtsa.gov/vehicle/recalls#?nhtsaId=26V123000,"FORD, LINCOLN","AVIATOR, CORSAIR, ESCAPE, EXPLORER","2020, 2021, 2022, 2023, 2024",BACK OVER PREVENTION:SOFTWARE,20260303,20260623,889950,MFR,No,No
26V122000,https://www.nhtsa.gov/vehicle/recalls#?nhtsaId=26V122000,"FORD, LINCOLN","BRONCO, BRONCO SPORT, CORSAIR, ESCAPE, EXPLORER, MAVERICK, MUSTANG, NAUTILUS, RANGER",2025,ENGINE AND ENGINE COOLING:EXHAUST SYSTEM:EMISSION CONTROL:GAS RECIRCULATION VALVE (EGR VALVE),20260303,20260731,47804,MFR,No,No
26V124000,https://www.nhtsa.gov/vehicle/recalls#?nhtsaId=26V124000,FORD,"BRONCO, EDGE","2021, 2022, 2023, 2024, 2025, 2026",BACK OVER PREVENTION:SOFTWARE,20260303,20260413,849310,MFR,No,No
26V113000,https://www.nhtsa.gov/vehicle/recalls#?nhtsaId=26V113000,BUICK,REGAL,"2012, 2013",SUSPENSION:REAR,20260226,20260403,17050,MFR,No,No
26V112000,https://www.nhtsa.gov/vehicle/recalls#?nhtsaId=26V112000,"ACURA, HONDA","PROLOGUE, ZDX",2024,BACK OVER PREVENTION:SOFTWARE,20260226,20260420,65135,ODI,No,No
26V115000,https://www.nhtsa.gov/vehicle/recalls#?nhtsaId=26V115000,BMW,S 1000 RR,2026,EXTERIOR LIGHTING:TURN SIGNAL:SWITCH,20260226,,1,MFR,No,No
26V114000,https://www.nhtsa.gov/vehicle/recalls#?nhtsaId=26V114000,"BUICK, CADILLAC, CHEVROLET, GMC","ACADIA, BLAZER EV, BOLT EV, CANYON, COLORADO, CORVETTE CONVERTIBLE, CORVETTE CONVERTIBLE E-RAY, CORVETTE COUPE, CT5, ENCLAVE, ENVISION, EQUINOX, EQUINOX EV, ESCALADE, ESCALADE ESV, ESCALADE IQ, ESCALADE IQL, HUMMER EV PICKUP, HUMMER EV SUV, LYRIQ, OPTIQ, SIERRA 1500, SIERRA 2500, SIERRA 3500, SIERRA EV, SILVERADO 1500, SILVERADO 2500, SILVERADO 3500, SILVERADO EV, SUBURBAN 1500, TAHOE, TERRAIN, TRAVERSE, VISTIQ, YUKON, YUKON XL","2025, 2026, 2027",EQUIPMENT:OTHER:OWNERS/SERVICE/OTHER MANUAL ,20260226,20260416,5861,MFR,No,No
26V110000,https://www.nhtsa.gov/vehicle/recalls#?nhtsaId=26V110000,TOYOTA,COROLLA,2026,EXTERIOR LIGHTING:HEADLIGHTS,20260225,20260420,86,MFR,No,No
26V105000,https://www.nhtsa.gov/vehicle/recalls#?nhtsaId=26V105000,KIA,TELLURIDE,2025,SEATS:FRONT ASSEMBLY:RECLINER,20260223,20260424,85515,MFR,No,No
26V104000,https://www.nhtsa.gov/vehicle/recalls#?nhtsaId=26V104000,"FORD, LINCOLN","E-TRANSIT, EXPEDITION, F-150, F-250 SD, F-350 SD, F-450 SD, F-550 SD, F-600 SD, MAVERICK, NAVIGATOR, RANGER","2021, 2022, 2023, 2024, 2025, 2026, 2027",EXTERIOR LIGHTING:TAIL LIGHTS,20260220,20260325,4381878,MFR,No,No
26V101000,https://www.nhtsa.gov/vehicle/recalls#?nhtsaId=26V101000,FORD,EXPLORER,"2017, 2018, 2019",SUSPENSION:REAR,20260220,20260316,412774,ODI,No,No
26V099000,https://www.nhtsa.gov/vehicle/recalls#?nhtsaId=26V099000,MERCEDES-BENZ,ESPRINTER,2025,BACK OVER PREVENTION:WARNINGS:EXTERNAL/PEDESTRIAN ALERT,20260220,20260327,117,MFR,No,No
26V096000,https://www.nhtsa.gov/vehicle/recalls#?nhtsaId=26V096000,BMW,"550E XDRIVE, 750E XDRIVE, I5 EDRIVE40, I5 M60 XDRIVE, I5 XDRIVE40, I7 EDRIVE50, I7 XDRIVE60, M5, M5 SPORTSWAGON","2023, 2024, 2025, 2026",ELECTRICAL SYSTEM:WIRING,20260219,20260416,58713,MFR,No,No
26V094000,https://www.nhtsa.gov/vehicle/recalls#?nhtsaId=26V094000,LEXUS,"LS HYBRID, LX","2025, 2026",POWER TRAIN:AUTOMATIC TRANSMISSION,20260218,20260409,4374,MFR,No,No
26V091000,https://www.nhtsa.gov/vehicle/recalls#?nhtsaId=26V091000,"FORD, LINCOLN","CORSAIR PHEV, ESCAPE PHEV","2022, 2023, 2024, 2025, 2026",ELECTRICAL SYSTEM:PROPULSION SYSTEM:TRACTION BATTERY,20260217,,25237,MFR,No,No
26V090000,https://www.nhtsa.gov/vehicle/recalls#?nhtsaId=26V090000,FORD,TRANSIT,2025,"SERVICE BRAKES, HYDRAULIC:PEDALS AND LINKAGES",20260217,20260224,15965,MFR,Yes,No
26V085000,https://www.nhtsa.gov/vehicle/recalls#?nhtsaId=26V085000,"CADILLAC, CHEVROLET, GMC","ESCALADE, ESCALADE ESV, SUBURBAN, TAHOE, YUKON, YUKON XL",2022,POWER TRAIN:AUTOMATIC TRANSMISSION:CONTROL MODULE:SOFTWARE,20260213,20260407,43743,MFR,No,No
26V083000,https://www.nhtsa.gov/vehicle/recalls#?nhtsaId=26V083000,"CHEVROLET, GMC","SIERRA 1500, SIERRA 2500, SIERRA 3500, SILVERADO 1500, SILVERADO 2500, SILVERADO 3500","2020, 2021, 2022",POWER TRAIN:AUTOMATIC TRANSMISSION:FLUID/LUBRICANT:VALVES/VALVE BODY,20260212,20260306,1055,MFR,No,No
26V082000,https://www.nhtsa.gov/vehicle/recalls#?nhtsaId=26V082000,CADILLAC,LYRIQ,2024,BACK OVER PREVENTION:SOFTWARE,20260212,20260316,22,MFR,No,No
26V070000,https://www.nhtsa.gov/vehicle/recalls#?nhtsaId=26V070000,MERCEDES-BENZ,METRIS,"2020, 2022, 2023",AIR BAGS: AIR BAG/RESTRAINT CONTROL MODULE,20260206,20260410,52360,MFR,No,No
26V073000,https://www.nhtsa.gov/vehicle/recalls#?nhtsaId=26V073000,MERCEDES-BENZ,"EQB 250+, EQB 300 4MATIC, EQB 350 4MATIC","2022, 2023, 2024",ELECTRICAL SYSTEM:PROPULSION SYSTEM:TRACTION BATTERY,20260206,,11895,MFR,No,Yes
26V069000,https://www.nhtsa.gov/vehicle/recalls#?nhtsaId=26V069000,HYUNDAI,KONA,2026,STEERING:LINKAGES:KNUCKLE:SPINDLE:ARM,20260205,20260305,4555,MFR,No,No
26V068000,https://www.nhtsa.gov/vehicle/recalls#?nhtsaId=26V068000,HYUNDAI,"IONIQ 5, IONIQ 9","2025, 2026",ELECTRICAL SYSTEM:PROPULSION SYSTEM:TRACTION BATTERY,20260205,20260403,27,MFR,No,No
26V064000,https://www.nhtsa.gov/vehicle/recalls#?nhtsaId=26V064000,BMW,"228I GRAN COUPE, 228I XDRIVE GRAN COUPE, M235I XDRIVE GRAN COUPE",2026,EXTERIOR LIGHTING,20260204,20260402,202,MFR,No,No
26V063000,https://www.nhtsa.gov/vehicle/recalls#?nhtsaId=26V063000,MERCEDES-BENZ,"TOURRIDER BUSINESS, TOURRIDER PREMIUM",2026,LATCHES/LOCKS/LINKAGES:DOORS:LATCH,20260204,20260402,51,MFR,No,No
26V062000,https://www.nhtsa.gov/vehicle/recalls#?nhtsaId=26V062000,FORD,E-TRANSIT,2026,ELECTRICAL SYSTEM:PROPULSION SYSTEM:TRACTION BATTERY,20260203,20260213,98,MFR,No,No
26V061000,https://www.nhtsa.gov/vehicle/recalls#?nhtsaId=26V061000,FORD,TRANSIT,"2023, 2024",STRUCTURE:FRAME AND MEMBERS,20260203,20260522,1403,MFR,No,No
26V059000,https://www.nhtsa.gov/vehicle/recalls#?nhtsaId=26V059000,"JEEP, RAM","1500, 2500, 3500, 4500, 5500, CHEROKEE, WAGONEER S","2024, 2025, 2026",ELECTRICAL SYSTEM: INTEGRATED TRAILER BRAKE CONTROL,20260202,20260317,456287,MFR,No,No
26V056000,https://www.nhtsa.gov/vehicle/recalls#?nhtsaId=26V056000,"BMW, TOYOTA","230I, 330I, 430I, 530I, SUPRA, X3, X4, Z4","2021, 2022, 2023, 2024",ELECTRICAL SYSTEM:STARTER ASSEMBLY,20260130,20260327,87394,MFR,No,No
26V054000,https://www.nhtsa.gov/vehicle/recalls#?nhtsaId=26V054000,"ACURA, HONDA","ACCORD, ACCORD HYBRID, HR-V, INTEGRA, PILOT","2023, 2024",SEATS:CRITICAL FASTENERS,20260129,20260309,32,MFR,No,No
26V051000,https://www.nhtsa.gov/vehicle/recalls#?nhtsaId=26V051000,JEEP,"GRAND CHEROKEE, GRAND CHEROKEE L","2021, 2022, 2023",SUSPENSION:REAR:SPRINGS:COIL SPRINGS,20260129,20260312,80620,ODI,No,No
26V049000,https://www.nhtsa.gov/vehicle/recalls#?nhtsaId=26V049000,TOYOTA,"PRIUS, PRIUS PLUG-IN HYBRID, PRIUS PRIME","2023, 2024, 2025, 2026",ELECTRICAL SYSTEM:WIRING:SWITCHES/KNOBS/BUTTONS,20260128,20260713,141286,MFR,No,No
26V047000,https://www.nhtsa.gov/vehicle/recalls#?nhtsaId=26V047000,HYUNDAI,"IONIQ 5, KONA, PALISADE, PALISADE HYBRID, SANTA CRUZ, SANTA FE, SANTA FE HYBRID, SONATA, SONATA HYBRID, TUCSON, TUCSON HYBRID, TUCSON PLUG-IN HYBRID","2025, 2026",ELECTRICAL SYSTEM: INSTRUMENT CLUSTER/PANEL,20260126,20260324,41651,MFR,No,No
26V046000,https://www.nhtsa.gov/vehicle/recalls#?nhtsaId=26V046000,KIA,"CARNIVAL, CARNIVAL HYBRID, EV9, K4, K5, SORENTO, SORENTO HYBRID, SORENTO PHEV, SPORTAGE, SPORTAGE HYBRID, SPORTAGE PHEV","2025, 2026",ELECTRICAL SYSTEM: INSTRUMENT CLUSTER/PANEL,20260126,20260313,42677,MFR,No,No
26V038000,https://www.nhtsa.gov/vehicle/recalls#?nhtsaId=26V038000,TOYOTA,"TUNDRA, TUNDRA HYBRID","2024, 2025",BACK OVER PREVENTION:SOFTWARE,20260123,20260323,161268,MFR,No,No
26E005000,https://www.nhtsa.gov/vehicle/recalls#?nhtsaId=26E005000,TOYOTA,"REAR COMBINATION LAMP LH, REAR COMBINATION LAMP RH",9999,EXTERIOR LIGHTING,20260123,20260319,79,MFR,No,No
26V034000,https://www.nhtsa.gov/vehicle/recalls#?nhtsaId=26V034000,HYUNDAI,PALISADE,"2020, 2021, 2022, 2023, 2024, 2025",AIR BAGS:SIDE/WINDOW:CURTAIN,20260122,20260626,568576,OVSC,No,No
26V031000,https://www.nhtsa.gov/vehicle/recalls#?nhtsaId=26V031000,CHEVROLET,BLAZER EV,"2024, 2025",PARKING BRAKE,20260122,20260225,20,MFR,No,No
26V024000,https://www.nhtsa.gov/vehicle/recalls#?nhtsaId=26V024000,FORD,EXPLORER,2026,VISIBILITY:WINDSHIELD,20260121,20260130,8,MFR,No,No
26V025000,https://www.nhtsa.gov/vehicle/recalls#?nhtsaId=26V025000,FORD,"F-53, F-59",2025,EXTERIOR LIGHTING:BACK UP LIGHTS:SWITCH,20260121,20260130,231,MFR,No,No
26V028000,https://www.nhtsa.gov/vehicle/recalls#?nhtsaId=26V028000,VOLKSWAGEN,ID.4,"2023, 2024",ELECTRICAL SYSTEM:PROPULSION SYSTEM:TRACTION BATTERY,20260121,20260318,670,MFR,No,Yes
26V030000,https://www.nhtsa.gov/vehicle/recalls#?nhtsaId=26V030000,VOLKSWAGEN,ID.4,"2023, 2024, 2025",ELECTRICAL SYSTEM:PROPULSION SYSTEM:TRACTION BATTERY,20260121,20260318,43881,MFR,No,No
26V019000,https://www.nhtsa.gov/vehicle/recalls#?nhtsaId=26V019000,GENESIS,"G80, G80 ELECTRIFIED, GV60, GV70, GV70 ELECTRIFIED, GV80","2025, 2026",ELECTRICAL SYSTEM: INSTRUMENT CLUSTER/PANEL,20260116,20260217,83877,ODI,No,No
26V012000,https://www.nhtsa.gov/vehicle/recalls#?nhtsaId=26V012000,FORD,"EXPLORER, FOCUS","2016, 2017, 2018, 2019, 2024",EQUIPMENT:ELECTRICAL:ENGINE BLOCK HEATER,20260115,,2403,MFR,No,No
26V011000,https://www.nhtsa.gov/vehicle/recalls#?nhtsaId=26V011000,"FORD, LINCOLN","ESCAPE, FOCUS, MKC","2013, 2014, 2015, 2016, 2017, 2018, 2019",EQUIPMENT:ELECTRICAL:ENGINE BLOCK HEATER,20260115,,116672,MFR,No,No
26V009000,https://www.nhtsa.gov/vehicle/recalls#?nhtsaId=26V009000,RIVIAN,"R1S, R1T","2022, 2023, 2024, 2025, 2026",SEAT BELTS:REAR/OTHER:RETRACTOR,20260115,20260302,869,MFR,No,No
26E003000,https://www.nhtsa.gov/vehicle/recalls#?nhtsaId=26E003000,FORD,ENGINE BLOCK HEATER,9999,EQUIPMENT:ELECTRICAL:ENGINE BLOCK HEATER,20260115,,2633,MFR,No,No
26V003000,https://www.nhtsa.gov/vehicle/recalls#?nhtsaId=26V003000,RIVIAN,"R1S, R1T","2022, 2023, 2024, 2025",SUSPENSION:CRITICAL FASTENERS,20260105,20260217,19641,ODI,No,No
25V911000,https://www.nhtsa.gov/vehicle/recalls#?nhtsaId=25V911000,HONDA,CBR650R,"2024, 2025",ELECTRICAL SYSTEM:WIRING,20251223,20260209,2155,MFR,No,No
25V906000,https://www.nhtsa.gov/vehicle/recalls#?nhtsaId=25V906000,BMW,I4 EDRIVE40,2025,ELECTRICAL SYSTEM:PROPULSION SYSTEM: CABLES,20251223,20260218,1,MFR,No,No
25V900000,https://www.nhtsa.gov/vehicle/recalls#?nhtsaId=25V900000,AUDI,"A6, A6 ALLROAD, A7, A8, E-TRON, E-TRON GT, E-TRON SPORTBACK, Q7, Q8, RS 6 AVANT, RS 7, RS E-TRON GT, RS Q8, S6, S7, S8, SQ7, SQ8","2019, 2020, 2021, 2022, 2023, 2024, 2025, 2026",BACK OVER PREVENTION: SENSING SYSTEM: CAMERA,20251219,20260114,356894,ODI,No,No
25V899000,https://www.nhtsa.gov/vehicle/recalls#?nhtsaId=25V899000,AUDI,"A5, A6, A6 SPORTBACK E-TRON, Q6 E-TRON, Q6 SPORTBACK E-TRON, S5, S6 SPORTBACK E-TRON, SQ6 E-TRON, SQ6 SPORTBACK E-TRON",2025,SEAT BELTS:REAR/OTHER:RETRACTOR,20251219,20260216,27768,MFR,No,No
25V896000,https://www.nhtsa.gov/vehicle/recalls#?nhtsaId=25V896000,PORSCHE,"911, CAYENNE, CAYENNE E-HYBRID, PANAMERA, PANAMERA 4 E-HYBRID, TAYCAN, redundant CAYENNE E-HYBRID","2019, 2020, 2021, 2022, 2023, 2024, 2025",BACK OVER PREVENTION: SENSING SYSTEM: CAMERA,20251219,20260213,172107,MFR,No,No
25V894000,https://www.nhtsa.gov/vehicle/recalls#?nhtsaId=25V894000,MERCEDES-BENZ,"EQB 250, EQB 300 4MATIC, EQB 350 4MATIC","2022, 2023",ELECTRICAL SYSTEM:PROPULSION SYSTEM:TRACTION BATTERY,20251219,20260206,169,MFR,No,Yes
25V886000,https://www.nhtsa.gov/vehicle/recalls#?nhtsaId=25V886000,FORD,EXPEDITION,2019,ELECTRICAL SYSTEM: INSTRUMENT CLUSTER/PANEL,20251218,20260130,890,MFR,No,No
25V878000,https://www.nhtsa.gov/vehicle/recalls#?nhtsaId=25V878000,CHEVROLET,EQUINOX EV,"2025, 2026",BACK OVER PREVENTION:WARNINGS:EXTERNAL/PEDESTRIAN ALERT,20251218,20260129,81177,MFR,No,No
25V881000,https://www.nhtsa.gov/vehicle/recalls#?nhtsaId=25V881000,FORD,"ESCAPE HYBRID, MAVERICK HYBRID","2020, 2022, 2023, 2024",POWER TRAIN:AUTOMATIC TRANSMISSION:CONTROL MODULE (TCM/PCM/TECM),20251218,20260212,87,MFR,No,No
25V882000,https://www.nhtsa.gov/vehicle/recalls#?nhtsaId=25V882000,RAM,"2500, 3500, 4500, 5500",2025,AIR BAGS: AIR BAG/RESTRAINT CONTROL MODULE,20251218,20260115,52565,MFR,No,No
25V884000,https://www.nhtsa.gov/vehicle/recalls#?nhtsaId=25V884000,FORD,MAVERICK,"2025, 2026",STRUCTURE:INTERIOR PANELS:DASHBOARD,20251218,20260325,6897,MFR,No,No
25V885000,https://www.nhtsa.gov/vehicle/recalls#?nhtsaId=25V885000,FORD,MUSTANG MACH E,"2025, 2026",EXTERIOR LIGHTING:LIGHTING CONTROL MODULE,20251218,20260128,45047,MFR,No,No
25V891000,https://www.nhtsa.gov/vehicle/recalls#?nhtsaId=25V891000,HONDA,CBR600RR,"2024, 2025, 2026",ENGINE AND ENGINE COOLING:ENGINE:HARD PARTS INTERNAL/MECHANICAL,20251218,,1337,MFR,No,No
25V887000,https://www.nhtsa.gov/vehicle/recalls#?nhtsaId=25V887000,FORD,TRANSIT,2022,BACK OVER PREVENTION:DISPLAY FUNCTION,20251218,20260205,2,MFR,No,No
25V888000,https://www.nhtsa.gov/vehicle/recalls#?nhtsaId=25V888000,FORD,BRONCO,"2021, 2022",BACK OVER PREVENTION: SENSING SYSTEM: CAMERA,20251218,20260128,35,MFR,No,No
25V892000,https://www.nhtsa.gov/vehicle/recalls#?nhtsaId=25V892000,HONDA,CB1000SP,2025,ENGINE AND ENGINE COOLING:ENGINE:HARD PARTS INTERNAL/MECHANICAL,20251218,,474,MFR,No,No
25V893000,https://www.nhtsa.gov/vehicle/recalls#?nhtsaId=25V893000,HYUNDAI,TUCSON,"2022, 2023, 2024",TRAILER HITCHES,20251218,20260511,51587,MFR,No,Yes
25V877000,https://www.nhtsa.gov/vehicle/recalls#?nhtsaId=25V877000,"CHRYSLER, HONDA, TOYOTA","ODYSSEY, PACIFICA, SIENNA HYBRID","2021, 2022, 2023, 2024, 2025, 2026",EQUIPMENT ADAPTIVE/MOBILITY:WHEELCHAIR RESTRAINTS/SECUREMENT:LATCH/ANCHOR: ,20251217,20260127,1019,MFR,No,No
25V876000,https://www.nhtsa.gov/vehicle/recalls#?nhtsaId=25V876000,"CHEVROLET, CHRYSLER, DODGE, FORD, GMC, HONDA, RAM, TOYOTA","E-250, EXPRESS 2500, GRAND CARAVAN, ODYSSEY, PACIFICA, PROMASTER, SIENNA, SIENNA HYBRID, SIERRA 1500, TOWN AND COUNTRY, TRANSIT, VOYAGER, YUKON","2010, 2011, 2012, 2013, 2014, 2015, 2016, 2017, 2018, 2019, 2020, 2021, 2022, 2023, 2024, 2025",EQUIPMENT ADAPTIVE/MOBILITY:WHEELCHAIR RESTRAINTS/SECUREMENT:LATCH/ANCHOR: ,20251217,20260205,86,MFR,No,No
25V874000,https://www.nhtsa.gov/vehicle/recalls#?nhtsaId=25V874000,KIA,"SPORTAGE, SPORTAGE PHEV","2023, 2024, 2025",TRAILER HITCHES,20251217,20260213,5046,MFR,No,No
25V872000,https://www.nhtsa.gov/vehicle/recalls#?nhtsaId=25V872000,TOYOTA,"HIGHLANDER, HIGHLANDER HYBRID","2024, 2025",SEAT BELTS:REAR/OTHER:ANCHORAGE,20251217,20260120,39,MFR,No,No
25V871000,https://www.nhtsa.gov/vehicle/recalls#?nhtsaId=25V871000,BMW,"228I, 320I, 328I, 335I, 428I, 435I, M235I","2014, 2015",AIR BAGS:SIDE/WINDOW:HEAD,20251217,20260212,851,MFR,No,No
25V869000,https://www.nhtsa.gov/vehicle/recalls#?nhtsaId=25V869000,TOYOTA,"CAMRY HYBRID, COROLLA CROSS HYBRID","2025, 2026",HYBRID PROPULSION SYSTEM: INVERTER,20251216,20260716,55405,MFR,No,No
25V864000,https://www.nhtsa.gov/vehicle/recalls#?nhtsaId=25V864000,MERCEDES-BENZ,GLE 350 4MATIC,"2025, 2026",SEAT BELTS:REAR/OTHER,20251212,20260206,82,MFR,No,No
25V860000,https://www.nhtsa.gov/vehicle/recalls#?nhtsaId=25V860000,FORD,E-TRANSIT,"2022, 2023, 2024, 2025",POWER TRAIN:AXLE ASSEMBLY:AXLE SHAFT,20251212,20260403,32160,MFR,No,No
25V862000,https://www.nhtsa.gov/vehicle/recalls#?nhtsaId=25V862000,"FORD, LINCOLN","CORSAIR, ESCAPE","2025, 2026",SEAT BELTS:REAR/OTHER:RETRACTOR,20251212,20251226,780,OVSC,No,No
25V863000,https://www.nhtsa.gov/vehicle/recalls#?nhtsaId=25V863000,FORD,"F-150 LIGHTNING BEV, MAVERICK, MUSTANG MACH E","2022, 2023, 2024, 2025, 2026",POWER TRAIN:AUTOMATIC TRANSMISSION:INTERNAL:PARK PAWL,20251212,20260203,272645,MFR,No,No
25V865000,https://www.nhtsa.gov/vehicle/recalls#?nhtsaId=25V865000,MERCEDES-BENZ,AMG E 53 4MATIC+ WAGON,2025,ELECTRICAL SYSTEM:WIRING,20251212,20260206,117,MFR,No,No
25V866000,https://www.nhtsa.gov/vehicle/recalls#?nhtsaId=25V866000,FORD,"F-250 SD, F-350 SD",2026,POWER TRAIN:AXLE ASSEMBLY:AXLE SHAFT,20251212,20260115,6819,MFR,No,No
25V859000,https://www.nhtsa.gov/vehicle/recalls#?nhtsaId=25V859000,ACURA,ILX,"2016, 2017, 2018, 2019, 2020","SERVICE BRAKES, HYDRAULIC:FOUNDATION COMPONENTS:MASTER CYLINDER",20251211,20260501,70658,ODI,No,No
25V858000,https://www.nhtsa.gov/vehicle/recalls#?nhtsaId=25V858000,HONDA,CR-V FUEL CELL EV,2025,ELECTRICAL SYSTEM:PROPULSION SYSTEM:FUEL CELL,20251211,20260202,388,MFR,No,No
25V857000,https://www.nhtsa.gov/vehicle/recalls#?nhtsaId=25V857000,BMW,X3,"2025, 2026",STEERING:LINKAGES:DRAG:POWER ASSIST SYSTEM,20251211,20260206,36922,MFR,No,No
25V856000,https://www.nhtsa.gov/vehicle/recalls#?nhtsaId=25V856000,GMC,CANYON,"2024, 2025, 2026",AIR BAGS:FRONTAL:PASSENGER SIDE:INFLATOR MODULE,20251211,20260130,1120,MFR,No,No
25V854000,https://www.nhtsa.gov/vehicle/recalls#?nhtsaId=25V854000,VOLKSWAGEN,TIGUAN,2025,AIR BAGS:SENSOR:OCCUPANT CLASSIFICATION:FRONT PASSENGER,20251210,20260415,3138,MFR,No,No
25V846000,https://www.nhtsa.gov/vehicle/recalls#?nhtsaId=25V846000,"ALFA ROMEO, DODGE","HORNET PHEV, TONALE PHEV",2024,"SERVICE BRAKES, HYDRAULIC:PEDALS AND LINKAGES",20251209,20260113,5974,MFR,No,No
25V845000,https://www.nhtsa.gov/vehicle/recalls#?nhtsaId=25V845000,ALFA ROMEO,GIULIA,2024,EXTERIOR LIGHTING:HEADLIGHTS,20251209,20260128,313,MFR,No,No
25V837000,https://www.nhtsa.gov/vehicle/recalls#?nhtsaId=25V837000,BMW,"X5, X5 PLUG-IN HYBRID, X6, X7",2026,AIR BAGS:CRITICAL FASTENERS,20251204,,25,MFR,No,No
25V836000,https://www.nhtsa.gov/vehicle/recalls#?nhtsaId=25V836000,VOLKSWAGEN,ID.4,"2023, 2024",ELECTRICAL SYSTEM:PROPULSION SYSTEM:TRACTION BATTERY,20251203,20260211,629,MFR,No,Yes
25V835000,https://www.nhtsa.gov/vehicle/recalls#?nhtsaId=25V835000,VOLKSWAGEN,"ATLAS, ATLAS CROSS SPORT, ID.4",2026,WHEELS:LUGS/NUTS/BOLTS/STUDS,20251203,20251212,27,MFR,Yes,No
25V827000,https://www.nhtsa.gov/vehicle/recalls#?nhtsaId=25V827000,LINCOLN,MKT,"2016, 2017, 2018, 2019",STRUCTURE:BODY,20251201,,11852,ODI,No,No
25V823000,https://www.nhtsa.gov/vehicle/recalls#?nhtsaId=25V823000,"FORD, LINCOLN","BRONCO, EXPEDITION, F-150, NAVIGATOR, RANGER",2025,"SERVICE BRAKES, HYDRAULIC:POWER ASSIST:ELECTRIC:CONTROL MODULE",20251201,20260226,679,MFR,No,No
25V824000,https://www.nhtsa.gov/vehicle/recalls#?nhtsaId=25V824000,RAM,"1500, 2500, 3500",2019,AIR BAGS:SIDE/WINDOW:CURTAIN:INFLATOR,20251201,20251218,1589,MFR,No,No
25V826000,https://www.nhtsa.gov/vehicle/recalls#?nhtsaId=25V826000,RAM,"1500, 2500, 3500, 4500, 5500","2025, 2026",ELECTRICAL SYSTEM: INSTRUMENT CLUSTER/PANEL,20251201,20251218,72509,MFR,No,No
25V828000,https://www.nhtsa.gov/vehicle/recalls#?nhtsaId=25V828000,"FORD, LINCOLN","CORSAIR, EXPLORER, MAVERICK, MUSTANG","2025, 2026",ENGINE,20251201,,6,MFR,No,No
25V830000,https://www.nhtsa.gov/vehicle/recalls#?nhtsaId=25V830000,MERCEDES-BENZ,AMG EQE SUV 4MATIC,"2024, 2025",BACK OVER PREVENTION:WARNINGS:EXTERNAL/PEDESTRIAN ALERT,20251201,20260112,1899,MFR,No,No
25V831000,https://www.nhtsa.gov/vehicle/recalls#?nhtsaId=25V831000,LINCOLN,NAVIGATOR,2025,EXTERIOR LIGHTING,20251201,20260114,1195,MFR,No,No
25V833000,https://www.nhtsa.gov/vehicle/recalls#?nhtsaId=25V833000,GENESIS,G90,"2023, 2024, 2025, 2026",FORWARD COLLISION AVOIDANCE: SENSING SYSTEM: RADAR,20251201,20260126,483,ODI,No,No
25V829000,https://www.nhtsa.gov/vehicle/recalls#?nhtsaId=25V829000,FORD,ESCAPE,"2020, 2021, 2022, 2025",STRUCTURE:BODY:HATCHBACK/LIFTGATE:HINGE AND ATTACHMENTS,20251201,20260603,108762,MFR,No,No
25V819000,https://www.nhtsa.gov/vehicle/recalls#?nhtsaId=25V819000,CADILLAC,VISTIQ,2026,EQUIPMENT:OTHER:OWNERS/SERVICE/OTHER MANUAL ,20251125,20251230,94,MFR,No,No
25V816000,https://www.nhtsa.gov/vehicle/recalls#?nhtsaId=25V816000,RIVIAN,EDV,"2022, 2023, 2024, 2025",SEAT BELTS:PRETENSIONER,20251125,20260116,34824,ODI,No,No
25V815000,https://www.nhtsa.gov/vehicle/recalls#?nhtsaId=25V815000,CHEVROLET,"SILVERADO 1500, SILVERADO 2500, SILVERADO 3500",2026,EQUIPMENT:OTHER:OWNERS/SERVICE/OTHER MANUAL ,20251125,20251230,3408,MFR,No,No
25V809000,https://www.nhtsa.gov/vehicle/recalls#?nhtsaId=25V809000,"GENESIS, HYUNDAI","GV70, SANTA CRUZ, SANTA FE, SANTA FE HYBRID, TUCSON","2025, 2026",AIR BAGS:SIDE/WINDOW:CURTAIN,20251120,20251229,258,MFR,No,No
25V808000,https://www.nhtsa.gov/vehicle/recalls#?nhtsaId=25V808000,HYUNDAI,"SANTA FE, SANTA FE HYBRID","2024, 2025",BACK OVER PREVENTION:DISPLAY FUNCTION,20251120,20260115,143472,MFR,No,No
25V797000,https://www.nhtsa.gov/vehicle/recalls#?nhtsaId=25V797000,HYUNDAI,IONIQ 5,2025,SEAT BELTS:FRONT:RETRACTOR,20251117,20251230,1535,MFR,No,No
25V796000,https://www.nhtsa.gov/vehicle/recalls#?nhtsaId=25V796000,HYUNDAI,SONATA,"2020, 2021, 2022, 2023","FUEL SYSTEM, GASOLINE",20251117,20260309,85043,MFR,No,No
25V794000,https://www.nhtsa.gov/vehicle/recalls#?nhtsaId=25V794000,KIA,K5,"2021, 2022, 2023, 2024","FUEL SYSTEM, GASOLINE",20251117,20260116,250547,MFR,No,No
25V793000,https://www.nhtsa.gov/vehicle/recalls#?nhtsaId=25V793000,FORD,"E-350, E-450",2021,ENGINE,20251117,20260107,7046,MFR,No,No
25V788000,https://www.nhtsa.gov/vehicle/recalls#?nhtsaId=25V788000,FORD,"BRONCO, BRONCO SPORT","2025, 2026",ELECTRICAL SYSTEM: INSTRUMENT CLUSTER/PANEL,20251114,20251204,229609,MFR,No,No
25V787000,https://www.nhtsa.gov/vehicle/recalls#?nhtsaId=25V787000,FORD,"ESCAPE, MAVERICK",2025,ELECTRONIC STABILITY CONTROL (ESC),20251114,20251128,2,MFR,No,No
25V789000,https://www.nhtsa.gov/vehicle/recalls#?nhtsaId=25V789000,"FORD, LINCOLN","CORSAIR PHEV, ESCAPE PHEV","2020, 2021, 2022, 2023, 2024",ELECTRICAL SYSTEM:PROPULSION SYSTEM:TRACTION BATTERY,20251114,,20558,MFR,No,No
25V785000,https://www.nhtsa.gov/vehicle/recalls#?nhtsaId=25V785000,HONDA,ACCORD HYBRID,"2023, 2024, 2025",ELECTRICAL SYSTEM:PROPULSION SYSTEM:HYBRID MANAGEMENT:POWER CONTROL UNIT/MODULE (HPCU):SOFTWARE,20251113,20260105,256603,ODI,No,No
25V777000,https://www.nhtsa.gov/vehicle/recalls#?nhtsaId=25V777000,AUDI,"Q7, Q8, RS Q8, SQ8",2025,SEAT BELTS:FRONT:ANCHORAGE,20251112,20251203,61,MFR,No,No
25V764000,https://www.nhtsa.gov/vehicle/recalls#?nhtsaId=25V764000,"BUICK, CHEVROLET","CRUZE, VERANO",2014,AIR BAGS:SIDE/WINDOW,20251106,20251205,2099,MFR,No,No
25V766000,https://www.nhtsa.gov/vehicle/recalls#?nhtsaId=25V766000,JEEP,"GRAND CHEROKEE 4XE, WRANGLER 4XE","2023, 2024, 2025",ENGINE,20251106,20260508,117904,MFR,No,No
25V765000,https://www.nhtsa.gov/vehicle/recalls#?nhtsaId=25V765000,RAM,"1500, 2500, 3500, 4500, 5500","2021, 2022",STEERING:STEERING CONTROL MODULE,20251106,20251211,532,MFR,No,No
25V768000,https://www.nhtsa.gov/vehicle/recalls#?nhtsaId=25V768000,CHEVROLET,"SILVERADO 4500, SILVERADO 5500, SILVERADO 6500","2019, 2020","SERVICE BRAKES, HYDRAULIC:POWER ASSIST",20251106,20251203,891,MFR,No,No
25V767000,https://www.nhtsa.gov/vehicle/recalls#?nhtsaId=25V767000,"LEXUS, TOYOTA","GX, LX, TUNDRA","2022, 2023, 2024",ENGINE AND ENGINE COOLING:ENGINE:HARD PARTS INTERNAL/MECHANICAL,20251106,20260828,126691,MFR,No,No
25V769000,https://www.nhtsa.gov/vehicle/recalls#?nhtsaId=25V769000,GMC,"HUMMER EV PICKUP, HUMMER EV SUV",2026,AIR BAGS:FRONTAL,20251106,20251203,354,MFR,No,No
25V748000,https://www.nhtsa.gov/vehicle/recalls#?nhtsaId=25V748000,BMW,X5,"2000, 2001",AIR BAGS:FRONTAL:DRIVER SIDE:INFLATOR MODULE,20251031,20251229,5361,MFR,Yes,No
25V744000,https://www.nhtsa.gov/vehicle/recalls#?nhtsaId=25V744000,"LEXUS, TOYOTA","BZ4X, CAMRY HYBRID, CROWN, CROWN SIGNIA, ES, ES HYBRID, GRAND HIGHLANDER, GRAND HIGHLANDER HYBRID, GX, HIGHLANDER, HIGHLANDER HYBRID, LAND CRUISER HYBRID, LC, LC HYBRID, LS, LS HYBRID, LX, LX HYBRID, MIRAI, NX, NX HYBRID, NX PLUG-IN HYBRID, PRIUS, PRIUS PLUG-IN HYBRID, PRIUS PRIME, RAV4, RAV4 HYBRID, RAV4 PLUG-IN HYBRID, RAV4 PRIME, RX, RX HYBRID, RX PLUG-IN HYBRID, RZ, SIENNA HYBRID, TX, TX HYBRID, TX PLUG-IN HYBRID, VENZA HYBRID, redundant RX PLUG-IN HYBRID","2022, 2023, 2024, 2025, 2026",BACK OVER PREVENTION:DISPLAY FUNCTION,20251030,20251205,1024407,MFR,No,No
25V741000,https://www.nhtsa.gov/vehicle/recalls#?nhtsaId=25V741000,JEEP,"GRAND CHEROKEE, WRANGLER","2020, 2021, 2022, 2023, 2024, 2025, 2026",ELECTRICAL SYSTEM:PROPULSION SYSTEM:TRACTION BATTERY,20251030,20251217,320068,MFR,No,Yes
25E071000,https://www.nhtsa.gov/vehicle/recalls#?nhtsaId=25E071000,HONDA,"18"" ALLOY WHEEL",9999,WHEELS,20251030,20251219,406290,MFR,No,No
25V745000,https://www.nhtsa.gov/vehicle/recalls#?nhtsaId=25V745000,KIA,"SORENTO, TELLURIDE","2025, 2026",TIRES:TEMPORARY/EMERGENCY SPARE TIRE,20251030,20251203,45,MFR,No,No
25V735000,https://www.nhtsa.gov/vehicle/recalls#?nhtsaId=25V735000,TESLA,CYBERTRUCK,2024,EXTERIOR LIGHTING,20251027,20260409,6197,MFR,No,No
25V732000,https://www.nhtsa.gov/vehicle/recalls#?nhtsaId=25V732000,FORD,FLEX,"2017, 2018, 2019",STRUCTURE:BODY,20251024,,92347,ODI,No,No
25V731000,https://www.nhtsa.gov/vehicle/recalls#?nhtsaId=25V731000,FORD,F-150 LIGHTNING BEV,"2022, 2023",EXTERIOR LIGHTING,20251024,20260603,14843,ODI,No,No
25V730000,https://www.nhtsa.gov/vehicle/recalls#?nhtsaId=25V730000,"FORD, LINCOLN","AVIATOR, CORSAIR, EXPLORER","2025, 2026",VISIBILITY:WINDSHIELD,20251024,20251106,56841,MFR,No,No
25V729000,https://www.nhtsa.gov/vehicle/recalls#?nhtsaId=25V729000,"FORD, LINCOLN","EXPEDITION, F-150, F-250 SD, F-350 SD, F-450 SD, NAVIGATOR","2021, 2022, 2023",VISIBILITY:SUN/MOON ROOF ASSEMBLY,20251024,20251110,174853,MFR,No,No
25V726000,https://www.nhtsa.gov/vehicle/recalls#?nhtsaId=25V726000,FORD,ECONOLINE,2026,VISIBILITY:DEFROSTER/DEFOGGER/HVAC SYSTEM:FAN/MOTOR,20251024,20260130,6909,MFR,No,No
25V725000,https://www.nhtsa.gov/vehicle/recalls#?nhtsaId=25V725000,MERCEDES-BENZ,SPRINTER 2500,"2023, 2024",STRUCTURE:FRAME AND MEMBERS,20251024,20251217,366,MFR,No,No
25E070000,https://www.nhtsa.gov/vehicle/recalls#?nhtsaId=25E070000,FORD,10R80 REMAN TRANSMISSION,9999,POWER TRAIN:AUTOMATIC TRANSMISSION,20251024,20260526,34481,MFR,No,No
25V723000,https://www.nhtsa.gov/vehicle/recalls#?nhtsaId=25V723000,HONDA,CB1000SP,2025,POWER TRAIN:CLUTCH ASSEMBLY:PEDAL/HAND LEVER(MOTORCYCLE),20251023,20251201,340,MFR,No,No
25V721000,https://www.nhtsa.gov/vehicle/recalls#?nhtsaId=25V721000,FORD,BRONCO,"2021, 2022, 2023",SEATS:CRITICAL FASTENERS,20251023,20260428,163256,MFR,No,No
25V720000,https://www.nhtsa.gov/vehicle/recalls#?nhtsaId=25V720000,RAM,PROMASTER,"2018, 2019, 2020, 2021, 2022, 2023, 2024, 2025, 2026",ENGINE AND ENGINE COOLING:COOLING SYSTEM:RADIATOR ASSEMBLY,20251023,20251211,300691,MFR,No,No
25V719000,https://www.nhtsa.gov/vehicle/recalls#?nhtsaId=25V719000,CHEVROLET,"6500XD, 7500XD","2018, 2019, 2020, 2021, 2022, 2023, 2024, 2025, 2026",SUSPENSION:REAR:SPRINGS:LEAF SPRING ASSEMBLY:HANGER/BRACKET,20251022,20251212,17084,ODI,No,No
25V715000,https://www.nhtsa.gov/vehicle/recalls#?nhtsaId=25V715000,FIAT,500E,"2024, 2025",EXTERIOR LIGHTING:HEADLIGHTS,20251021,20251210,2195,MFR,No,No
25V717000,https://www.nhtsa.gov/vehicle/recalls#?nhtsaId=25V717000,"BMW, MINI","228I GRAN COUPE, 228I XDRIVE GRAN COUPE, COUNTRYMAN S ALL4, M235I XDRIVE GRAN COUPE, X1, X2",2026,SEAT BELTS:REAR/OTHER:RETRACTOR,20251021,20251218,1024,MFR,No,No
25V712000,https://www.nhtsa.gov/vehicle/recalls#?nhtsaId=25V712000,MERCEDES-BENZ,SPRINTER 2500,2025,FORWARD COLLISION AVOIDANCE: SENSING SYSTEM: RADAR,20251017,20251121,16,MFR,No,No
25V711000,https://www.nhtsa.gov/vehicle/recalls#?nhtsaId=25V711000,MERCEDES-BENZ,"AMG G63, G 580 EV",2025,FORWARD COLLISION AVOIDANCE: SENSING SYSTEM: RADAR,20251017,20251126,12,MFR,No,No
25V710000,https://www.nhtsa.gov/vehicle/recalls#?nhtsaId=25V710000,JEEP,WRANGLER 4XE,"2023, 2024, 2025",ELECTRICAL SYSTEM:PROPULSION SYSTEM:HYBRID MANAGEMENT:POWER CONTROL UNIT/MODULE (HPCU):SOFTWARE,20251017,,24238,ODI,No,No
25V704000,https://www.nhtsa.gov/vehicle/recalls#?nhtsaId=25V704000,"CADILLAC, CHEVROLET","EQUINOX EV, OPTIQ","2025, 2026",TIRES:TREAD/BELT,20251016,20251119,22914,MFR,No,No
25V700000,https://www.nhtsa.gov/vehicle/recalls#?nhtsaId=25V700000,BMW,328D,2018,"FUEL SYSTEM, DIESEL",20251015,20251208,112,MFR,No,No
25V699000,https://www.nhtsa.gov/vehicle/recalls#?nhtsaId=25V699000,TESLA,CYBERTRUCK,"2024, 2025, 2026",EXTERIOR LIGHTING,20251014,20251212,63619,MFR,No,No
25V695000,https://www.nhtsa.gov/vehicle/recalls#?nhtsaId=25V695000,"FORD, LINCOLN","C-MAX, ESCAPE, EXPLORER, FIESTA, FLEX, FUSION, MKT, MKZ, MUSTANG, TAURUS","2015, 2016, 2017, 2018, 2019, 2020",BACK OVER PREVENTION: SENSING SYSTEM: CAMERA,20251013,20260102,1448655,ODI,No,No
25E066000,https://www.nhtsa.gov/vehicle/recalls#?nhtsaId=25E066000,FORD,ENGINE BLOCK HEATER,9999,EQUIPMENT:ELECTRICAL:ENGINE BLOCK HEATER,20251010,,2204,MFR,No,No
25V686000,https://www.nhtsa.gov/vehicle/recalls#?nhtsaId=25V686000,FORD,"F-250 SD, F-350 SD, F-450 SD","2020, 2021, 2022",BACK OVER PREVENTION:SOFTWARE,20251010,20260519,291901,MFR,No,No
25V683000,https://www.nhtsa.gov/vehicle/recalls#?nhtsaId=25V683000,FORD,"BRONCO, RANGER",2025,VISIBILITY:WINDSHIELD,20251010,20251030,9,MFR,No,No
25V685000,https://www.nhtsa.gov/vehicle/recalls#?nhtsaId=25V685000,"FORD, LINCOLN","BRONCO, BRONCO SPORT, CORSAIR, ESCAPE, EXPLORER, FUSION, MAVERICK, MKC, RANGER","2016, 2017, 2018, 2019, 2020, 2021, 2022, 2023, 2024",EQUIPMENT:ELECTRICAL:ENGINE BLOCK HEATER,20251010,,59006,MFR,No,No
25E067000,https://www.nhtsa.gov/vehicle/recalls#?nhtsaId=25E067000,FORD,ENGINE BLOCK HEATER,9999,EQUIPMENT:ELECTRICAL:ENGINE BLOCK HEATER,20251010,,2571,MFR,No,No
25V687000,https://www.nhtsa.gov/vehicle/recalls#?nhtsaId=25V687000,"FORD, LINCOLN","AVIATOR, EXPLORER","2024, 2025, 2026",TRAILER HITCHES,20251010,20251029,1412,MFR,No,No
25V688000,https://www.nhtsa.gov/vehicle/recalls#?nhtsaId=25V688000,LINCOLN,CORSAIR,"2024, 2025",EXTERIOR LIGHTING,20251010,20251114,84,MFR,No,No
25V689000,https://www.nhtsa.gov/vehicle/recalls#?nhtsaId=25V689000,FORD,MUSTANG,"2021, 2022, 2023",ELECTRICAL SYSTEM:BODY CONTROL MODULE/BCM,20251010,20251211,2101,MFR,No,No
25V690000,https://www.nhtsa.gov/vehicle/recalls#?nhtsaId=25V690000,TESLA,"MODEL 3, MODEL Y","2025, 2026","ELECTRICAL SYSTEM:PROPULSION SYSTEM:FUSES, RELAYS, CONTACTS, AND SHUNTS",20251010,20251209,12963,MFR,No,No
25V693000,https://www.nhtsa.gov/vehicle/recalls#?nhtsaId=25V693000,FORD,ESCAPE,2020,"SERVICE BRAKES, HYDRAULIC:FOUNDATION COMPONENTS:DISC:PADS ",20251010,20251105,13451,MFR,No,No
25V691000,https://www.nhtsa.gov/vehicle/recalls#?nhtsaId=25V691000,"FORD, LINCOLN","EXPLORER HYBRID, NAUTILUS HYBRID","2024, 2025, 2026",FORWARD COLLISION AVOIDANCE: WARNINGS:EXTERNAL/PEDESTRIAN ALERT,20251010,20251105,43438,MFR,No,No
25V678000,https://www.nhtsa.gov/vehicle/recalls#?nhtsaId=25V678000,FORD,RANGER,2025,AIR BAGS:FRONTAL,20251009,20251126,405,MFR,No,No
25V676000,https://www.nhtsa.gov/vehicle/recalls#?nhtsaId=25V676000,CHEVROLET,"CHEVEROLET SS, CITY EXPRESS","2015, 2016, 2017, 2018","FUEL SYSTEM, GASOLINE:DELIVERY:FUEL PUMP:CONTROL/DRIVE MODULE",20251009,20251229,173301,ODI,No,No
25V674000,https://www.nhtsa.gov/vehicle/recalls#?nhtsaId=25V674000,DODGE,DART,"2013, 2014, 2015, 2016",POWER TRAIN:AUTOMATIC TRANSMISSION:LEVER AND LINKAGE:FLOOR SHIFT,20251009,,298439,ODI,No,No
25V672000,https://www.nhtsa.gov/vehicle/recalls#?nhtsaId=25V672000,BMW,R 1300 RT,2026,POWER TRAIN:DRIVELINE:UNIVERSAL JOINT,20251008,,3,MFR,No,No
25V671000,https://www.nhtsa.gov/vehicle/recalls#?nhtsaId=25V671000,BMW,"X4, X6",2026,VISIBILITY:WINDSHIELD:CRITICAL FASTENERS,20251008,20251201,3,MFR,No,No
25V668000,https://www.nhtsa.gov/vehicle/recalls#?nhtsaId=25V668000,TOYOTA,SIENNA HYBRID,2025,SEATS:MID/REAR ASSEMBLY,20251007,20260515,54631,MFR,No,No
25V667000,https://www.nhtsa.gov/vehicle/recalls#?nhtsaId=25V667000,ALFA ROMEO,"GIULIA, STELVIO","2020, 2021, 2022, 2023, 2024, 2025",BACK OVER PREVENTION:DISPLAY FUNCTION,20251007,20251125,62910,MFR,No,No
25V665000,https://www.nhtsa.gov/vehicle/recalls#?nhtsaId=25V665000,RAM,PROMASTER,"2024, 2025",ELECTRICAL SYSTEM:PROPULSION SYSTEM:TRACTION MOTOR:CONTROLLER:SOFTWARE,20251006,20251030,790,MFR,No,No
25V659000,https://www.nhtsa.gov/vehicle/recalls#?nhtsaId=25V659000,HYUNDAI,SANTA FE,"2024, 2025",ELECTRICAL SYSTEM:STARTER ASSEMBLY,20251002,20251022,135386,MFR,No,No
25V656000,https://www.nhtsa.gov/vehicle/recalls#?nhtsaId=25V656000,TOYOTA,"TACOMA, TACOMA HYBRID",2025,POWER TRAIN:DRIVELINE:DRIVESHAFT,20251001,20260807,5960,MFR,No,No
25V657000,https://www.nhtsa.gov/vehicle/recalls#?nhtsaId=25V657000,TOYOTA,"SEQUOIA HYBRID, TUNDRA, TUNDRA HYBRID","2022, 2023, 2024, 2025",BACK OVER PREVENTION:SOFTWARE,20251001,20251119,393838,MFR,No,No
25V658000,https://www.nhtsa.gov/vehicle/recalls#?nhtsaId=25V658000,TESLA,MODEL Y,2026,ELECTRICAL SYSTEM:WIRING,20251001,20251126,260,MFR,No,No
25V649000,https://www.nhtsa.gov/vehicle/recalls#?nhtsaId=25V649000,KIA,SORENTO,"2021, 2022, 2023",VISIBILITY:DEFROSTER/DEFOGGER/HVAC SYSTEM:FAN/MOTOR,20250925,20260123,39536,MFR,No,No
25V644000,https://www.nhtsa.gov/vehicle/recalls#?nhtsaId=25V644000,BMW,"340I, 740LI, 840I, X5, X6, X7","2019, 2020, 2021, 2022, 2023, 2024, 2025",ELECTRICAL SYSTEM:STARTER ASSEMBLY,20250925,20260209,145102,ODI,No,No
25V643000,https://www.nhtsa.gov/vehicle/recalls#?nhtsaId=25V643000,BMW,"430I, M4",2026,ELECTRICAL SYSTEM:WIRING:POWER DISTRIBUTION MODULE/IPDM,20250925,20251120,4,MFR,No,No
25V642000,https://www.nhtsa.gov/vehicle/recalls#?nhtsaId=25V642000,JEEP,"GRAND WAGONEER, WAGONEER","2022, 2023, 2024",STRUCTURE:EXTERIOR TRIM,20250925,20260219,123396,MFR,No,No
25V639000,https://www.nhtsa.gov/vehicle/recalls#?nhtsaId=25V639000,CHEVROLET,EQUINOX EV,2024,FORWARD COLLISION AVOIDANCE: WARNINGS:EXTERNAL/PEDESTRIAN ALERT,20250925,20251117,23700,MFR,No,No
25V638000,https://www.nhtsa.gov/vehicle/recalls#?nhtsaId=25V638000,"AUDI, VOLKSWAGEN","A5, A6 SPORTBACK E-TRON, GOLF R, GTI, Q4 E-TRON, Q4 SPORTBACK E-TRON, S5, S6 SPORTBACK E-TRON","2025, 2026",SEAT BELTS:FRONT:RETRACTOR,20250924,20251031,1042,MFR,No,No
25V637000,https://www.nhtsa.gov/vehicle/recalls#?nhtsaId=25V637000,AUDI,SQ7,2025,"FUEL SYSTEM, GASOLINE:DELIVERY:FUEL PUMP",20250924,,1,MFR,No,No
25V636000,https://www.nhtsa.gov/vehicle/recalls#?nhtsaId=25V636000,"BMW, TOYOTA","230I, 330I, 430I, 430I CONVERTIBLE, 530I, SUPRA, X3, X4, Z4","2019, 2020, 2021, 2022",ELECTRICAL SYSTEM:STARTER ASSEMBLY:RELAY,20250923,20260206,199674,MFR,No,Yes
25V634000,https://www.nhtsa.gov/vehicle/recalls#?nhtsaId=25V634000,PORSCHE,"CAYENNE, PANAMERA, PANAMERA 4 E-HYBRID","2024, 2025, 2026","FUEL SYSTEM, GASOLINE:DELIVERY:FUEL PUMP",20250923,20251119,177,MFR,No,No
25V630000,https://www.nhtsa.gov/vehicle/recalls#?nhtsaId=25V630000,CHEVROLET,"6500XD, 7500XD","2022, 2023, 2024, 2025, 2026","FUEL SYSTEM, OTHER:FUEL FILTER",20250919,20251107,11385,MFR,No,No
25V628000,https://www.nhtsa.gov/vehicle/recalls#?nhtsaId=25V628000,"FORD, LINCOLN","EXPEDITION, NAVIGATOR",2020,ENGINE,20250919,20251003,4632,MFR,No,Yes
25V626000,https://www.nhtsa.gov/vehicle/recalls#?nhtsaId=25V626000,FORD,"F-250 SD, F-350 SD, F-450 SD","2020, 2021",STEERING:COLUMN,20250919,20260220,115539,ODI,No,No
25V623000,https://www.nhtsa.gov/vehicle/recalls#?nhtsaId=25V623000,FORD,TRANSIT,"2023, 2024",STEERING,20250918,20260410,212,MFR,No,No
25V619000,https://www.nhtsa.gov/vehicle/recalls#?nhtsaId=25V619000,"CADILLAC, CHEVROLET, GMC","ESCALADE, TAHOE, YUKON","2021, 2022, 2023, 2024","FUEL SYSTEM, DIESEL:STORAGE:TANK ASSEMBLY",20250918,20251105,12,MFR,No,No
25V624000,https://www.nhtsa.gov/vehicle/recalls#?nhtsaId=25V624000,GENESIS,GV60,"2023, 2024, 2025",STRUCTURE:EXTERIOR TRIM,20250918,20251030,7855,MFR,No,No
25V616000,https://www.nhtsa.gov/vehicle/recalls#?nhtsaId=25V616000,"BMW, MINI","COOPER, COOPER CONVERTIBLE, COUNTRYMAN S ALL4, COUNTRYMAN SE ALL4, X1, X2","2025, 2026",SEAT BELTS:FRONT:RETRACTOR,20250917,20251113,1571,MFR,No,No
25V618000,https://www.nhtsa.gov/vehicle/recalls#?nhtsaId=25V618000,RAM,4500,2023,TRAILER HITCHES,20250917,20251001,10,MFR,No,No
25V609000,https://www.nhtsa.gov/vehicle/recalls#?nhtsaId=25V609000,MERCEDES-BENZ,"SPRINTER 2500, SPRINTER 3500",2024,STRUCTURE:FRAME AND MEMBERS,20250912,20251218,4,MFR,No,No
25V611000,https://www.nhtsa.gov/vehicle/recalls#?nhtsaId=25V611000,FORD,TAURUS,"2016, 2017, 2018, 2019",STRUCTURE:EXTERIOR TRIM,20250912,20260220,101944,MFR,No,No
25V614000,https://www.nhtsa.gov/vehicle/recalls#?nhtsaId=25V614000,FORD,MUSTANG,"2015, 2016, 2017",SEAT BELTS:PRETENSIONER,20250912,,332778,MFR,No,No
25V607000,https://www.nhtsa.gov/vehicle/recalls#?nhtsaId=25V607000,HYUNDAI,PALISADE,"2020, 2021, 2022, 2023, 2024, 2025",SEAT BELTS: REAR/OTHER:BUCKLE ASSEMBLY,20250911,20260626,568580,ODI,No,No
25V606000,https://www.nhtsa.gov/vehicle/recalls#?nhtsaId=25V606000,HYUNDAI,IONIQ 6,"2023, 2024, 2025",ELECTRICAL SYSTEM:PROPULSION SYSTEM:CHARGING:PORT,20250911,20251010,31042,MFR,No,No
25V605000,https://www.nhtsa.gov/vehicle/recalls#?nhtsaId=25V605000,HYUNDAI,IONIQ 5,2025,SUSPENSION:CRITICAL FASTENERS,20250911,20251010,8,MFR,No,No
25V595000,https://www.nhtsa.gov/vehicle/recalls#?nhtsaId=25V595000,"LEXUS, TOYOTA","4RUNNER, CAMRY HYBRID, CROWN, CROWN SIGNIA, GR COROLLA, GRAND HIGHLANDER, HIGHLANDER, LS, RAV4, RAV4 PLUG-IN HYBRID, RAV4 PRIME, RX, TACOMA, TX, VENZA HYBRID, redundant CAMRY, redundant VENZA","2023, 2024, 2025",ELECTRICAL SYSTEM: INSTRUMENT CLUSTER/PANEL,20250911,20251205,591377,ODI,No,No
25V594000,https://www.nhtsa.gov/vehicle/recalls#?nhtsaId=25V594000,"CHEVROLET, GMC","SIERRA EV, SILVERADO EV",2026,ELECTRONIC STABILITY CONTROL (ESC):CONTROL MODULE:SOFTWARE,20250911,20251015,1191,MFR,No,No
25V593000,https://www.nhtsa.gov/vehicle/recalls#?nhtsaId=25V593000,JEEP,"GRAND WAGONEER, WAGONEER","2022, 2023, 2024, 2025",STRUCTURE:EXTERIOR TRIM,20250911,20250925,163735,MFR,No,No
25V592000,https://www.nhtsa.gov/vehicle/recalls#?nhtsaId=25V592000,RAM,"1500, 2500, 3500",2018,AIR BAGS:SIDE/WINDOW:CURTAIN:INFLATOR,20250911,20250925,1761,ODI,No,No
25V597000,https://www.nhtsa.gov/vehicle/recalls#?nhtsaId=25V597000,FORD,"BRONCO, RANGER",2024,"FUEL SYSTEM, GASOLINE:DELIVERY:FUEL PUMP",20250911,20250925,9,MFR,No,No
25V586000,https://www.nhtsa.gov/vehicle/recalls#?nhtsaId=25V586000,ALFA ROMEO,"GIULIA, STELVIO","2017, 2018, 2019","FUEL SYSTEM, GASOLINE:DELIVERY:FUEL PUMP",20250909,20260730,53849,ODI,No,No
25V585000,https://www.nhtsa.gov/vehicle/recalls#?nhtsaId=25V585000,RIVIAN,"R1S, R1T",2025,FORWARD COLLISION AVOIDANCE: ADAPTIVE CRUISE CONTROL:SOFTWARE,20250908,20251017,24214,ODI,No,No
25V582000,https://www.nhtsa.gov/vehicle/recalls#?nhtsaId=25V582000,ACURA,RDX,2025,STEERING:ELECTRIC POWER ASSIST SYSTEM,20250905,20251020,17330,ODI,No,No
25V583000,https://www.nhtsa.gov/vehicle/recalls#?nhtsaId=25V583000,HONDA,CRF1100,"2020, 2021, 2022, 2024, 2025",ELECTRICAL SYSTEM:MOTORCYCLE HANDLEBAR SWITCH POD LEFT/RIGHT,20250905,20260113,7492,MFR,No,No
25V575000,https://www.nhtsa.gov/vehicle/recalls#?nhtsaId=25V575000,JEEP,WAGONEER S,2025,STRUCTURE:BODY,20250904,20251016,8,MFR,No,No
25V574000,https://www.nhtsa.gov/vehicle/recalls#?nhtsaId=25V574000,"DODGE, JEEP","CHARGER EV, WAGONEER S","2024, 2025",POWER TRAIN:AUTOMATIC TRANSMISSION:INTERNAL:PARK PAWL,20250904,20250925,75,MFR,No,No
25V577000,https://www.nhtsa.gov/vehicle/recalls#?nhtsaId=25V577000,"LEXUS, TOYOTA","BZ4X, RZ","2023, 2024, 2025",VISIBILITY:DEFROSTER/DEFOGGER/HVAC SYSTEM,20250904,20251017,94320,MFR,No,No
25V576000,https://www.nhtsa.gov/vehicle/recalls#?nhtsaId=25V576000,JEEP,GRAND CHEROKEE,"2022, 2023, 2024, 2025, 2026",ELECTRICAL SYSTEM:PROPULSION SYSTEM,20250904,20251014,91787,ODI,No,No
25V573000,https://www.nhtsa.gov/vehicle/recalls#?nhtsaId=25V573000,CHRYSLER,"PACIFICA, VOYAGER",2025,AIR BAGS:SIDE/WINDOW:CURTAIN,20250904,20251014,985,OVSC,No,No
25V572000,https://www.nhtsa.gov/vehicle/recalls#?nhtsaId=25V572000,"FORD, LINCOLN","ECONOLINE, EDGE, EXPEDITION, F-250 SD, F-350 SD, F-450 SD, F-550 SD, MKC, MUSTANG, NAVIGATOR, RANGER, TRANSIT, TRANSIT CONNECT","2015, 2016, 2017, 2018, 2019",BACK OVER PREVENTION: SENSING SYSTEM: CAMERA,20250903,20260113,1456417,ODI,No,No
25V556000,https://www.nhtsa.gov/vehicle/recalls#?nhtsaId=25V556000,BMW,"X5, X5 PLUG-IN HYBRID, X7",2026,VISIBILITY:WINDSHIELD:CRITICAL FASTENERS,20250827,20251203,1406,MFR,No,No
25V552000,https://www.nhtsa.gov/vehicle/recalls#?nhtsaId=25V552000,"DODGE, RAM","JOURNEY, PROMASTER","2019, 2020, 2021",BACK OVER PREVENTION: SENSING SYSTEM: CAMERA,20250826,20260721,219577,ODI,No,No
25V549000,https://www.nhtsa.gov/vehicle/recalls#?nhtsaId=25V549000,HYUNDAI,"SANTA FE, TUCSON","2025, 2026",ENGINE AND ENGINE COOLING:CRITICAL FASTENERS,20250825,20251023,29,MFR,No,No
25V548000,https://www.nhtsa.gov/vehicle/recalls#?nhtsaId=25V548000,KIA,"K4, SORENTO",2025,ENGINE AND ENGINE COOLING:CRITICAL FASTENERS,20250825,20250912,30,MFR,No,No
25V546000,https://www.nhtsa.gov/vehicle/recalls#?nhtsaId=25V546000,FORD,MUSTANG,"2024, 2025",EXTERIOR LIGHTING,20250822,20251010,105545,OVSC,No,No
25V544000,https://www.nhtsa.gov/vehicle/recalls#?nhtsaId=25V544000,"FORD, LINCOLN","EDGE, MKX","2015, 2016, 2017, 2018","SERVICE BRAKES, HYDRAULIC:FOUNDATION COMPONENTS:HOSES, LINES/PIPING, AND FITTINGS",20250822,,499129,ODI,No,No
25V543000,https://www.nhtsa.gov/vehicle/recalls#?nhtsaId=25V543000,"FORD, LINCOLN","AVIATOR, EXPLORER",2025,EXTERIOR LIGHTING:TAIL LIGHTS,20250822,20251013,213121,MFR,No,No
25V541000,https://www.nhtsa.gov/vehicle/recalls#?nhtsaId=25V541000,FORD,RANGER,"2024, 2025, 2026",AIR BAGS:SIDE/WINDOW:CURTAIN,20250822,20250926,100900,MFR,No,No
25V540000,https://www.nhtsa.gov/vehicle/recalls#?nhtsaId=25V540000,FORD,"F-150, F-250 SD, F-350 SD, F-450 SD, F-550 SD","2025, 2026",ELECTRICAL SYSTEM: INSTRUMENT CLUSTER/PANEL,20250822,20250905,355656,MFR,No,No
25V537000,https://www.nhtsa.gov/vehicle/recalls#?nhtsaId=25V537000,RIVIAN,"R1S, R1T",2025,ELECTRICAL SYSTEM:PROPULSION SYSTEM:TRACTION BATTERY,20250821,20251017,23,MFR,No,No
25V536000,https://www.nhtsa.gov/vehicle/recalls#?nhtsaId=25V536000,CHEVROLET,"CORVETTE, CORVETTE CONVERTIBLE, CORVETTE COUPE","2023, 2024, 2025, 2026","FUEL SYSTEM, GASOLINE",20250821,20251114,23656,MFR,No,No
25V533000,https://www.nhtsa.gov/vehicle/recalls#?nhtsaId=25V533000,MERCEDES-BENZ,"AMG EQE 53 4MATIC, AMG GLC43 4MATIC COUPE, AMG GLC63 S E, AMG GLC63 S E 4MATIC+ COUPE, EQE 350 4MATIC, EQE 350+, EQE 500 4MATIC, GLC 300, GLC 300 4MATIC, GLC 300 4MATIC COUPE, GLC 350 E 4MATIC, REDUNDANT AMG GLC43 4MATIC, redundant EQE 350, redundant EQE 350 4MATIC","2023, 2024, 2025, 2026",STEERING:CRITICAL FASTENERS,20250820,20251006,3749,MFR,No,No
25V530000,https://www.nhtsa.gov/vehicle/recalls#?nhtsaId=25V530000,RAM,"2500, 3500, 4500, 5500",2026,SERVICE BRAKES,20250818,20250909,2885,MFR,No,No
25V527000,https://www.nhtsa.gov/vehicle/recalls#?nhtsaId=25V527000,JEEP,WRANGLER,"2024, 2025",TIRES:PRESSURE MONITORING AND REGULATING SYSTEMS,20250814,20250902,22906,MFR,No,No
25V526000,https://www.nhtsa.gov/vehicle/recalls#?nhtsaId=25V526000,VOLKSWAGEN,TIGUAN,2025,STEERING:LINKAGES:TIE ROD ASSEMBLY,20250813,20250905,15,MFR,No,No
25V516000,https://www.nhtsa.gov/vehicle/recalls#?nhtsaId=25V516000,FORD,MUSTANG,2024,ELECTRICAL SYSTEM: INSTRUMENT CLUSTER/PANEL,20250808,20250912,1,MFR,No,No
25V515000,https://www.nhtsa.gov/vehicle/recalls#?nhtsaId=25V515000,FORD,F-150,2022,EXTERIOR LIGHTING:LIGHTING CONTROL MODULE,20250808,20250820,2361,MFR,No,No
25V513000,https://www.nhtsa.gov/vehicle/recalls#?nhtsaId=25V513000,FORD,MUSTANG MACH E,2021,"SERVICE BRAKES, HYDRAULIC:ANTILOCK/TRACTION CONTROL/ELECTRONIC LIMITED SLIP:CONTROL UNIT/MODULE ",20250808,20250918,8,MFR,No,No
25V512000,https://www.nhtsa.gov/vehicle/recalls#?nhtsaId=25V512000,FORD,F-150,"2023, 2024, 2025",POWER TRAIN:AXLE HUBS,20250808,20250822,103174,ODI,No,No
25V511000,https://www.nhtsa.gov/vehicle/recalls#?nhtsaId=25V511000,MERCEDES-BENZ,"AMG GLA 35 4MATIC, GLA 250, GLA 250 4MATIC",2024,EXTERIOR LIGHTING:HEADLIGHTS,20250808,20251003,136,MFR,No,No
25V510000,https://www.nhtsa.gov/vehicle/recalls#?nhtsaId=25V510000,LINCOLN,CORSAIR,"2020, 2021, 2022",BACK OVER PREVENTION: SENSING SYSTEM: CAMERA,20250808,20260501,41875,MFR,No,No
25V518000,https://www.nhtsa.gov/vehicle/recalls#?nhtsaId=25V518000,LINCOLN,NAUTILUS,"2024, 2025",VISIBILITY:POWER WINDOW DEVICES AND CONTROLS,20250808,20250923,482,MFR,No,No
25V519000,https://www.nhtsa.gov/vehicle/recalls#?nhtsaId=25V519000,"FORD, LINCOLN","MUSTANG, MUSTANG MACH E, NAUTILUS",2025,EXTERIOR LIGHTING:LIGHTING CONTROL MODULE,20250808,20250922,3270,MFR,No,No
25V517000,https://www.nhtsa.gov/vehicle/recalls#?nhtsaId=25V517000,FORD,F-150,2022,EXTERIOR LIGHTING:LIGHTING CONTROL MODULE,20250808,20250912,1278,MFR,No,No
25V494000,https://www.nhtsa.gov/vehicle/recalls#?nhtsaId=25V494000,KIA,TELLURIDE,"2023, 2024, 2025",STRUCTURE:EXTERIOR TRIM,20250728,20251119,201149,ODI,No,No
25V493000,https://www.nhtsa.gov/vehicle/recalls#?nhtsaId=25V493000,KIA,K5,"2023, 2024, 2025",STRUCTURE:EXTERIOR TRIM,20250728,20251121,100063,ODI,No,No
25V492000,https://www.nhtsa.gov/vehicle/recalls#?nhtsaId=25V492000,PORSCHE,MACAN 4 ELECTRIC,"2024, 2025",AIR BAGS:FRONTAL,20250728,,3,MFR,No,No
25V490000,https://www.nhtsa.gov/vehicle/recalls#?nhtsaId=25V490000,TESLA,MODEL Y,2026,ELECTRICAL SYSTEM:HORN,20250728,20250923,6,MFR,No,No
25E047000,https://www.nhtsa.gov/vehicle/recalls#?nhtsaId=25E047000,FORD,BRONCO UPFIT KIT ,9999,BACK OVER PREVENTION: SENSING SYSTEM: CAMERA,20250725,20250806,59,MFR,No,No
25V480000,https://www.nhtsa.gov/vehicle/recalls#?nhtsaId=25V480000,BMW,"F 800 GS, F 900 GS, K 1600 GT, R 1300 GS, R 1300 GS ADVENTURE, S 1000 R, S 1000 RR",2025,COMMUNICATION: AUTO CRASH NOTIFICATION,20250725,20250730,33,MFR,No,No
25V484000,https://www.nhtsa.gov/vehicle/recalls#?nhtsaId=25V484000,LINCOLN,AVIATOR,2025,VISIBILITY:POWER WINDOW DEVICES AND CONTROLS,20250725,20251007,23111,MFR,No,No
25V489000,https://www.nhtsa.gov/vehicle/recalls#?nhtsaId=25V489000,FORD,F-150 HYBRID,2025,SEAT BELTS:FRONT:WARNING LIGHT/DEVICES,20250725,20250815,56473,MFR,No,No
25V488000,https://www.nhtsa.gov/vehicle/recalls#?nhtsaId=25V488000,"FORD, LINCOLN","BRONCO, EXPEDITION, F-150, NAVIGATOR, RANGER",2025,"SERVICE BRAKES, HYDRAULIC:POWER ASSIST:ELECTRIC:CONTROL MODULE:SOFTWARE",20250725,20250822,312120,MFR,No,No
25V487000,https://www.nhtsa.gov/vehicle/recalls#?nhtsaId=25V487000,MERCEDES-BENZ,"EQB 300 4MATIC, EQB 350 4MATIC","2022, 2023",ELECTRICAL SYSTEM:PROPULSION SYSTEM:TRACTION BATTERY,20250725,20260109,660,MFR,No,Yes
25V483000,https://www.nhtsa.gov/vehicle/recalls#?nhtsaId=25V483000,CADILLAC,"LYRIQ, VISTIQ","2025, 2026",ELECTRICAL SYSTEM:PROPULSION SYSTEM:TRACTION BATTERY,20250724,20250821,53,MFR,No,No
25V482000,https://www.nhtsa.gov/vehicle/recalls#?nhtsaId=25V482000,HYUNDAI,IONIQ 5,2025,ELECTRICAL SYSTEM:PROPULSION SYSTEM:TRACTION BATTERY,20250723,20250825,10,MFR,No,Yes
25V395000,https://www.nhtsa.gov/vehicle/recalls#?nhtsaId=25V395000,BMW,"I4, I4 EDRIVE35, I4 EDRIVE40, I5, I7, IX","2022, 2023, 2024, 2025",ELECTRICAL SYSTEM:PROPULSION SYSTEM:TRACTION MOTOR:CONTROLLER:SOFTWARE,20250723,20250808,71286,MFR,No,No
25V472000,https://www.nhtsa.gov/vehicle/recalls#?nhtsaId=25V472000,JEEP,"GRAND CHEROKEE, GRAND CHEROKEE L","2023, 2024",SEATS:MID/REAR ASSEMBLY:HEAD RESTRAINT,20250717,20250905,121398,MFR,No,No
25V474000,https://www.nhtsa.gov/vehicle/recalls#?nhtsaId=25V474000,GENESIS,"G90, GV60","2023, 2024, 2025",ELECTRICAL SYSTEM: INSTRUMENT CLUSTER/PANEL,20250717,20250822,4754,ODI,No,No
25V471000,https://www.nhtsa.gov/vehicle/recalls#?nhtsaId=25V471000,CHRYSLER,PACIFICA,"2024, 2025",EQUIPMENT:APPLIANCE:TV/RADIO/SPEAKERS,20250717,20250807,21,MFR,No,No
25V470000,https://www.nhtsa.gov/vehicle/recalls#?nhtsaId=25V470000,BMW,"I4, I7, IX","2022, 2023, 2024, 2025",ELECTRICAL SYSTEM:PROPULSION SYSTEM:TRACTION BATTERY,20250716,20251202,136,MFR,No,No
25V415000,https://www.nhtsa.gov/vehicle/recalls#?nhtsaId=25V415000,PORSCHE,"PANAMERA, PANAMERA 4 E-HYBRID, TAYCAN","2025, 2026",SUSPENSION:FRONT:MACPHERSON STRUT,20250715,20250815,284,MFR,No,No
25V463000,https://www.nhtsa.gov/vehicle/recalls#?nhtsaId=25V463000,MERCEDES-BENZ,METRIS,"2020, 2021, 2022, 2023",EQUIPMENT:ELECTRICAL:INFOTAINMENT:VIDEO (TOUCH)SCREEN/MONITOR/UNIT,20250711,20251111,43422,MFR,No,No
25V467000,https://www.nhtsa.gov/vehicle/recalls#?nhtsaId=25V467000,FORD,"BRONCO SPORT, ESCAPE","2020, 2021, 2022, 2023, 2024","FUEL SYSTEM, GASOLINE:FUEL INJECTION SYSTEM",20250711,,694271,ODI,No,No
25E039000,https://www.nhtsa.gov/vehicle/recalls#?nhtsaId=25E039000,FORD,"1.5L ECOBOOST RFF CYLINDER HEAD, 1.5L ECOBOOST RFF LONG BLOCK",9999,ENGINE,20250707,20250820,2985,MFR,No,No
25V455000,https://www.nhtsa.gov/vehicle/recalls#?nhtsaId=25V455000,"FORD, LINCOLN","AVIATOR, BRONCO, EXPEDITION, EXPLORER, F-150, F-250 SD, F-350 SD, F-450 SD, F-550 SD, MUSTANG, NAVIGATOR","2021, 2022, 2023","FUEL SYSTEM, GASOLINE:DELIVERY:FUEL PUMP",20250707,20260727,850318,ODI,No,No
25V434000,https://www.nhtsa.gov/vehicle/recalls#?nhtsaId=25V434000,VOLKSWAGEN,"ATLAS, ATLAS CROSS SPORT, ID.4","2023, 2024, 2025",SERVICE BRAKES,20250630,20250725,546,MFR,No,No
25V443000,https://www.nhtsa.gov/vehicle/recalls#?nhtsaId=25V443000,FORD,GT,2017,STRUCTURE,20250627,20250808,2,MFR,No,No
25V442000,https://www.nhtsa.gov/vehicle/recalls#?nhtsaId=25V442000,"FORD, LINCOLN","AVIATOR, BRONCO SPORT, CONTINENTAL, CORSAIR, ECOSPORT, EDGE, ESCAPE, EXPEDITION, EXPLORER, F-150, F-250 SD, FUSION, MAVERICK, MKX, MKZ, MUSTANG, NAUTILUS, NAVIGATOR, RANGER, TRANSIT, TRANSIT CONNECT","2018, 2019, 2020, 2021, 2022, 2023, 2024",BACK OVER PREVENTION:SOFTWARE,20250627,20250904,200237,ODI,No,No
25V441000,https://www.nhtsa.gov/vehicle/recalls#?nhtsaId=25V441000,FORD,MUSTANG MACH E,2022,ELECTRICAL SYSTEM:PROPULSION SYSTEM:TRACTION BATTERY:MANAGEMENT SYSTEM/ENERGY CONTROL MODULE (BMS/BECM),20250627,20250710,239,MFR,No,No
25V439000,https://www.nhtsa.gov/vehicle/recalls#?nhtsaId=25V439000,"FORD, LINCOLN","EXPEDITION, NAVIGATOR",2025,AIR BAGS:FRONTAL,20250627,20250808,171,MFR,No,No
25V438000,https://www.nhtsa.gov/vehicle/recalls#?nhtsaId=25V438000,FORD,F-150 LIGHTNING BEV,2025,"SERVICE BRAKES, HYDRAULIC:FOUNDATION COMPONENTS:HOSES, LINES/PIPING, AND FITTINGS",20250627,20250715,5,MFR,No,No
25V428000,https://www.nhtsa.gov/vehicle/recalls#?nhtsaId=25V428000,AUDI,E-TRON GT,2025,SUSPENSION:FRONT:MACPHERSON STRUT,20250627,20250716,8,MFR,No,No
25V432000,https://www.nhtsa.gov/vehicle/recalls#?nhtsaId=25V432000,"CHEVROLET, GMC","SIERRA 1500, SIERRA 2500, SIERRA 3500, SILVERADO 1500, SILVERADO 2500, SILVERADO 3500","2018, 2019",AIR BAGS,20250626,20250718,1658,MFR,No,No
25V430000,https://www.nhtsa.gov/vehicle/recalls#?nhtsaId=25V430000,JEEP,"GRAND CHEROKEE, GRAND CHEROKEE L",2023,VISIBILITY:DEFROSTER/DEFOGGER/HVAC SYSTEM:FAN/MOTOR,20250626,20250708,1689,MFR,No,No
25V435000,https://www.nhtsa.gov/vehicle/recalls#?nhtsaId=25V435000,HONDA,NC750X,2024,TIRES,20250626,20250804,255,MFR,No,No
25V433000,https://www.nhtsa.gov/vehicle/recalls#?nhtsaId=25V433000,CHEVROLET,BLAZER EV,"2024, 2025",PARKING BRAKE,20250625,20251001,40233,MFR,No,No
25V426000,https://www.nhtsa.gov/vehicle/recalls#?nhtsaId=25V426000,KIA,NIRO EV,"2020, 2021, 2022",BACK OVER PREVENTION: SENSING SYSTEM: CAMERA,20250620,20251107,11327,MFR,No,No
25V422000,https://www.nhtsa.gov/vehicle/recalls#?nhtsaId=25V422000,HONDA,ACCORD,2013,POWER TRAIN:DRIVELINE:DRIVESHAFT,20250619,20250811,72256,MFR,No,No
25V410000,https://www.nhtsa.gov/vehicle/recalls#?nhtsaId=25V410000,TESLA,"MODEL 3, MODEL Y",2026,SEATS:CRITICAL FASTENERS,20250618,20250816,48,MFR,No,No
25V394000,https://www.nhtsa.gov/vehicle/recalls#?nhtsaId=25V394000,FORD,MUSTANG MACH E,2025,POWER TRAIN:AUTOMATIC TRANSMISSION:INTERNAL:PARK PAWL,20250613,20251003,276,MFR,No,No
25V344000,https://www.nhtsa.gov/vehicle/recalls#?nhtsaId=25V344000,FORD,"EXPLORER, F-150, TRANSIT",2025,ENGINE AND ENGINE COOLING:ENGINE:HARD PARTS INTERNAL/MECHANICAL,20250613,20250815,156,MFR,No,No
25V393000,https://www.nhtsa.gov/vehicle/recalls#?nhtsaId=25V393000,"FORD, LINCOLN","AVIATOR, EXPLORER","2020, 2021, 2022, 2023, 2024, 2025",SEATS:MID/REAR ASSEMBLY,20250613,20250807,304662,ODI,No,No
25V399000,https://www.nhtsa.gov/vehicle/recalls#?nhtsaId=25V399000,FORD,RANGER,2025,ELECTRICAL SYSTEM:SOFTWARE,20250613,20250829,45,MFR,No,No
25V396000,https://www.nhtsa.gov/vehicle/recalls#?nhtsaId=25V396000,FORD,BRONCO,2025,AIR BAGS:FRONTAL,20250613,20251003,2272,MFR,No,No
25V397000,https://www.nhtsa.gov/vehicle/recalls#?nhtsaId=25V397000,FORD,BRONCO,2025,LATCHES/LOCKS/LINKAGES:DOORS:LOCK,20250613,20250627,27768,MFR,No,No
25V407000,https://www.nhtsa.gov/vehicle/recalls#?nhtsaId=25V407000,LINCOLN,AVIATOR,"2020, 2021, 2022, 2023, 2024, 2025",STRUCTURE:BODY,20250613,20250929,132914,MFR,No,No
25V403000,https://www.nhtsa.gov/vehicle/recalls#?nhtsaId=25V403000,LINCOLN,NAVIGATOR,2022,EXTERIOR LIGHTING:LIGHTING CONTROL MODULE:SOFTWARE,20250613,20250716,48,MFR,No,No
25V401000,https://www.nhtsa.gov/vehicle/recalls#?nhtsaId=25V401000,FORD,"F-250 SD, F-350 SD, F-450 SD, F-550 SD",2025,"SERVICE BRAKES, HYDRAULIC:PEDALS AND LINKAGES",20250613,20250619,2345,MFR,Yes,No
25V398000,https://www.nhtsa.gov/vehicle/recalls#?nhtsaId=25V398000,FORD,F-150,2025,ELECTRICAL SYSTEM:WIRING,20250613,20250912,40,MFR,No,No
25V404000,https://www.nhtsa.gov/vehicle/recalls#?nhtsaId=25V404000,FORD,MUSTANG MACH E,"2021, 2022, 2023, 2024, 2025",ELECTRICAL SYSTEM:BODY CONTROL MODULE:SOFTWARE,20250613,20250710,197432,ODI,No,No
25V390000,https://www.nhtsa.gov/vehicle/recalls#?nhtsaId=25V390000,CHEVROLET,"6500, SILVERADO 4500, SILVERADO 5500, SILVERADO 6500, duplicate SILVERADO 5500","2019, 2020, 2021, 2022, 2023, 2024","SERVICE BRAKES, HYDRAULIC:BRAKE FLUID LOW WARNING:SWITCH/SENSOR/FLOAT",20250612,20250911,62468,MFR,No,Yes
25V388000,https://www.nhtsa.gov/vehicle/recalls#?nhtsaId=25V388000,CHRYSLER,"PACIFICA, VOYAGER",2023,EQUIPMENT:APPLIANCE:TV/RADIO/SPEAKERS,20250612,20250703,140,MFR,No,No
25V389000,https://www.nhtsa.gov/vehicle/recalls#?nhtsaId=25V389000,DODGE,CHARGER EV,"2024, 2025",BACK OVER PREVENTION:WARNINGS:EXTERNAL/PEDESTRIAN ALERT,20250612,20250626,8390,MFR,No,No
25V391000,https://www.nhtsa.gov/vehicle/recalls#?nhtsaId=25V391000,"ACURA, HONDA","MDX, PILOT, TLX","2021, 2022, 2023, 2024, 2025","SERVICE BRAKES, HYDRAULIC:PEDALS AND LINKAGES",20250612,20250728,259033,MFR,No,No
25V387000,https://www.nhtsa.gov/vehicle/recalls#?nhtsaId=25V387000,RIVIAN,"R1S, R1T",2025,EXTERIOR LIGHTING:TURN SIGNAL,20250611,20250922,27882,MFR,No,No
25V365000,https://www.nhtsa.gov/vehicle/recalls#?nhtsaId=25V365000,MERCEDES-BENZ,"GLC 300, GLC 300 4MATIC",2023,EXTERIOR LIGHTING:HEADLIGHTS,20250611,20250718,127,MFR,No,No
25V350000,https://www.nhtsa.gov/vehicle/recalls#?nhtsaId=25V350000,FORD,MAVERICK,2025,AIR BAGS:SENSOR:OCCUPANT CLASSIFICATION:STATUS INDICATOR LAMP/LIGHT,20250609,20250624,63898,MFR,No,No
25V379000,https://www.nhtsa.gov/vehicle/recalls#?nhtsaId=25V379000,MERCEDES-BENZ,"AMG GLC63 S E, GLC 300, GLC 300 4MATIC, GLC 350 E 4MATIC, REDUNDANT AMG GLC43 4MATIC","2023, 2024, 2025",STRUCTURE:BODY:ROOF AND PILLARS,20250606,20250709,92851,OVSC,No,No
25V378000,https://www.nhtsa.gov/vehicle/recalls#?nhtsaId=25V378000,HONDA,CR-V HYBRID,2025,"FUEL SYSTEM, GASOLINE:DELIVERY:HOSES, LINES/PIPING, AND FITTINGS",20250605,,6,MFR,No,No
25V366000,https://www.nhtsa.gov/vehicle/recalls#?nhtsaId=25V366000,MERCEDES-BENZ,"AMG EQE 53 4MATIC, EQE 350+, EQE 500 4MATIC, EQE SUV 350 4MATIC, EQE SUV 350+, EQE SUV 500 4MATIC, EQS 450 4MATIC, EQS 450+, EQS 580 4MATIC, EQS SUV 450 4MATIC, EQS SUV 450+, EQS SUV 580 4MATIC, S 580 E 4MATIC","2022, 2023, 2024, 2025",BACK OVER PREVENTION:WARNINGS:EXTERNAL/PEDESTRIAN ALERT,20250605,20250801,94,MFR,No,No
25V370000,https://www.nhtsa.gov/vehicle/recalls#?nhtsaId=25V370000,RIVIAN,"R1S, R1T","2022, 2023, 2024, 2025",SEAT BELTS:FRONT:ANCHORAGE,20250603,20250708,536,MFR,No,No
25V371000,https://www.nhtsa.gov/vehicle/recalls#?nhtsaId=25V371000,FORD,EXPLORER,2025,"SERVICE BRAKES, HYDRAULIC:FOUNDATION COMPONENTS:DISC:CALIPER",20250603,20250620,3,MFR,No,No
25V372000,https://www.nhtsa.gov/vehicle/recalls#?nhtsaId=25V372000,FORD,"BRONCO SPORT, ESCAPE","2023, 2024, 2025",ENGINE,20250603,20250808,404,MFR,No,No
25V373000,https://www.nhtsa.gov/vehicle/recalls#?nhtsaId=25V373000,HYUNDAI,IONIQ 5,2025,EXTERIOR LIGHTING:HEADLIGHTS,20250603,20250715,10409,MFR,No,No
25V325000,https://www.nhtsa.gov/vehicle/recalls#?nhtsaId=25V325000,MERCEDES-BENZ,"AMG GLE53 4MATIC+, AMG GLE53 4MATIC+ COUPE, AMG GLE63 S 4MATIC+ COUPE, AMG GLS63 4MATIC+, GLE 350 4MATIC, GLE 450 4MATIC, GLE 450 4MATIC COUPE, GLE 450E 4MATIC, GLS 450 4MATIC","2024, 2025",VISIBILITY:REARVIEW MIRRORS/DEVICES:INTERIOR,20250530,20250627,26,MFR,No,No
25V356000,https://www.nhtsa.gov/vehicle/recalls#?nhtsaId=25V356000,CADILLAC,LYRIQ,"2023, 2024",ELECTRICAL SYSTEM: INSTRUMENT CLUSTER/PANEL,20250529,20250617,41376,ODI,No,No
25V358000,https://www.nhtsa.gov/vehicle/recalls#?nhtsaId=25V358000,HONDA,"CMX1100, CRF1100, XL750","2024, 2025",ENGINE AND ENGINE COOLING:ENGINE:OIL/LUBRICATION,20250529,20250715,1016,MFR,No,No
25V359000,https://www.nhtsa.gov/vehicle/recalls#?nhtsaId=25V359000,TESLA,MODEL Y,2026,VISIBILITY:WINDSHIELD WIPER/WASHER:LINKAGES,20250529,20250725,172,MFR,No,No
25V351000,https://www.nhtsa.gov/vehicle/recalls#?nhtsaId=25V351000,KIA,K5,2025,EXTERIOR LIGHTING:LIGHTING CONTROL MODULE:SOFTWARE,20250527,20250624,82281,MFR,No,No
25V338000,https://www.nhtsa.gov/vehicle/recalls#?nhtsaId=25V338000,LINCOLN,"AVIATOR, CORSAIR","2020, 2021, 2022, 2023",SEAT BELTS:FRONT:WARNING LIGHT/DEVICES,20250523,20250703,4442,MFR,No,No
25V197000,https://www.nhtsa.gov/vehicle/recalls#?nhtsaId=25V197000,"FORD, LINCOLN","EXPEDITION, NAVIGATOR","2018, 2019, 2020",SEAT BELTS:PRETENSIONER,20250523,20251022,112951,ODI,No,No
25V337000,https://www.nhtsa.gov/vehicle/recalls#?nhtsaId=25V337000,LINCOLN,NAUTILUS,2024,EQUIPMENT:ELECTRICAL:INFOTAINMENT:SOFTWARE,20250523,20250724,30679,MFR,No,No
25V341000,https://www.nhtsa.gov/vehicle/recalls#?nhtsaId=25V341000,FORD,F-150 LIGHTNING BEV,"2024, 2025",SUSPENSION:FRONT:CONTROL ARM:UPPER BALL JOINT,20250523,20250606,29501,MFR,No,No
25V339000,https://www.nhtsa.gov/vehicle/recalls#?nhtsaId=25V339000,FORD,TRANSIT,"2022, 2023",ELECTRICAL SYSTEM: INSTRUMENT CLUSTER/PANEL,20250523,20250623,3506,MFR,No,No
25V340000,https://www.nhtsa.gov/vehicle/recalls#?nhtsaId=25V340000,FORD,F-150 LIGHTNING BEV,2022,TIRES:PRESSURE MONITORING AND REGULATING SYSTEMS,20250523,20250627,197,MFR,No,No
25V343000,https://www.nhtsa.gov/vehicle/recalls#?nhtsaId=25V343000,"FORD, LINCOLN","BRONCO SPORT, CORSAIR, ESCAPE, MAVERICK, NAUTILUS","2023, 2024, 2025",EQUIPMENT:ELECTRICAL:ENGINE BLOCK HEATER,20250523,20260609,6781,MFR,No,No
25V345000,https://www.nhtsa.gov/vehicle/recalls#?nhtsaId=25V345000,"FORD, LINCOLN","CORSAIR, ESCAPE, MAVERICK","2020, 2021, 2022, 2023",ENGINE,20250523,20250627,1809,MFR,No,No
25V346000,https://www.nhtsa.gov/vehicle/recalls#?nhtsaId=25V346000,"FORD, LINCOLN","EXPEDITION, NAVIGATOR",2020,ELECTRICAL SYSTEM:BODY CONTROL MODULE:SOFTWARE,20250523,20250625,556,MFR,No,No
25V347000,https://www.nhtsa.gov/vehicle/recalls#?nhtsaId=25V347000,FORD,EXPLORER,"2016, 2017",STRUCTURE:BODY,20250523,,492145,ODI,No,No
25V348000,https://www.nhtsa.gov/vehicle/recalls#?nhtsaId=25V348000,FORD,F-150,2021,EXTERIOR LIGHTING:BACK UP LIGHTS,20250523,20250626,10,MFR,No,No
25V349000,https://www.nhtsa.gov/vehicle/recalls#?nhtsaId=25V349000,LINCOLN,AVIATOR,"2020, 2021",ELECTRICAL SYSTEM:PROPULSION SYSTEM:TRACTION BATTERY,20250523,20250626,8,MFR,No,No
25V334000,https://www.nhtsa.gov/vehicle/recalls#?nhtsaId=25V334000,VOLKSWAGEN,"ATLAS, ATLAS CROSS SPORT","2024, 2025",BACK OVER PREVENTION: SENSING SYSTEM: CAMERA,20250521,20250605,171381,MFR,No,No
25V330000,https://www.nhtsa.gov/vehicle/recalls#?nhtsaId=25V330000,RAM,PROMASTER,"2022, 2024, 2025",BACK OVER PREVENTION: SENSING SYSTEM: CAMERA,20250521,20250612,235640,MFR,No,No
25V322000,https://www.nhtsa.gov/vehicle/recalls#?nhtsaId=25V322000,TOYOTA,"TUNDRA, TUNDRA HYBRID","2022, 2023, 2024, 2025",EXTERIOR LIGHTING:BACK UP LIGHTS,20250515,20250911,443444,MFR,No,No
25V269000,https://www.nhtsa.gov/vehicle/recalls#?nhtsaId=25V269000,VOLKSWAGEN,ID. BUZZ,2025,SEATS:MID/REAR ASSEMBLY,20250515,20250620,5644,MFR,No,No
25V273000,https://www.nhtsa.gov/vehicle/recalls#?nhtsaId=25V273000,FORD,BRONCO,"2022, 2023",BACK OVER PREVENTION: SENSING SYSTEM: CAMERA,20250514,20251008,128889,MFR,No,No
25V255000,https://www.nhtsa.gov/vehicle/recalls#?nhtsaId=25V255000,MERCEDES-BENZ,"AMG C43 4MATIC, AMG EQE 53 4MATIC, AMG EQS 53 4MATIC, AMG SL43, AMG SL55 4MATIC+, AMG SL63 4MATIC+, C 300, EQE 350 4MATIC, EQE 500 4MATIC, EQE SUV 350 4MATIC, EQE SUV 500 4MATIC, EQS 450 4MATIC, EQS 450+, EQS 580 4MATIC, EQS SUV 580 4MATIC, GLC 300, S 500 4MATIC, S 580 4MATIC, S 580 E 4MATIC","2023, 2024",ELECTRICAL SYSTEM:WIRING:FUSES AND CIRCUIT BREAKERS,20250512,20250606,443,MFR,No,No
25V303000,https://www.nhtsa.gov/vehicle/recalls#?nhtsaId=25V303000,FORD,BRONCO,2024,LATCHES/LOCKS/LINKAGES:DOORS:LOCK,20250509,20250522,2002,MFR,No,No
25V311000,https://www.nhtsa.gov/vehicle/recalls#?nhtsaId=25V311000,FORD,"BRONCO, RANGER",2025,SEATS:CRITICAL FASTENERS,20250509,20250523,46,MFR,No,No
25V309000,https://www.nhtsa.gov/vehicle/recalls#?nhtsaId=25V309000,FORD,F-150,2025,STEERING,20250509,20250529,9181,MFR,No,No
25V308000,https://www.nhtsa.gov/vehicle/recalls#?nhtsaId=25V308000,FORD,BRONCO,"2024, 2025",SUSPENSION:FRONT:CONTROL ARM:LOWER ARM,20250509,20250603,3,MFR,Yes,No
25V316000,https://www.nhtsa.gov/vehicle/recalls#?nhtsaId=25V316000,"FORD, LINCOLN","AVIATOR, EXPLORER",2025,STRUCTURE:FRAME AND MEMBERS,20250509,20250521,206,MFR,No,No
25V315000,https://www.nhtsa.gov/vehicle/recalls#?nhtsaId=25V315000,"FORD, LINCOLN","BRONCO, CORSAIR, EDGE, ESCAPE, EXPEDITION, F-150, F-250 SD, F-350 SD, F-450 SD, F-550 SD, F-600 SD, MUSTANG, MUSTANG MACH E, NAUTILUS, NAVIGATOR, RANGER, TRANSIT","2021, 2022, 2023, 2024, 2025",BACK OVER PREVENTION:SOFTWARE,20250509,20251008,1076138,ODI,No,No
25V314000,https://www.nhtsa.gov/vehicle/recalls#?nhtsaId=25V314000,"FORD, LINCOLN","EXPEDITION, NAVIGATOR","2022, 2023, 2024","SERVICE BRAKES, HYDRAULIC:FOUNDATION COMPONENTS:HOSES, LINES/PIPING, AND FITTINGS",20250509,20250530,273789,ODI,No,No
25V313000,https://www.nhtsa.gov/vehicle/recalls#?nhtsaId=25V313000,FORD,F-150 LIGHTNING BEV,"2022, 2023",ELECTRONIC STABILITY CONTROL (ESC),20250509,20250618,6,MFR,No,No
25V312000,https://www.nhtsa.gov/vehicle/recalls#?nhtsaId=25V312000,FORD,BRONCO,"2021, 2022",BACK OVER PREVENTION: SENSING SYSTEM: CAMERA,20250509,20250618,12219,MFR,No,No
25V306000,https://www.nhtsa.gov/vehicle/recalls#?nhtsaId=25V306000,FORD,"F-250 SD, F-350 SD",2025,"FUEL SYSTEM, DIESEL:DELIVERY:HOSES, LINES/PIPING, AND FITTINGS",20250509,,5,MFR,No,No
25V310000,https://www.nhtsa.gov/vehicle/recalls#?nhtsaId=25V310000,FORD,"BRONCO, RANGER","2024, 2025",SUSPENSION:FRONT:CONTROL ARM:UPPER BALL JOINT,20250509,20250523,4497,MFR,No,No
25V299000,https://www.nhtsa.gov/vehicle/recalls#?nhtsaId=25V299000,"CHEVROLET, GMC","EXPRESS, SAVANA",2025,SEATS:FRONT ASSEMBLY:HEAD RESTRAINT,20250508,20250610,32,MFR,No,No
25V302000,https://www.nhtsa.gov/vehicle/recalls#?nhtsaId=25V302000,CHRYSLER,"PACIFICA, VOYAGER","2022, 2023, 2024, 2025",AIR BAGS:SIDE/WINDOW:CURTAIN,20250508,20251014,250651,MFR,No,No
25V298000,https://www.nhtsa.gov/vehicle/recalls#?nhtsaId=25V298000,RAM,1500,"2019, 2020, 2021, 2022, 2023, 2024",AIR BAGS,20250508,20250527,71,MFR,No,No
25V297000,https://www.nhtsa.gov/vehicle/recalls#?nhtsaId=25V297000,RAM,"2500, 3500",2025,ELECTRICAL SYSTEM: INSTRUMENT CLUSTER/PANEL,20250508,20250522,778,MFR,No,No
25V294000,https://www.nhtsa.gov/vehicle/recalls#?nhtsaId=25V294000,AUDI,"Q5, Q5 SPORTBACK","2022, 2023, 2024",ENGINE,20250507,20250604,89417,MFR,No,No
25V291000,https://www.nhtsa.gov/vehicle/recalls#?nhtsaId=25V291000,HYUNDAI,PALISADE,2025,POWER TRAIN:AUTOMATIC TRANSMISSION:FLUID/LUBRICANT:PUMP,20250506,20250611,620,MFR,No,Yes
25V221000,https://www.nhtsa.gov/vehicle/recalls#?nhtsaId=25V221000,PORSCHE,TAYCAN,"2022, 2023",AIR BAGS:SENSOR:OCCUPANT CLASSIFICATION:FRONT PASSENGER,20250505,20251124,9735,MFR,No,No
25V253000,https://www.nhtsa.gov/vehicle/recalls#?nhtsaId=25V253000,MERCEDES-BENZ,"AMG C43, C 300","2022, 2023, 2024, 2025",SEAT BELTS:FRONT,20250502,20250516,46,MFR,No,No
25V011000,https://www.nhtsa.gov/vehicle/recalls#?nhtsaId=25V011000,JEEP,CHEROKEE,"2017, 2018, 2019",POWER TRAIN,20250429,20260219,63130,ODI,No,No
25V274000,https://www.nhtsa.gov/vehicle/recalls#?nhtsaId=25V274000,"CADILLAC, CHEVROLET, GMC","ESCALADE, ESCALADE ESV, SIERRA 1500, SILVERADO 1500, SUBURBAN, TAHOE, YUKON, YUKON XL","2021, 2022, 2023, 2024",ENGINE AND ENGINE COOLING:ENGINE:HARD PARTS INTERNAL/MECHANICAL,20250424,20250618,597571,ODI,No,No
25V270000,https://www.nhtsa.gov/vehicle/recalls#?nhtsaId=25V270000,"FORD, LINCOLN","EXPEDITION, F-450, MKC, NAVIGATOR, redundant F-250, redundant F-350",2015,BACK OVER PREVENTION: SENSING SYSTEM: CAMERA,20250423,20251016,160729,MFR,No,No
25V271000,https://www.nhtsa.gov/vehicle/recalls#?nhtsaId=25V271000,FORD,F-150,2025,EQUIPMENT:OTHER:LABELS,20250423,20250507,326,MFR,No,No
25V272000,https://www.nhtsa.gov/vehicle/recalls#?nhtsaId=25V272000,FORD,F-150 LIGHTNING BEV,"2022, 2023",ELECTRICAL SYSTEM:PROPULSION SYSTEM:TRACTION BATTERY,20250423,20250521,3,MFR,No,No
25V260000,https://www.nhtsa.gov/vehicle/recalls#?nhtsaId=25V260000,FORD,BRONCO,2025,SUSPENSION:FRONT:CONTROL ARM:UPPER BALL JOINT,20250418,20250515,2,MFR,Yes,No
25V254000,https://www.nhtsa.gov/vehicle/recalls#?nhtsaId=25V254000,MERCEDES-BENZ,"AMG G63, G 550, G 580 EV",2025,ELECTRONIC STABILITY CONTROL (ESC):CONTROL MODULE:SOFTWARE,20250417,20250610,6247,MFR,No,No
25V259000,https://www.nhtsa.gov/vehicle/recalls#?nhtsaId=25V259000,ACURA,MDX,"2014, 2015, 2016, 2017, 2018, 2019, 2020",INTERIOR LIGHTING,20250417,20250528,152800,MFR,No,No
25V247000,https://www.nhtsa.gov/vehicle/recalls#?nhtsaId=25V247000,BMW,X3,2025,"SERVICE BRAKES, HYDRAULIC:FOUNDATION COMPONENTS:DISC",20250416,20250605,26,MFR,No,No
25V227000,https://www.nhtsa.gov/vehicle/recalls#?nhtsaId=25V227000,AUDI,"E-TRON GT, RS E-TRON GT","2022, 2023",AIR BAGS:SENSOR:OCCUPANT CLASSIFICATION:FRONT PASSENGER,20250415,20250715,3773,MFR,No,No
25V246000,https://www.nhtsa.gov/vehicle/recalls#?nhtsaId=25V246000,"ALFA ROMEO, DODGE","HORNET, TONALE, TONALE PHEV","2023, 2024, 2025",BACK OVER PREVENTION: SENSING SYSTEM: CAMERA,20250415,20250513,48527,MFR,No,No
25V239000,https://www.nhtsa.gov/vehicle/recalls#?nhtsaId=25V239000,FORD,EXPLORER,2025,POWER TRAIN:AUTOMATIC TRANSMISSION:CONTROL MODULE:SOFTWARE,20250411,20250606,24655,MFR,No,No
25V242000,https://www.nhtsa.gov/vehicle/recalls#?nhtsaId=25V242000,FORD,TRANSIT,"2022, 2023",BACK OVER PREVENTION: SENSING SYSTEM: CAMERA,20250411,20250523,4625,MFR,No,No
25V240000,https://www.nhtsa.gov/vehicle/recalls#?nhtsaId=25V240000,MERCEDES-BENZ,"E 350, E 450",2024,ELECTRICAL SYSTEM:WIRING,20250411,20250507,14,MFR,No,No
25V238000,https://www.nhtsa.gov/vehicle/recalls#?nhtsaId=25V238000,FORD,E-TRANSIT CHASSIS,"2024, 2025",ELECTRICAL SYSTEM:PROPULSION SYSTEM:TRACTION BATTERY,20250411,20250515,457,MFR,No,Yes
25V237000,https://www.nhtsa.gov/vehicle/recalls#?nhtsaId=25V237000,"FORD, LINCOLN","NAUTILUS, RANGER",2024,VISIBILITY:POWER WINDOW DEVICES AND CONTROLS,20250411,20250515,1177,MFR,No,No
25V236000,https://www.nhtsa.gov/vehicle/recalls#?nhtsaId=25V236000,"FORD, LINCOLN","EXPEDITION, F-150, NAVIGATOR","2017, 2018","SERVICE BRAKES, HYDRAULIC:FOUNDATION COMPONENTS:MASTER CYLINDER",20250411,20250925,123611,ODI,No,No
25V231000,https://www.nhtsa.gov/vehicle/recalls#?nhtsaId=25V231000,RAM,1500,2025,TIRES:PRESSURE MONITORING AND REGULATING SYSTEMS,20250410,20250424,10423,MFR,No,No
25V234000,https://www.nhtsa.gov/vehicle/recalls#?nhtsaId=25V234000,ACURA,ZDX,2024,SUSPENSION:FRONT:STABILIZER BAR,20250410,20250528,9,MFR,No,No
25V232000,https://www.nhtsa.gov/vehicle/recalls#?nhtsaId=25V232000,CADILLAC,LYRIQ,"2023, 2024, 2025",SUSPENSION:FRONT:STABILIZER BAR,20250410,20250508,17,MFR,No,No
25V235000,https://www.nhtsa.gov/vehicle/recalls#?nhtsaId=25V235000,HYUNDAI,IONIQ 5,2025,"SERVICE BRAKES, HYDRAULIC:POWER ASSIST:ELECTRIC:CONTROL MODULE:SOFTWARE",20250410,20250425,1589,ODI,No,No
25V233000,https://www.nhtsa.gov/vehicle/recalls#?nhtsaId=25V233000,VOLKSWAGEN,ID. BUZZ,2025,ELECTRICAL SYSTEM: INSTRUMENT CLUSTER/PANEL,20250410,20250606,5637,MFR,No,No
25V226000,https://www.nhtsa.gov/vehicle/recalls#?nhtsaId=25V226000,AUDI,"Q6 E-TRON, SQ6 SPORTBACK E-TRON",2025,BACK OVER PREVENTION:SOFTWARE,20250409,20250520,98,MFR,No,No
25V225000,https://www.nhtsa.gov/vehicle/recalls#?nhtsaId=25V225000,AUDI,"Q6 E-TRON, SQ6 SPORTBACK E-TRON",2025,BACK OVER PREVENTION: SENSING SYSTEM: CAMERA,20250409,20250502,313,MFR,No,No
25V220000,https://www.nhtsa.gov/vehicle/recalls#?nhtsaId=25V220000,PORSCHE,MACAN ELECTRIC,"2024, 2025",BACK OVER PREVENTION:SOFTWARE,20250408,20250523,8571,MFR,No,No
25V210000,https://www.nhtsa.gov/vehicle/recalls#?nhtsaId=25V210000,HONDA,CB300R,"2018, 2019, 2020, 2021, 2022, 2023, 2024, 2025",EXTERIOR LIGHTING:HEADLIGHTS,20250403,20250523,7212,MFR,No,No
25V202000,https://www.nhtsa.gov/vehicle/recalls#?nhtsaId=25V202000,BMW,"330I, 330I XDRIVE, 430I, 430I XDRIVE, 530I, 530I XDRIVE, X3",2025,ELECTRICAL SYSTEM:STARTER ASSEMBLY,20250401,20250808,4557,MFR,No,No
25V201000,https://www.nhtsa.gov/vehicle/recalls#?nhtsaId=25V201000,AUDI,"A6, A6 ALLROAD, A7, A8, Q7, Q8, RS 6 AVANT, RS 7, RS Q8, S6, S7, S8, SQ7, SQ8",2021,ELECTRICAL SYSTEM:SOFTWARE,20250331,20250424,44387,MFR,No,No
25V198000,https://www.nhtsa.gov/vehicle/recalls#?nhtsaId=25V198000,"FORD, LINCOLN","EXPEDITION, F-150, NAVIGATOR","2024, 2025",ENGINE AND ENGINE COOLING:ENGINE:OIL/LUBRICATION,20250328,20250523,4356,ODI,No,No
25V199000,https://www.nhtsa.gov/vehicle/recalls#?nhtsaId=25V199000,FORD,F-150 HYBRID,2025,"ELECTRICAL SYSTEM:PROPULSION SYSTEM:FUSES, RELAYS, CONTACTS, AND SHUNTS",20250328,20250411,47,MFR,No,No
25V196000,https://www.nhtsa.gov/vehicle/recalls#?nhtsaId=25V196000,FORD,TRANSIT CONNECT,"2019, 2020",POWER TRAIN:AUTOMATIC TRANSMISSION:CONTROL MODULE (TCM/PCM/TECM),20250328,20250421,152,MFR,No,No
25V191000,https://www.nhtsa.gov/vehicle/recalls#?nhtsaId=25V191000,CHRYSLER,PACIFICA PLUG-IN HYBRID,2025,"SERVICE BRAKES, HYDRAULIC:FOUNDATION COMPONENTS:DISC:CALIPER",20250327,20250410,8,MFR,No,No
25V193000,https://www.nhtsa.gov/vehicle/recalls#?nhtsaId=25V193000,CADILLAC,LYRIQ,2025,SEATS:MID/REAR ASSEMBLY:HEAD RESTRAINT,20250327,20250430,10643,MFR,No,No
25V194000,https://www.nhtsa.gov/vehicle/recalls#?nhtsaId=25V194000,BMW,"M 1000 R, M 1000 XR","2024, 2025",STEERING,20250327,20250805,51,MFR,No,No
25V195000,https://www.nhtsa.gov/vehicle/recalls#?nhtsaId=25V195000,HONDA,ADV160,"2024, 2025",ENGINE AND ENGINE COOLING:ENGINE:OIL/LUBRICATION:PUMP,20250327,20250806,3316,MFR,No,No
25V174000,https://www.nhtsa.gov/vehicle/recalls#?nhtsaId=25V174000,JEEP,WAGONEER S,"2024, 2025",EXTERIOR LIGHTING:HEADLIGHTS,20250320,20250403,3919,MFR,No,No
25V175000,https://www.nhtsa.gov/vehicle/recalls#?nhtsaId=25V175000,"CADILLAC, CHEVROLET","ATS, CAMARO, CORVETTE, CTS","2016, 2017, 2018",STEERING:ELECTRIC POWER ASSIST SYSTEM,20250320,20250415,934,MFR,No,No
25V172000,https://www.nhtsa.gov/vehicle/recalls#?nhtsaId=25V172000,TESLA,"MODEL S, MODEL X","2021, 2022, 2023, 2024, 2025",AIR BAGS,20250319,20250520,91,MFR,No,No
25V170000,https://www.nhtsa.gov/vehicle/recalls#?nhtsaId=25V170000,TESLA,CYBERTRUCK,"2024, 2025",STRUCTURE:BODY,20250318,20250919,46096,ODI,No,No
25V159000,https://www.nhtsa.gov/vehicle/recalls#?nhtsaId=25V159000,"FORD, LINCOLN","AVIATOR, CORSAIR, EXPLORER","2020, 2021, 2022, 2023",BACK OVER PREVENTION:SOFTWARE,20250314,20250425,49399,MFR,No,No
25V157000,https://www.nhtsa.gov/vehicle/recalls#?nhtsaId=25V157000,FORD,"F-250 SD, F-350 SD",2023,VISIBILITY:POWER WINDOW DEVICES AND CONTROLS,20250314,20250418,9,MFR,No,No
25V158000,https://www.nhtsa.gov/vehicle/recalls#?nhtsaId=25V158000,FORD,"BRONCO SPORT, MAVERICK","2021, 2022, 2023, 2024",POWER TRAIN:AUTOMATIC TRANSMISSION:CONTROL MODULE (TCM/PCM/TECM),20250314,20250423,48041,MFR,No,No
25V160000,https://www.nhtsa.gov/vehicle/recalls#?nhtsaId=25V160000,FORD,EDGE,"2021, 2022",BACK OVER PREVENTION:SOFTWARE,20250314,20250425,2290,MFR,No,No
25V161000,https://www.nhtsa.gov/vehicle/recalls#?nhtsaId=25V161000,FORD,ESCAPE,2025,BACK OVER PREVENTION: SENSING SYSTEM: CAMERA,20250314,20250328,4721,MFR,No,No
25V163000,https://www.nhtsa.gov/vehicle/recalls#?nhtsaId=25V163000,FORD,"F-250 SD, F-350 SD, F-450 SD",2025,POWER TRAIN:AUTOMATIC TRANSMISSION:GEAR POSITION INDICATION (PRNDL),20250314,20250428,11621,MFR,No,No
25V169000,https://www.nhtsa.gov/vehicle/recalls#?nhtsaId=25V169000,FORD,F-150,2021,POWER TRAIN:AUTOMATIC TRANSMISSION:CONTROL MODULE (TCM/PCM/TECM),20250314,20250422,567,MFR,No,No
25V168000,https://www.nhtsa.gov/vehicle/recalls#?nhtsaId=25V168000,FORD,TRANSIT,"2022, 2023",VISIBILITY:DEFROSTER/DEFOGGER/HVAC SYSTEM,20250314,20250421,471,MFR,No,No
25V166000,https://www.nhtsa.gov/vehicle/recalls#?nhtsaId=25V166000,FORD,EXPLORER,"2020, 2021, 2022",POWER TRAIN:DRIVELINE:DRIVESHAFT,20250314,20250425,4247,MFR,No,No
25V165000,https://www.nhtsa.gov/vehicle/recalls#?nhtsaId=25V165000,FORD,"BRONCO SPORT, ESCAPE","2020, 2021, 2022, 2023","FUEL SYSTEM, GASOLINE:FUEL INJECTION SYSTEM",20250314,20250422,33576,MFR,No,No
25V164000,https://www.nhtsa.gov/vehicle/recalls#?nhtsaId=25V164000,"FORD, LINCOLN","AVIATOR, BRONCO, EXPLORER, F-150, MUSTANG, RANGER","2024, 2025",POWER TRAIN:AUTOMATIC TRANSMISSION:FLUID/LUBRICANT:VALVES/VALVE BODY,20250314,20250411,269,MFR,No,No
25V154000,https://www.nhtsa.gov/vehicle/recalls#?nhtsaId=25V154000,BMW,X3,2025,ELECTRONIC STABILITY CONTROL (ESC),20250312,20250509,192,MFR,No,No
25V150000,https://www.nhtsa.gov/vehicle/recalls#?nhtsaId=25V150000,MERCEDES-BENZ,"EQE 350+, redundant EQE 350 4MATIC",2023,WHEELS:RIM ,20250307,20250425,4,MFR,No,No
25V148000,https://www.nhtsa.gov/vehicle/recalls#?nhtsaId=25V148000,"CADILLAC, CHEVROLET","CAMARO, CT4, CT5, CT6","2019, 2020, 2021, 2022",POWER TRAIN:AUTOMATIC TRANSMISSION,20250306,20250407,90081,MFR,No,No
25V144000,https://www.nhtsa.gov/vehicle/recalls#?nhtsaId=25V144000,MERCEDES-BENZ,"TOURRIDER BUSINESS, TOURRIDER PREMIUM","2022, 2023, 2024, 2025",SEATS,20250305,20250512,162,MFR,No,No
25V130000,https://www.nhtsa.gov/vehicle/recalls#?nhtsaId=25V130000,FORD,MUSTANG MACH E,"2021, 2022",ELECTRICAL SYSTEM:PROPULSION SYSTEM:TRACTION BATTERY:MANAGEMENT SYSTEM/ENERGY CONTROL MODULE (BMS/BECM):SOFTWARE,20250228,20250411,626,ODI,No,No
25V129000,https://www.nhtsa.gov/vehicle/recalls#?nhtsaId=25V129000,MERCEDES-BENZ,"AMG GLC63 S E, AMG GLC63 S E 4MATIC+ COUPE, AMG GT 63 S E COUPE, AMG GT63 S E, AMG S 63 E, AMG S 63 E 4MATIC+, AMG SL63 S E","2023, 2024, 2025",ELECTRICAL SYSTEM:PROPULSION SYSTEM,20250228,20250411,2943,MFR,No,No
25V135000,https://www.nhtsa.gov/vehicle/recalls#?nhtsaId=25V135000,MERCEDES-BENZ,"SPRINTER 1500, SPRINTER 2500, SPRINTER 3500, SPRINTER 4500",2024,PARKING BRAKE,20250228,20250430,88,MFR,No,No
25V134000,https://www.nhtsa.gov/vehicle/recalls#?nhtsaId=25V134000,FORD,"F-250 SD, F-350 SD, F-450 SD",2023,BACK OVER PREVENTION:SOFTWARE,20250228,20250404,355,ODI,No,No
25V133000,https://www.nhtsa.gov/vehicle/recalls#?nhtsaId=25V133000,"FORD, LINCOLN","CORSAIR, ESCAPE, MAVERICK","2021, 2022, 2023, 2024",POWER TRAIN:AUTOMATIC TRANSMISSION:CONTROL MODULE (TCM/PCM/TECM),20250228,20250411,207,MFR,No,No
25V132000,https://www.nhtsa.gov/vehicle/recalls#?nhtsaId=25V132000,"FORD, LINCOLN","EXPEDITION, F-150, F-250 SD, F-350 SD, F-450 SD, F-550 SD, MAVERICK, NAVIGATOR","2021, 2022",ELECTRICAL SYSTEM: INTEGRATED TRAILER BRAKE CONTROL,20250228,20250411,10952,MFR,No,No
25V125000,https://www.nhtsa.gov/vehicle/recalls#?nhtsaId=25V125000,"AUDI, VOLKSWAGEN","ID.4, Q4 E-TRON, Q4 SPORTBACK E-TRON","2024, 2025",ELECTRICAL SYSTEM:PROPULSION SYSTEM:DC/DC CONVERTER,20250228,20250520,13769,MFR,No,No
25V123000,https://www.nhtsa.gov/vehicle/recalls#?nhtsaId=25V123000,FORD,MAVERICK,"2022, 2023",ELECTRICAL SYSTEM: INSTRUMENT CLUSTER/PANEL,20250228,20250409,933,MFR,No,No
25V124000,https://www.nhtsa.gov/vehicle/recalls#?nhtsaId=25V124000,FORD,MAVERICK,2022,"SERVICE BRAKES, HYDRAULIC:ANTILOCK/TRACTION CONTROL/ELECTRONIC LIMITED SLIP:CONTROL UNIT/MODULE ",20250228,20250414,141,MFR,No,No
25V131000,https://www.nhtsa.gov/vehicle/recalls#?nhtsaId=25V131000,FORD,F-150 LIGHTNING BEV,"2022, 2023, 2024",ELECTRICAL SYSTEM:PROPULSION SYSTEM:TRACTION BATTERY,20250228,20250627,950,MFR,No,No
25V126000,https://www.nhtsa.gov/vehicle/recalls#?nhtsaId=25V126000,FORD,ECOSPORT,"2021, 2022",POWER TRAIN:AXLE ASSEMBLY:AXLE SHAFT,20250228,20250529,18648,MFR,No,No
25V127000,https://www.nhtsa.gov/vehicle/recalls#?nhtsaId=25V127000,FORD,MAVERICK,2022,ELECTRICAL SYSTEM:BODY CONTROL MODULE/BCM,20250228,20250411,2,MFR,No,No
25V120000,https://www.nhtsa.gov/vehicle/recalls#?nhtsaId=25V120000,"AUDI, VOLKSWAGEN","ID.4, Q4 E-TRON, Q4 SPORTBACK E-TRON","2021, 2022, 2023",POWER TRAIN:AUTOMATIC TRANSMISSION:GEAR POSITION INDICATION (PRNDL),20250227,20250314,60490,MFR,No,No
25V116000,https://www.nhtsa.gov/vehicle/recalls#?nhtsaId=25V116000,MERCEDES-BENZ,"S 500, S 580, S 580 E","2021, 2022, 2023","SERVICE BRAKES, HYDRAULIC:FOUNDATION COMPONENTS",20250224,20250425,20339,MFR,No,No
25V115000,https://www.nhtsa.gov/vehicle/recalls#?nhtsaId=25V115000,KIA,EV9,2025,POWER TRAIN:DRIVELINE:DRIVESHAFT,20250224,20250307,342,MFR,No,No
25V109000,https://www.nhtsa.gov/vehicle/recalls#?nhtsaId=25V109000,BMW,X3,2025,ELECTRICAL SYSTEM:12V/24V/48V BATTERY:CABLES,20250221,20250605,114,MFR,No,No
25V107000,https://www.nhtsa.gov/vehicle/recalls#?nhtsaId=25V107000,HONDA,"CB650R, CBR650R",2024,POWER TRAIN:CRITICAL FASTENERS,20250220,20250331,507,MFR,No,No
25V106000,https://www.nhtsa.gov/vehicle/recalls#?nhtsaId=25V106000,BMW,X3,"2022, 2023, 2024",LATCHES/LOCKS/LINKAGES:DOORS:LOCK,20250220,20250613,40736,MFR,No,No
25V103000,https://www.nhtsa.gov/vehicle/recalls#?nhtsaId=25V103000,VOLKSWAGEN,GTI,"2022, 2023, 2024",BACK OVER PREVENTION:SOFTWARE,20250219,20250305,8237,ODI,No,No
25V105000,https://www.nhtsa.gov/vehicle/recalls#?nhtsaId=25V105000,GENESIS,"G80, GV70, GV70 ELECTRIFIED, GV80","2023, 2024, 2025",ELECTRICAL SYSTEM: INSTRUMENT CLUSTER/PANEL,20250219,20250326,32594,MFR,No,No
25V100000,https://www.nhtsa.gov/vehicle/recalls#?nhtsaId=25V100000,VOLKSWAGEN,"ATLAS, ATLAS CROSS SPORT","2024, 2025",ENGINE,20250217,20250307,177493,MFR,No,No
25V099000,https://www.nhtsa.gov/vehicle/recalls#?nhtsaId=25V099000,KIA,"SELTOS, SOUL","2021, 2022, 2023",ENGINE AND ENGINE COOLING:ENGINE:HARD PARTS INTERNAL/MECHANICAL,20250217,20250404,137256,ODI,No,No
25V093000,https://www.nhtsa.gov/vehicle/recalls#?nhtsaId=25V093000,"FORD, LINCOLN","AVIATOR, EXPLORER","2020, 2021",SEAT BELTS,20250214,20250605,240510,MFR,No,No
25V094000,https://www.nhtsa.gov/vehicle/recalls#?nhtsaId=25V094000,FORD,MAVERICK,"2022, 2023, 2024",ELECTRICAL SYSTEM:BODY CONTROL MODULE:SOFTWARE,20250214,20250327,1635,MFR,No,No
25V096000,https://www.nhtsa.gov/vehicle/recalls#?nhtsaId=25V096000,FORD,MUSTANG,"2022, 2023",STEERING:ELECTRIC POWER ASSIST SYSTEM,20250214,20250325,332,MFR,No,No
25V095000,https://www.nhtsa.gov/vehicle/recalls#?nhtsaId=25V095000,FORD,MAVERICK,"2022, 2023, 2024",ELECTRICAL SYSTEM:BODY CONTROL MODULE:SOFTWARE,20250214,20250326,2711,MFR,No,No
25V092000,https://www.nhtsa.gov/vehicle/recalls#?nhtsaId=25V092000,TESLA,"MODEL 3, MODEL Y",2023,STEERING:ELECTRIC POWER ASSIST SYSTEM,20250214,20250325,376241,ODI,No,No
25V091000,https://www.nhtsa.gov/vehicle/recalls#?nhtsaId=25V091000,LINCOLN,NAVIGATOR,"2015, 2016, 2017",VISIBILITY:REARVIEW MIRRORS/DEVICES:EXTERIOR,20250214,20250327,35328,MFR,No,No
25V090000,https://www.nhtsa.gov/vehicle/recalls#?nhtsaId=25V090000,MERCEDES-BENZ,ESPRINTER,2024,POWER TRAIN:AXLE ASSEMBLY,20250214,20250505,689,MFR,No,No
25V087000,https://www.nhtsa.gov/vehicle/recalls#?nhtsaId=25V087000,"CHEVROLET, GMC","EXPRESS, SAVANA",2025,STRUCTURE:BODY:DOOR ,20250213,20250303,82,MFR,No,No
25V083000,https://www.nhtsa.gov/vehicle/recalls#?nhtsaId=25V083000,JEEP,"GRAND CHEROKEE, GRAND CHEROKEE L","2021, 2022",EQUIPMENT:ELECTRICAL:INFOTAINMENT:VIDEO (TOUCH)SCREEN/MONITOR/UNIT,20250213,20250227,133,MFR,No,No
25V086000,https://www.nhtsa.gov/vehicle/recalls#?nhtsaId=25V086000,TOYOTA,SIENNA HYBRID,"2021, 2022, 2023, 2024, 2025",SEATS:MID/REAR ASSEMBLY:RECLINER,20250213,20250401,167802,MFR,No,No
25V085000,https://www.nhtsa.gov/vehicle/recalls#?nhtsaId=25V085000,RIVIAN,"R 1 T, R1S",2025,EXTERIOR LIGHTING:HEADLIGHTS,20250213,20250922,17260,MFR,No,No
25V081000,https://www.nhtsa.gov/vehicle/recalls#?nhtsaId=25V081000,VOLKSWAGEN,"ATLAS, ATLAS CROSS SPORT",2025,POWER TRAIN:AUTOMATIC TRANSMISSION,20250212,20250312,19,MFR,No,No
25V082000,https://www.nhtsa.gov/vehicle/recalls#?nhtsaId=25V082000,"AUDI, VOLKSWAGEN","ARTEON, Q3, TIGUAN","2022, 2023, 2024, 2025",BACK OVER PREVENTION:SOFTWARE,20250212,20250403,29569,MFR,No,No
25V079000,https://www.nhtsa.gov/vehicle/recalls#?nhtsaId=25V079000,PORSCHE,911,2025,EXTERIOR LIGHTING:LIGHTING CONTROL MODULE:SOFTWARE,20250212,20250401,878,MFR,No,No
25V080000,https://www.nhtsa.gov/vehicle/recalls#?nhtsaId=25V080000,AUDI,"A7 E, Q5","2021, 2022, 2023, 2024",ELECTRICAL SYSTEM:PROPULSION SYSTEM:TRACTION BATTERY,20250212,20250501,20201,MFR,No,No
25V078000,https://www.nhtsa.gov/vehicle/recalls#?nhtsaId=25V078000,PORSCHE,911,2023,SEAT BELTS: REAR/OTHER:BUCKLE ASSEMBLY,20250212,20250401,279,MFR,No,No
25V050000,https://www.nhtsa.gov/vehicle/recalls#?nhtsaId=25V050000,MERCEDES-BENZ,"EQB 250, EQB 250+, EQB 300 4MATIC, EQB 350 4MATIC","2022, 2023, 2024, 2025",ELECTRICAL SYSTEM:PROPULSION SYSTEM:TRACTION BATTERY,20250207,20250522,12236,MFR,No,Yes
25V058000,https://www.nhtsa.gov/vehicle/recalls#?nhtsaId=25V058000,TOYOTA,TACOMA,"2024, 2025","SERVICE BRAKES, HYDRAULIC:FOUNDATION COMPONENTS:HOSES, LINES/PIPING, AND FITTINGS",20250206,20250801,221846,MFR,No,No
25V065000,https://www.nhtsa.gov/vehicle/recalls#?nhtsaId=25V065000,HYUNDAI,IONIQ 5,2025,"SERVICE BRAKES, HYDRAULIC:POWER ASSIST:ELECTRIC:CONTROL MODULE:SOFTWARE",20250206,20250312,1587,MFR,No,No
25V064000,https://www.nhtsa.gov/vehicle/recalls#?nhtsaId=25V064000,HYUNDAI,IONIQ 5,2025,AIR BAGS:SIDE/WINDOW,20250206,20250312,33,MFR,No,No
25V060000,https://www.nhtsa.gov/vehicle/recalls#?nhtsaId=25V060000,GMC,SIERRA 1500,2022,STRUCTURE:BODY:BUMPERS:ACTIVE SHUTTERS/GRILL,20250206,20250317,70768,ODI,No,No
25V059000,https://www.nhtsa.gov/vehicle/recalls#?nhtsaId=25V059000,"LEXUS, TOYOTA","CAMRY HYBRID, NX, NX HYBRID, RX, RX HYBRID","2024, 2025",SEAT BELTS:REAR/OTHER:WEBBING,20250206,20250320,40922,MFR,No,No
25V056000,https://www.nhtsa.gov/vehicle/recalls#?nhtsaId=25V056000,HONDA,PILOT,2025,SEAT BELTS:REAR/OTHER,20250205,20250324,1494,ODI,No,No
25V049000,https://www.nhtsa.gov/vehicle/recalls#?nhtsaId=25V049000,"FORD, LINCOLN","BRONCO SPORT, CORSAIR, ESCAPE",2025,ELECTRICAL SYSTEM: INSTRUMENT CLUSTER/PANEL,20250131,20250217,298,MFR,No,No
25V048000,https://www.nhtsa.gov/vehicle/recalls#?nhtsaId=25V048000,"FORD, LINCOLN","CORSAIR, EXPEDITION, F-250 SD, F-350 SD, F-450 SD, F-550 SD, F-600 SD","2020, 2021, 2022",BACK OVER PREVENTION: SENSING SYSTEM: CAMERA,20250131,20250918,91580,MFR,No,No
25V040000,https://www.nhtsa.gov/vehicle/recalls#?nhtsaId=25V040000,"LEXUS, TOYOTA","COROLLA, COROLLA CROSS, COROLLA CROSS HYBRID, HIGHLANDER, HIGHLANDER HYBRID, NX, RX, TACOMA","2023, 2024",AIR BAGS:FRONTAL:DRIVER CLOCKSPRING/SPIRAL CASSETTE,20250129,20250317,1716,MFR,No,No
25V031000,https://www.nhtsa.gov/vehicle/recalls#?nhtsaId=25V031000,"ACURA, HONDA","MDX TYPE S, PILOT, TLX TYPE S","2021, 2022, 2023, 2024, 2025",ELECTRICAL SYSTEM:SOFTWARE,20250123,20250317,294612,MFR,No,No
25V032000,https://www.nhtsa.gov/vehicle/recalls#?nhtsaId=25V032000,ACURA,MDX,2025,EQUIPMENT:ELECTRICAL:INFOTAINMENT:VIDEO (TOUCH)SCREEN/MONITOR/UNIT,20250123,20250303,9221,MFR,No,No
25V028000,https://www.nhtsa.gov/vehicle/recalls#?nhtsaId=25V028000,"LEXUS, TOYOTA","CAMRY, NX, RX","2018, 2019","FUEL SYSTEM, GASOLINE:DELIVERY:FUEL PUMP",20250122,20250312,858,MFR,No,No
25V025000,https://www.nhtsa.gov/vehicle/recalls#?nhtsaId=25V025000,FORD,BRONCO,"2021, 2022, 2023, 2024",SUSPENSION:REAR:SHOCK ABSORBER,20250117,20250815,149449,ODI,No,No
25V020000,https://www.nhtsa.gov/vehicle/recalls#?nhtsaId=25V020000,"FORD, LINCOLN","AVIATOR, EXPLORER",2025,STRUCTURE:FRAME AND MEMBERS,20250117,20250129,259,MFR,No,No
25V019000,https://www.nhtsa.gov/vehicle/recalls#?nhtsaId=25V019000,FORD,"BRONCO SPORT, MAVERICK","2021, 2022, 2023",ELECTRICAL SYSTEM:12V/24V/48V BATTERY,20250117,20250502,272817,ODI,No,No
25V022000,https://www.nhtsa.gov/vehicle/recalls#?nhtsaId=25V022000,FORD,F-150,2024,STEERING,20250117,20250219,3,MFR,No,No
25V023000,https://www.nhtsa.gov/vehicle/recalls#?nhtsaId=25V023000,MERCEDES-BENZ,"E 400, E 450","2018, 2019",TIRES,20250117,20250307,165,MFR,No,No
25V024000,https://www.nhtsa.gov/vehicle/recalls#?nhtsaId=25V024000,KIA,"NIRO, NIRO EV, NIRO PHEV","2023, 2024, 2025",SEATS,20250117,20250227,80255,MFR,No,No
25V015000,https://www.nhtsa.gov/vehicle/recalls#?nhtsaId=25V015000,"CHEVROLET, GMC","SIERRA EV, SILVERADO EV","2024, 2025",SEAT BELTS:REAR/OTHER:ANCHORAGE,20250116,,5,MFR,No,No
25V018000,https://www.nhtsa.gov/vehicle/recalls#?nhtsaId=25V018000,ACURA,ZDX,2024,ELECTRICAL SYSTEM:PROPULSION SYSTEM: CABLES,20250116,20250224,118,MFR,No,No
25V010000,https://www.nhtsa.gov/vehicle/recalls#?nhtsaId=25V010000,RAM,"1500, 2500, 3500, 3500 CAB CHASSIS","2016, 2017, 2018, 2019, 2020",AIR BAGS:SIDE/WINDOW:CURTAIN:INFLATOR,20250116,20250213,6066,ODI,No,No
25V012000,https://www.nhtsa.gov/vehicle/recalls#?nhtsaId=25V012000,CHEVROLET,EQUINOX EV,2025,FORWARD COLLISION AVOIDANCE: ADAPTIVE CRUISE CONTROL:SOFTWARE,20250116,20250213,2890,MFR,No,No
25V006000,https://www.nhtsa.gov/vehicle/recalls#?nhtsaId=25V006000,KIA,"SORENTO, SORENTO HYBRID, SORENTO PHEV","2024, 2025",ELECTRICAL SYSTEM:BODY CONTROL MODULE:SOFTWARE,20250113,20250221,74469,MFR,No,No
25V002000,https://www.nhtsa.gov/vehicle/recalls#?nhtsaId=25V002000,TESLA,"MODEL 3, MODEL S, MODEL X, MODEL Y","2023, 2024, 2025",BACK OVER PREVENTION:SOFTWARE,20250106,20250307,239382,ODI,No,No
24V967000,https://www.nhtsa.gov/vehicle/recalls#?nhtsaId=24V967000,TESLA,"MODEL S, MODEL X","2021, 2022, 2023, 2024, 2025",AIR BAGS:FRONTAL:DRIVER SIDE:CUSHION,20241223,20250221,487,MFR,No,No
24V851000,https://www.nhtsa.gov/vehicle/recalls#?nhtsaId=24V851000,"FORD, LINCOLN","EXPEDITION, F-150, NAVIGATOR","2024, 2025",ENGINE AND ENGINE COOLING:ENGINE:OIL/LUBRICATION,20241220,20250523,2490,MFR,No,No
24V962000,https://www.nhtsa.gov/vehicle/recalls#?nhtsaId=24V962000,KIA,EV9,"2024, 2025",SEATS:CRITICAL FASTENERS,20241220,20250124,22883,MFR,No,No
24V960000,https://www.nhtsa.gov/vehicle/recalls#?nhtsaId=24V960000,MERCEDES-BENZ,EQS 450+,2023,AIR BAGS:CRITICAL FASTENERS,20241220,20250207,1,MFR,No,No
24V957000,https://www.nhtsa.gov/vehicle/recalls#?nhtsaId=24V957000,FORD,"F-250 SD, F-350 SD, F-450 SD, F-550 SD, F-600 SD, F-650, F-750","2020, 2021, 2022","FUEL SYSTEM, DIESEL:DELIVERY:FUEL PUMP",20241220,20260123,295449,MFR,No,No
24V954000,https://www.nhtsa.gov/vehicle/recalls#?nhtsaId=24V954000,"FORD, LINCOLN","CORSAIR, ESCAPE","2020, 2021, 2022, 2023, 2024",ELECTRICAL SYSTEM:PROPULSION SYSTEM:TRACTION BATTERY:MANAGEMENT SYSTEM/ENERGY CONTROL MODULE (BMS/BECM),20241220,20250530,20484,MFR,No,No
24V953000,https://www.nhtsa.gov/vehicle/recalls#?nhtsaId=24V953000,LINCOLN,NAUTILUS,"2024, 2025",VISIBILITY:POWER WINDOW DEVICES AND CONTROLS,20241220,20250228,47818,MFR,No,No
24V951000,https://www.nhtsa.gov/vehicle/recalls#?nhtsaId=24V951000,"FORD, LINCOLN","FIESTA, FLEX, MKT",2019,BACK OVER PREVENTION: SENSING SYSTEM: CAMERA,20241220,,30715,ODI,No,No
24V950000,https://www.nhtsa.gov/vehicle/recalls#?nhtsaId=24V950000,ACURA,TLX,"2021, 2022, 2023","FUEL SYSTEM, GASOLINE:STORAGE:TANK ASSEMBLY",20241219,20250203,167,MFR,No,No
24V949000,https://www.nhtsa.gov/vehicle/recalls#?nhtsaId=24V949000,FORD,F-150 LIGHTNING BEV,"2023, 2024",SUSPENSION:FRONT:CONTROL ARM:UPPER BALL JOINT,20241219,20250210,11922,MFR,No,No
24V944000,https://www.nhtsa.gov/vehicle/recalls#?nhtsaId=24V944000,JEEP,"GRAND CHEROKEE, GRAND CHEROKEE L, GRAND WAGONEER, WAGONEER",2024,BACK OVER PREVENTION:SOFTWARE,20241219,20250121,79365,MFR,No,No
24V943000,https://www.nhtsa.gov/vehicle/recalls#?nhtsaId=24V943000,ALFA ROMEO,"GIULIA, STELVIO","2019, 2020","SERVICE BRAKES, HYDRAULIC:PEDALS AND LINKAGES",20241219,20250318,2021,MFR,No,No
24V942000,https://www.nhtsa.gov/vehicle/recalls#?nhtsaId=24V942000,RAM,1500,2025,ELECTRICAL SYSTEM:SOFTWARE,20241219,20250306,53,MFR,No,No
24V941000,https://www.nhtsa.gov/vehicle/recalls#?nhtsaId=24V941000,MERCEDES-BENZ,"E 350, E 350 4MATIC, E 450 4MATIC, E 450 4MATIC ALL-TERRAIN",2025,POWER TRAIN:AXLE ASSEMBLY,20241218,20250122,17,MFR,Yes,No
24V937000,https://www.nhtsa.gov/vehicle/recalls#?nhtsaId=24V937000,CHEVROLET,SILVERADO EV,2025,FORWARD COLLISION AVOIDANCE: WARNINGS:EXTERNAL/PEDESTRIAN ALERT,20241218,20250122,46,MFR,No,No
24V935000,https://www.nhtsa.gov/vehicle/recalls#?nhtsaId=24V935000,TESLA,"CYBERTRUCK, MODEL 3, MODEL Y","2017, 2018, 2019, 2020, 2021, 2022, 2023, 2024, 2025",TIRES:PRESSURE MONITORING AND REGULATING SYSTEMS,20241217,20250215,696281,MFR,No,No
24V930000,https://www.nhtsa.gov/vehicle/recalls#?nhtsaId=24V930000,MERCEDES-BENZ,"SPRINTER 1500, SPRINTER 2500, SPRINTER 3500, SPRINTER 4500","2019, 2020, 2021, 2022",ELECTRICAL SYSTEM: INSTRUMENT CLUSTER/PANEL,20241213,20250131,697,MFR,No,No
24V926000,https://www.nhtsa.gov/vehicle/recalls#?nhtsaId=24V926000,JEEP,"GRAND CHEROKEE, GRAND CHEROKEE L",2024,"FUEL SYSTEM, GASOLINE",20241212,20250109,631,MFR,No,No
24V925000,https://www.nhtsa.gov/vehicle/recalls#?nhtsaId=24V925000,CHEVROLET,EQUINOX EV,2025,FORWARD COLLISION AVOIDANCE: WARNINGS:EXTERNAL/PEDESTRIAN ALERT,20241212,20250121,7606,MFR,No,No
24V920000,https://www.nhtsa.gov/vehicle/recalls#?nhtsaId=24V920000,KIA,SORENTO PHEV,2025,"FUEL SYSTEM, GASOLINE:DELIVERY:HOSES, LINES/PIPING, AND FITTINGS",20241210,20250110,1385,MFR,No,No
24V918000,https://www.nhtsa.gov/vehicle/recalls#?nhtsaId=24V918000,JEEP,RENEGADE,"2021, 2022, 2023",STRUCTURE:BODY:BUMPERS,20241210,20250130,2135,MFR,No,No
24V911000,https://www.nhtsa.gov/vehicle/recalls#?nhtsaId=24V911000,"LEXUS, TOYOTA","NX, RAV4","2024, 2025",WHEELS:HUB,20241205,20250123,70,MFR,No,No
24V910000,https://www.nhtsa.gov/vehicle/recalls#?nhtsaId=24V910000,BMW,X4,2025,STRUCTURE:BODY:ROOF AND PILLARS,20241205,20250128,130,MFR,No,No
24V909000,https://www.nhtsa.gov/vehicle/recalls#?nhtsaId=24V909000,BMW,X3,2025,SUSPENSION:FRONT:WHEEL BEARING ,20241205,20241212,2,MFR,No,No
24V904000,https://www.nhtsa.gov/vehicle/recalls#?nhtsaId=24V904000,TESLA,MODEL X,2024,EXTERIOR LIGHTING:HEADLIGHTS,20241202,20250201,25,MFR,No,No
24V900000,https://www.nhtsa.gov/vehicle/recalls#?nhtsaId=24V900000,HONDA,"PASSPORT, PILOT","2023, 2024, 2025","FUEL SYSTEM, GASOLINE:STORAGE:TANK ASSEMBLY:FILLER PIPE AND CAP",20241127,20250107,205760,MFR,No,No
24V898000,https://www.nhtsa.gov/vehicle/recalls#?nhtsaId=24V898000,AUDI,"A7, Q5","2022, 2023",ELECTRICAL SYSTEM:PROPULSION SYSTEM:TRACTION BATTERY,20241127,20250501,4616,MFR,No,No
24V897000,https://www.nhtsa.gov/vehicle/recalls#?nhtsaId=24V897000,JEEP,"GRAND CHEROKEE, GRAND CHEROKEE L","2021, 2022, 2023, 2024",AIR BAGS:SIDE/WINDOW,20241127,20241217,14,MFR,No,No
24V896000,https://www.nhtsa.gov/vehicle/recalls#?nhtsaId=24V896000,RAM,"2500, 3500, 4500, 5500","2017, 2018","SERVICE BRAKES, HYDRAULIC:ANTILOCK/TRACTION CONTROL/ELECTRONIC LIMITED SLIP:CONTROL UNIT/MODULE ",20241127,20250109,317630,ODI,No,No
24V894000,https://www.nhtsa.gov/vehicle/recalls#?nhtsaId=24V894000,"CHEVROLET, GMC","SIERRA 2500, SIERRA 3500, SILVERADO 2500, SILVERADO 3500",2024,LATCHES/LOCKS/LINKAGES:TAILGATE:LATCH,20241126,20241217,131231,MFR,No,No
24V888000,https://www.nhtsa.gov/vehicle/recalls#?nhtsaId=24V888000,CHRYSLER,"PACIFICA, VOYAGER",2024,SEATS:BARRIERS,20241125,20241217,44,MFR,No,No
24V889000,https://www.nhtsa.gov/vehicle/recalls#?nhtsaId=24V889000,PORSCHE,MACAN ELECTRIC,"2024, 2025",EXTERIOR LIGHTING:LIGHTING CONTROL MODULE:SOFTWARE,20241125,20250123,2941,MFR,No,No
24V886000,https://www.nhtsa.gov/vehicle/recalls#?nhtsaId=24V886000,TESLA,MODEL Y,2024,SEATS:FRONT ASSEMBLY:RECLINER,20241122,20250121,27,MFR,No,No
24V882000,https://www.nhtsa.gov/vehicle/recalls#?nhtsaId=24V882000,HONDA,CRF1100,"2020, 2021, 2022, 2024, 2025",ELECTRICAL SYSTEM:SOFTWARE,20241121,20250115,4205,MFR,No,No
24V879000,https://www.nhtsa.gov/vehicle/recalls#?nhtsaId=24V879000,HYUNDAI,"ELANTRA, ELANTRA HYBRID, ELANTRA N, SANTA FE, SANTA FE HYBRID, SANTA FE PLUG-IN HYBRID","2021, 2022",BACK OVER PREVENTION: SENSING SYSTEM: CAMERA,20241121,20250114,226118,MFR,No,No
24V878000,https://www.nhtsa.gov/vehicle/recalls#?nhtsaId=24V878000,TOYOTA,"COROLLA, COROLLA HYBRID","2023, 2024",STEERING,20241121,20250117,8057,MFR,No,No
24V877000,https://www.nhtsa.gov/vehicle/recalls#?nhtsaId=24V877000,HYUNDAI,"SANTA CRUZ, TUCSON",2025,ELECTRICAL SYSTEM:WIRING,20241120,20241217,42465,MFR,No,No
24V875000,https://www.nhtsa.gov/vehicle/recalls#?nhtsaId=24V875000,VOLKSWAGEN,ID.4,2023,BACK OVER PREVENTION: SENSING SYSTEM: CAMERA,20241120,20241226,385,MFR,No,No
24V871000,https://www.nhtsa.gov/vehicle/recalls#?nhtsaId=24V871000,JEEP,WRANGLER,2024,EXTERIOR LIGHTING,20241119,20241219,34,MFR,No,No
24V870000,https://www.nhtsa.gov/vehicle/recalls#?nhtsaId=24V870000,BMW,"530I, 540I XDRIVE",2025,AIR BAGS: AIR BAG/RESTRAINT CONTROL MODULE,20241119,20241205,3,MFR,No,No
24V872000,https://www.nhtsa.gov/vehicle/recalls#?nhtsaId=24V872000,JEEP,"GRAND CHEROKEE, GRAND CHEROKEE L",2024,ELECTRICAL SYSTEM:INSTRUMENT PANEL:SPEEDOMETER/ODOMETER,20241119,20241203,7198,MFR,No,No
24V874000,https://www.nhtsa.gov/vehicle/recalls#?nhtsaId=24V874000,MERCEDES-BENZ,"AMG C32, AMG C55, AMG CLK55, AMG CLS55, AMG CLS63, AMG E55, AMG E63, CLS550, E350","2002, 2003, 2004, 2005, 2006, 2007, 2008, 2009, 2010, 2011",VISIBILITY:SUN/MOON ROOF ASSEMBLY,20241119,20250110,33456,MFR,No,No
24V868000,https://www.nhtsa.gov/vehicle/recalls#?nhtsaId=24V868000,"GENESIS, HYUNDAI","GV60, GV70 ELECTRIFIED, IONIQ 5, IONIQ 6","2022, 2023, 2024, 2025",ELECTRICAL SYSTEM:PROPULSION SYSTEM:CHARGING:MODULE:SOFTWARE,20241118,20241220,145642,ODI,No,No
24V867000,https://www.nhtsa.gov/vehicle/recalls#?nhtsaId=24V867000,KIA,EV6,"2022, 2023, 2024",ELECTRICAL SYSTEM:PROPULSION SYSTEM:CHARGING:MODULE:SOFTWARE,20241118,20241213,62872,ODI,No,No
24V864000,https://www.nhtsa.gov/vehicle/recalls#?nhtsaId=24V864000,HONDA,"CBR1000RR, CBR600RR, VFR1200F, VFR1200FD","2007, 2008, 2009, 2010, 2011, 2012, 2013, 2014, 2015, 2016, 2017, 2021","FUEL SYSTEM, GASOLINE:DELIVERY:FUEL PUMP",20241115,20250103,40481,MFR,No,No
24V862000,https://www.nhtsa.gov/vehicle/recalls#?nhtsaId=24V862000,MERCEDES-BENZ,"GLC 300, S 580 4MATIC",2024,POWER TRAIN:DRIVELINE:DIFFERENTIAL UNIT,20241115,20250110,3,MFR,No,No
24E096000,https://www.nhtsa.gov/vehicle/recalls#?nhtsaId=24E096000,BMW,MOTORCYCLE OIL FILTER,9999,ENGINE AND ENGINE COOLING:ENGINE:OIL/LUBRICATION:FILTER/SCREEN,20241115,20250114,4803,MFR,No,No
24V857000,https://www.nhtsa.gov/vehicle/recalls#?nhtsaId=24V857000,ALFA ROMEO,STELVIO,2023,EQUIPMENT:OTHER:LABELS,20241114,20241212,204,MFR,No,No
24V858000,https://www.nhtsa.gov/vehicle/recalls#?nhtsaId=24V858000,"CHEVROLET, GMC","EXPRESS CUTAWAY VAN, SAVANA CUTAWAY VAN",2024,BACK OVER PREVENTION: SENSING SYSTEM: CAMERA,20241114,20241206,582,MFR,No,No
24V859000,https://www.nhtsa.gov/vehicle/recalls#?nhtsaId=24V859000,"ACURA, HONDA","ACCORD, ACCORD HYBRID, CIVIC, CIVIC HATCHBACK, HR-V, INTEGRA, INTEGRA TYPE S, PILOT","2023, 2024",SEATS:CRITICAL FASTENERS,20241114,20250106,121,MFR,No,No
24V856000,https://www.nhtsa.gov/vehicle/recalls#?nhtsaId=24V856000,BMW,X3,2025,AIR BAGS:SIDE/WINDOW:CURTAIN,20241112,20241113,2,MFR,No,No
24V852000,https://www.nhtsa.gov/vehicle/recalls#?nhtsaId=24V852000,"FORD, LINCOLN","AVIATOR, CORSAIR, ESCAPE, EXPEDITION, EXPLORER, F-150, NAVIGATOR","2018, 2019, 2020, 2021, 2022, 2023, 2024, 2025",EQUIPMENT:OTHER:LABELS,20241108,20241219,27678,MFR,No,No
24V850000,https://www.nhtsa.gov/vehicle/recalls#?nhtsaId=24V850000,FORD,ESCAPE,"2024, 2025",ELECTRICAL SYSTEM: INSTRUMENT CLUSTER/PANEL,20241108,20250218,15,MFR,No,No
24V848000,https://www.nhtsa.gov/vehicle/recalls#?nhtsaId=24V848000,FORD,RANGER,2024,"FUEL SYSTEM, GASOLINE:DELIVERY:HOSES, LINES/PIPING, AND FITTINGS",20241108,20241120,65,MFR,No,No
24V843000,https://www.nhtsa.gov/vehicle/recalls#?nhtsaId=24V843000,HYUNDAI,"SANTA FE, SANTA FE HYBRID",2024,ELECTRICAL SYSTEM:WIRING:SWITCHES/KNOBS/BUTTONS,20241107,20241202,34964,OVSC,No,No
24V839000,https://www.nhtsa.gov/vehicle/recalls#?nhtsaId=24V839000,"CHEVROLET, GMC","EXPRESS, SAVANA","2022, 2023",POWER TRAIN:AUTOMATIC TRANSMISSION:CONTROL MODULE:SOFTWARE,20241107,20241209,77824,MFR,No,No
24V838000,https://www.nhtsa.gov/vehicle/recalls#?nhtsaId=24V838000,"DODGE, JEEP","DURANGO, GRAND CHEROKEE","2018, 2019","SERVICE BRAKES, HYDRAULIC:ANTILOCK/TRACTION CONTROL/ELECTRONIC LIMITED SLIP:CONTROL UNIT/MODULE ",20241107,20251216,206502,ODI,No,No
24V832000,https://www.nhtsa.gov/vehicle/recalls#?nhtsaId=24V832000,TESLA,CYBERTRUCK,2024,ELECTRICAL SYSTEM:PROPULSION SYSTEM:INVERTER,20241105,20250104,2431,MFR,No,No
24V829000,https://www.nhtsa.gov/vehicle/recalls#?nhtsaId=24V829000,BMW,X1,2025,STRUCTURE:BODY:ROOF AND PILLARS,20241104,20250507,3312,MFR,No,No
24V827000,https://www.nhtsa.gov/vehicle/recalls#?nhtsaId=24V827000,RIVIAN,"R 1 T, R1S",2025,ELECTRICAL SYSTEM:SOFTWARE,20241101,20241218,5128,MFR,No,No
24V825000,https://www.nhtsa.gov/vehicle/recalls#?nhtsaId=24V825000,HONDA,Metropolitan,"2016, 2017, 2018, 2019, 2020, 2021, 2022, 2023, 2024, 2025",POWER TRAIN:DRIVELINE:DRIVESHAFT,20241101,20241230,23483,MFR,No,No
24V820000,https://www.nhtsa.gov/vehicle/recalls#?nhtsaId=24V820000,HONDA,GL1800,"2018, 2019, 2020, 2021",ENGINE AND ENGINE COOLING:ENGINE:HARD PARTS INTERNAL/MECHANICAL,20241031,20241230,18196,ODI,No,No
24V812000,https://www.nhtsa.gov/vehicle/recalls#?nhtsaId=24V812000,CHEVROLET,"BOLT EUV, BOLT EV","2020, 2021, 2022",ELECTRICAL SYSTEM:PROPULSION SYSTEM:TRACTION BATTERY THERMAL:MANAGEMENT:SOFTWARE,20241031,20241203,107,MFR,No,Yes
24V834000,https://www.nhtsa.gov/vehicle/recalls#?nhtsaId=24V834000,VOLKSWAGEN,"BEETLE, BEETLE CONVERTIBLE, PASSAT","2006, 2007, 2012, 2013, 2014, 2017, 2018, 2019",AIR BAGS:FRONTAL:DRIVER SIDE:INFLATOR MODULE,20241030,20241204,248330,ODI,No,No
24V809000,https://www.nhtsa.gov/vehicle/recalls#?nhtsaId=24V809000,PORSCHE,"718 CAYMAN GT4 RS, 718 SPYDER RS, 911","2021, 2022, 2023, 2024",WHEELS:LUGS/NUTS/BOLTS/STUDS,20241028,20250124,2251,MFR,Yes,No
24V808000,https://www.nhtsa.gov/vehicle/recalls#?nhtsaId=24V808000,MERCEDES-BENZ,GLC 300,2023,SEATS:CRITICAL FASTENERS,20241025,20241204,7,MFR,No,No
24V807000,https://www.nhtsa.gov/vehicle/recalls#?nhtsaId=24V807000,MERCEDES-BENZ,"S 500, S 580",2021,COMMUNICATION: AUTO CRASH NOTIFICATION,20241025,20241206,21,MFR,No,No
24V806000,https://www.nhtsa.gov/vehicle/recalls#?nhtsaId=24V806000,FORD,"F-250 SD, F-350 SD, F-450 SD","2023, 2024",BACK OVER PREVENTION: SENSING SYSTEM: CAMERA,20241025,20250806,24950,MFR,No,No
24V805000,https://www.nhtsa.gov/vehicle/recalls#?nhtsaId=24V805000,FORD,TRANSIT,"2023, 2024",POWER TRAIN:AXLE ASSEMBLY:AXLE SHAFT,20241025,20241213,1075,MFR,No,No
24V802000,https://www.nhtsa.gov/vehicle/recalls#?nhtsaId=24V802000,FORD,MUSTANG,2024,ELECTRICAL SYSTEM: INSTRUMENT CLUSTER/PANEL,20241025,20250225,6212,MFR,No,No
24V801000,https://www.nhtsa.gov/vehicle/recalls#?nhtsaId=24V801000,"FORD, LINCOLN","AVIATOR, EXPLORER",2025,BACK OVER PREVENTION:SOFTWARE,20241025,20250328,391,MFR,No,No
24V797000,https://www.nhtsa.gov/vehicle/recalls#?nhtsaId=24V797000,"CADILLAC, CHEVROLET, GMC","ESCALADE, ESCALADE ESV, SIERRA 1500, SIERRA 2500, SIERRA 3500, SILVERADO 1500, SILVERADO 2500, SILVERADO 3500, SUBURBAN, TAHOE, YUKON, YUKON XL","2020, 2021, 2022",POWER TRAIN:AUTOMATIC TRANSMISSION:FLUID/LUBRICANT:VALVES/VALVE BODY,20241024,20241212,463295,MFR,No,No
24V795000,https://www.nhtsa.gov/vehicle/recalls#?nhtsaId=24V795000,CADILLAC,XT4,2025,STRUCTURE:INTERIOR PANELS:DASHBOARD,20241024,20241129,25,MFR,No,No
24V794000,https://www.nhtsa.gov/vehicle/recalls#?nhtsaId=24V794000,RAM,1500,2025,ELECTRONIC STABILITY CONTROL (ESC),20241024,20241219,33777,MFR,No,No
24V793000,https://www.nhtsa.gov/vehicle/recalls#?nhtsaId=24V793000,CHRYSLER,"PACIFICA, VOYAGER","2020, 2021, 2022, 2023",AIR BAGS:SIDE/WINDOW:CURTAIN,20241024,20201022,26,MFR,No,No
24V780000,https://www.nhtsa.gov/vehicle/recalls#?nhtsaId=24V780000,MERCEDES-BENZ,"AMG GLB35, GLB 250",2025,TIRES:SIDEWALL,20241018,20241122,416,MFR,No,No
24V778000,https://www.nhtsa.gov/vehicle/recalls#?nhtsaId=24V778000,FORD,MAVERICK,2024,CHILD SEAT:VEHICLE TETHER ANCHOR,20241018,20241204,6,MFR,No,No
24V777000,https://www.nhtsa.gov/vehicle/recalls#?nhtsaId=24V777000,FORD,MUSTANG MACH E,2021,"SERVICE BRAKES, HYDRAULIC:ANTILOCK/TRACTION CONTROL/ELECTRONIC LIMITED SLIP:CONTROL UNIT/MODULE ",20241018,20241105,50,MFR,No,No
24V772000,https://www.nhtsa.gov/vehicle/recalls#?nhtsaId=24V772000,BMW,X3,2025,AIR BAGS:PASSENGER SIDE FRONTAL:CUSHION,20241017,20241031,7,MFR,No,No
24V770000,https://www.nhtsa.gov/vehicle/recalls#?nhtsaId=24V770000,FORD,"BRONCO, RANGER","2024, 2025",SUSPENSION:FRONT:CONTROL ARM:UPPER BALL JOINT,20241016,20241120,2416,MFR,No,No
24V764000,https://www.nhtsa.gov/vehicle/recalls#?nhtsaId=24V764000,BMW,X3,"2018, 2019, 2020, 2021, 2022",STRUCTURE,20241015,20241212,8725,MFR,No,No
24V767000,https://www.nhtsa.gov/vehicle/recalls#?nhtsaId=24V767000,TOYOTA,"SEQUOIA HYBRID, TUNDRA, TUNDRA HYBRID",2024,TIRES:SIDEWALL,20241015,20241205,11890,MFR,No,No
24V763000,https://www.nhtsa.gov/vehicle/recalls#?nhtsaId=24V763000,HONDA,"ACCORD, ACCORD HYBRID, CIVIC, CIVIC HYBRID, CR-V HYBRID","2023, 2024, 2025","FUEL SYSTEM, GASOLINE:DELIVERY:FUEL PUMP",20241014,20250220,720810,MFR,No,No
24V761000,https://www.nhtsa.gov/vehicle/recalls#?nhtsaId=24V761000,HYUNDAI,NEXO,"2019, 2020, 2021, 2022, 2023, 2024",FUEL/PROPULSION SYSTEM,20241011,20250106,1545,MFR,No,Yes
24V757000,https://www.nhtsa.gov/vehicle/recalls#?nhtsaId=24V757000,KIA,EV9,"2024, 2025",ELECTRICAL SYSTEM:SOFTWARE,20241010,20241025,14163,MFR,No,No
24V756000,https://www.nhtsa.gov/vehicle/recalls#?nhtsaId=24V756000,"CHEVROLET, GMC","SIERRA 1500, SIERRA 2500, SIERRA 3500, SILVERADO 1500, SILVERADO 2500, SILVERADO 3500","2018, 2019",AIR BAGS:SIDE/WINDOW:CURTAIN:INFLATOR,20241010,20241108,2061,ODI,No,No
24V755000,https://www.nhtsa.gov/vehicle/recalls#?nhtsaId=24V755000,GMC,SIERRA EV,2024,EXTERIOR LIGHTING:LIGHTING CONTROL MODULE,20241010,20241104,1962,MFR,No,No
24V754000,https://www.nhtsa.gov/vehicle/recalls#?nhtsaId=24V754000,RAM,1500,"2020, 2021, 2022, 2023",VISIBILITY:REARVIEW MIRRORS/DEVICES,20241010,20241205,31676,MFR,No,No
24V752000,https://www.nhtsa.gov/vehicle/recalls#?nhtsaId=24V752000,"ALFA ROMEO, DODGE","HORNET, TONALE, TONALE PHEV","2024, 2025","SERVICE BRAKES, HYDRAULIC:PEDALS AND LINKAGES",20241009,20241017,21069,MFR,No,No
24V744000,https://www.nhtsa.gov/vehicle/recalls#?nhtsaId=24V744000,"ACURA, HONDA","CIVIC, CIVIC HATCHBACK, CIVIC HATCHBACK HYBRID, CIVIC HYBRID, CIVIC TYPE R, CR-V, CR-V FUEL CELL EV, CR-V HYBRID, HR-V, INTEGRA, INTEGRA TYPE S","2022, 2023, 2024, 2025, 2026",STEERING,20241003,20241118,1693199,ODI,No,No
24V745000,https://www.nhtsa.gov/vehicle/recalls#?nhtsaId=24V745000,HONDA,CR-V HYBRID,2023,ELECTRICAL SYSTEM:PROPULSION SYSTEM:TRACTION BATTERY,20241003,20241127,98,MFR,No,No
24V739000,https://www.nhtsa.gov/vehicle/recalls#?nhtsaId=24V739000,BMW,"530I, 530I XDRIVE, 740I, 750E XDRIVE, 760I XDRIVE, I5 EDRIVE40, I5 M60 XDRIVE, I7 EDRIVE50, I7 M70, I7 M70 XDRIVE, I7 XDRIVE60, X1, X5, X6, X7, XM","2023, 2024","SERVICE BRAKES, HYDRAULIC:POWER ASSIST:ELECTRIC:CONTROL MODULE",20241002,20241127,11579,MFR,No,No
24V738000,https://www.nhtsa.gov/vehicle/recalls#?nhtsaId=24V738000,CHEVROLET,"SILVERADO 4500, SILVERADO 5500, SILVERADO 6500","2024, 2025",AIR BAGS: AIR BAG/RESTRAINT CONTROL MODULE:SOFTWARE,20241002,20241101,25,MFR,No,No
24V737000,https://www.nhtsa.gov/vehicle/recalls#?nhtsaId=24V737000,CHEVROLET,"BLAZER, BLAZER EV, EQUINOX EV",2025,LATCHES/LOCKS/LINKAGES:DOORS:LATCH,20241002,,731,MFR,No,No
24V732000,https://www.nhtsa.gov/vehicle/recalls#?nhtsaId=24V732000,PORSCHE,TAYCAN,"2020, 2021, 2022, 2023, 2024",ELECTRICAL SYSTEM:PROPULSION SYSTEM:TRACTION BATTERY,20241001,20250806,27527,MFR,No,No
24V731000,https://www.nhtsa.gov/vehicle/recalls#?nhtsaId=24V731000,PORSCHE,TAYCAN,"2020, 2021, 2022, 2023",ELECTRICAL SYSTEM:PROPULSION SYSTEM:TRACTION BATTERY,20241001,20241122,193,MFR,No,No
24V730000,https://www.nhtsa.gov/vehicle/recalls#?nhtsaId=24V730000,PORSCHE,TAYCAN,2025,BACK OVER PREVENTION: SENSING SYSTEM: CAMERA,20241001,20241223,183,MFR,No,No
24V729000,https://www.nhtsa.gov/vehicle/recalls#?nhtsaId=24V729000,RAM,1500,"2023, 2024",STEERING:STEERING CONTROL MODULE,20241001,20241023,129313,MFR,No,No
24V726000,https://www.nhtsa.gov/vehicle/recalls#?nhtsaId=24V726000,AUDI,"E-TRON GT, RS E-TRON GT","2022, 2023, 2024",ELECTRICAL SYSTEM:PROPULSION SYSTEM:TRACTION BATTERY,20240930,20250724,6499,MFR,No,No
24V725000,https://www.nhtsa.gov/vehicle/recalls#?nhtsaId=24V725000,FORD,"F-53, F-59",2024,ELECTRICAL SYSTEM:SOFTWARE,20240927,20250212,761,MFR,No,No
24V716000,https://www.nhtsa.gov/vehicle/recalls#?nhtsaId=24V716000,BMW,R 18,"2021, 2022, 2023, 2024",POWER TRAIN:MANUAL TRANSMISSION:SEALS/GASKETS,20240927,20250407,5048,MFR,No,No
24V724000,https://www.nhtsa.gov/vehicle/recalls#?nhtsaId=24V724000,MERCEDES-BENZ,"GLE 350, GLE 450","2021, 2022",ELECTRICAL SYSTEM:WIRING,20240927,20241101,10655,MFR,No,No
24V720000,https://www.nhtsa.gov/vehicle/recalls#?nhtsaId=24V720000,JEEP,"GRAND CHEROKEE 4XE, WRANGLER 4XE","2020, 2021, 2022, 2023, 2024",ELECTRICAL SYSTEM:PROPULSION SYSTEM:TRACTION BATTERY,20240927,20241216,154032,MFR,No,No
24V723000,https://www.nhtsa.gov/vehicle/recalls#?nhtsaId=24V723000,VOLKSWAGEN,"ATLAS, ATLAS CROSS SPORT",2024,"SERVICE BRAKES, HYDRAULIC:FOUNDATION COMPONENTS:MASTER CYLINDER",20240927,20241021,1591,MFR,No,No
24V715000,https://www.nhtsa.gov/vehicle/recalls#?nhtsaId=24V715000,RAM,PROMASTER BEV,2024,ELECTRICAL SYSTEM:PROPULSION SYSTEM:INVERTER,20240926,20241031,336,MFR,No,No
24V718000,https://www.nhtsa.gov/vehicle/recalls#?nhtsaId=24V718000,TESLA,CYBERTRUCK,2024,BACK OVER PREVENTION:SOFTWARE,20240926,20241125,27185,MFR,No,No
24V714000,https://www.nhtsa.gov/vehicle/recalls#?nhtsaId=24V714000,BMW,"530I XDRIVE, 540I XDRIVE, 740I XDRIVE, 750E XDRIVE, 760I XDRIVE, I5 EDRIVE40, I5 M60 XDRIVE, I5 XDRIVE40, I7 EDRIVE50, I7 M70 XDRIVE, I7 XDRIVE60","2024, 2025",STEERING:LINKAGES:KNUCKLE:SPINDLE:ARM,20240925,20241122,982,MFR,No,No
24V710000,https://www.nhtsa.gov/vehicle/recalls#?nhtsaId=24V710000,BUICK,ENVISION,2024,EQUIPMENT:OTHER:LABELS,20240925,20241101,527,MFR,No,No
24V711000,https://www.nhtsa.gov/vehicle/recalls#?nhtsaId=24V711000,"BMW, MINI","228I, 228I XDRIVE, COUNTRYMAN S ALL4","2023, 2024, 2025",STRUCTURE:BODY,20240925,20241118,7,MFR,No,No
24V708000,https://www.nhtsa.gov/vehicle/recalls#?nhtsaId=24V708000,TOYOTA,"COROLLA CROSS HYBRID, COROLLA HYBRID","2023, 2024, 2025","SERVICE BRAKES, HYDRAULIC:POWER ASSIST:ELECTRIC:SOLENOID/ACTUATOR",20240920,20241119,145383,MFR,No,No
24V704000,https://www.nhtsa.gov/vehicle/recalls#?nhtsaId=24V704000,MERCEDES-BENZ,S 580,"2021, 2022, 2023",ENGINE AND ENGINE COOLING:ENGINE:ENGINE CONTROL MODULE (ECU/ECM):SOFTWARE,20240920,20241115,27190,MFR,No,No
24V703000,https://www.nhtsa.gov/vehicle/recalls#?nhtsaId=24V703000,"CHEVROLET, GMC","CANYON, COLORADO","2023, 2024",SEAT BELTS:CRITICAL FASTENERS,20240919,20241030,151,MFR,No,No
24V702000,https://www.nhtsa.gov/vehicle/recalls#?nhtsaId=24V702000,"CHEVROLET, GMC","EXPRESS CUTAWAY VAN, SAVANA CUTAWAY VAN","2013, 2014, 2015, 2016, 2017, 2018, 2019","SERVICE BRAKES, HYDRAULIC:POWER ASSIST:HYDRAULIC:HOSES, LINES/PIPING, AND FITTINGS",20240919,20250220,18325,MFR,No,No
24V697000,https://www.nhtsa.gov/vehicle/recalls#?nhtsaId=24V697000,"BMW, MINI","530I, 540I, 740I, 750E, COOPER, COOPER S, COUNTRYMAN S ALL4, I5, I7, JCW COUNTRYMAN ALL4, X1, X2, X5, X6, X7, XM","2023, 2024, 2025",ELECTRONIC STABILITY CONTROL (ESC):CONTROL MODULE,20240918,20241113,309,MFR,No,No
24V694000,https://www.nhtsa.gov/vehicle/recalls#?nhtsaId=24V694000,FIAT,124 SPIDER,"2017, 2018, 2019, 2020",AIR BAGS: AIR BAG/RESTRAINT CONTROL MODULE:SOFTWARE,20240918,20250626,15835,MFR,No,No
24V693000,https://www.nhtsa.gov/vehicle/recalls#?nhtsaId=24V693000,KIA,EV9,2024,PARKING BRAKE:ELECTRICAL:CONTROL MODULE:SOFTWARE,20240917,20241004,12400,MFR,No,No
24V685000,https://www.nhtsa.gov/vehicle/recalls#?nhtsaId=24V685000,FORD,EXPLORER,2024,HYBRID PROPULSION SYSTEM,20240913,20241108,61,MFR,No,No
24V682000,https://www.nhtsa.gov/vehicle/recalls#?nhtsaId=24V682000,FORD,F-150,2022,EXTERIOR LIGHTING:LIGHTING CONTROL MODULE,20240913,20250310,16543,MFR,No,No
24V684000,https://www.nhtsa.gov/vehicle/recalls#?nhtsaId=24V684000,FORD,MAVERICK,"2022, 2023, 2024",BACK OVER PREVENTION:SOFTWARE,20240913,20250321,273701,ODI,No,No
24V683000,https://www.nhtsa.gov/vehicle/recalls#?nhtsaId=24V683000,FORD,BRONCO SPORT,2024,ELECTRICAL SYSTEM:BODY CONTROL MODULE/BCM,20240913,20241023,76,MFR,No,No
24V686000,https://www.nhtsa.gov/vehicle/recalls#?nhtsaId=24V686000,RIVIAN,R1S,2025,STEERING:STEERING CONTROL MODULE,20240913,20241018,33,MFR,No,No
24V691000,https://www.nhtsa.gov/vehicle/recalls#?nhtsaId=24V691000,HYUNDAI,TUCSON,2025,EQUIPMENT:OTHER:LABELS,20240913,20241004,65,MFR,No,No
24V688000,https://www.nhtsa.gov/vehicle/recalls#?nhtsaId=24V688000,MERCEDES-BENZ,"AMG CLE53, CLE 300, CLE 450, E 350, E 450",2024,EQUIPMENT:ELECTRICAL:INFOTAINMENT:SOFTWARE,20240913,20241101,2025,MFR,No,No
24V676000,https://www.nhtsa.gov/vehicle/recalls#?nhtsaId=24V676000,JEEP,WRANGLER,"2018, 2019, 2020, 2021, 2022, 2023, 2024",BACK OVER PREVENTION: SENSING SYSTEM: CAMERA,20240912,20240926,46,MFR,No,No
24V674000,https://www.nhtsa.gov/vehicle/recalls#?nhtsaId=24V674000,"CADILLAC, CHEVROLET, GMC","ESCALADE, ESCALADE ESV, SIERRA 1500, SILVERADO 1500, SUBURBAN 1500, TAHOE, YUKON, YUKON XL","2023, 2024","SERVICE BRAKES, HYDRAULIC:POWER ASSIST:ELECTRIC:CONTROL MODULE:SOFTWARE",20240912,20241025,449671,MFR,No,No
24V673000,https://www.nhtsa.gov/vehicle/recalls#?nhtsaId=24V673000,GMC,CANYON,2024,EXTERIOR LIGHTING:HEADLIGHTS,20240912,20241010,13241,MFR,No,No
24V659000,https://www.nhtsa.gov/vehicle/recalls#?nhtsaId=24V659000,MERCEDES-BENZ,"AMG G63, G 550","2019, 2020, 2021, 2022, 2023",LATCHES/LOCKS/LINKAGES:DOORS:LOCK,20240909,20241011,134,MFR,No,No
24V658000,https://www.nhtsa.gov/vehicle/recalls#?nhtsaId=24V658000,MERCEDES-BENZ,"AMG GLC43, GLC 300",2024,STRUCTURE:FRAME AND MEMBERS,20240909,20241011,4,MFR,No,No
24V652000,https://www.nhtsa.gov/vehicle/recalls#?nhtsaId=24V652000,JEEP,"GLADIATOR, WRANGLER","2018, 2019, 2020, 2021, 2022, 2023, 2024",ELECTRICAL SYSTEM: INSTRUMENT CLUSTER/PANEL,20240905,20241003,32863,MFR,No,No
24V654000,https://www.nhtsa.gov/vehicle/recalls#?nhtsaId=24V654000,PORSCHE,TAYCAN,2024,EXTERIOR LIGHTING:LIGHTING CONTROL MODULE:SOFTWARE,20240905,20241025,954,MFR,No,No
24V653000,https://www.nhtsa.gov/vehicle/recalls#?nhtsaId=24V653000,RAM,1500,"2019, 2021, 2022, 2023, 2024",ELECTRONIC STABILITY CONTROL (ESC):CONTROL MODULE,20240905,20240926,1025432,MFR,No,No
24V651000,https://www.nhtsa.gov/vehicle/recalls#?nhtsaId=24V651000,VOLKSWAGEN,ID.4,"2021, 2022, 2023, 2024",STRUCTURE:BODY:DOOR:HANDLE:EXTERIOR,20240904,20241227,99064,ODI,No,No
24V643000,https://www.nhtsa.gov/vehicle/recalls#?nhtsaId=24V643000,VOLKSWAGEN,ID.4,"2023, 2024",AIR BAGS:FRONTAL:PASSENGER SIDE:INFLATOR MODULE,20240828,20241010,837,MFR,No,No
24V640000,https://www.nhtsa.gov/vehicle/recalls#?nhtsaId=24V640000,TOYOTA,SEQUOIA HYBRID,"2023, 2024",TRAILER HITCHES,20240826,20250407,43395,ODI,No,No
24V636000,https://www.nhtsa.gov/vehicle/recalls#?nhtsaId=24V636000,FORD,TRANSIT,2024,EQUIPMENT:OTHER:LABELS,20240823,20240923,373,MFR,No,No
24V635000,https://www.nhtsa.gov/vehicle/recalls#?nhtsaId=24V635000,"FORD, LINCOLN","AVIATOR, BRONCO, EDGE, EXPLORER, F-150, NAUTILUS","2021, 2022",ENGINE AND ENGINE COOLING:ENGINE:HARD PARTS INTERNAL/MECHANICAL,20240823,20250703,90736,ODI,No,No
24V634000,https://www.nhtsa.gov/vehicle/recalls#?nhtsaId=24V634000,"FORD, LINCOLN","CORSAIR, ESCAPE, EXPLORER, MUSTANG","2023, 2024, 2025","FUEL SYSTEM, GASOLINE:FUEL INJECTION SYSTEM:INJECTORS",20240823,20241007,24,MFR,No,No
24V626000,https://www.nhtsa.gov/vehicle/recalls#?nhtsaId=24V626000,CHEVROLET,SILVERADO 1500,2024,TRAILER HITCHES,20240821,20241201,38,MFR,No,No
24V621000,https://www.nhtsa.gov/vehicle/recalls#?nhtsaId=24V621000,AUDI,E-TRON,2019,"SERVICE BRAKES, HYDRAULIC:PEDALS AND LINKAGES",20240819,20241001,1453,MFR,No,No
24V615000,https://www.nhtsa.gov/vehicle/recalls#?nhtsaId=24V615000,TESLA,MODEL X,2016,STRUCTURE:BODY,20240815,20241014,9136,ODI,No,No
24V614000,https://www.nhtsa.gov/vehicle/recalls#?nhtsaId=24V614000,ACURA,ZDX,2024,"SERVICE BRAKES, HYDRAULIC:ANTILOCK/TRACTION CONTROL/ELECTRONIC LIMITED SLIP:CONTROL UNIT/MODULE ",20240815,20240926,4174,MFR,No,No
24V612000,https://www.nhtsa.gov/vehicle/recalls#?nhtsaId=24V612000,MINI,COOPER SE,"2020, 2021, 2022, 2023, 2024",ELECTRICAL SYSTEM:PROPULSION SYSTEM:TRACTION BATTERY THERMAL:MANAGEMENT:SOFTWARE,20240815,20241014,12535,MFR,No,No
24V611000,https://www.nhtsa.gov/vehicle/recalls#?nhtsaId=24V611000,BMW,"I4, I4 M50",2024,STRUCTURE:FRAME AND MEMBERS,20240815,20241014,1150,MFR,No,No
24V608000,https://www.nhtsa.gov/vehicle/recalls#?nhtsaId=24V608000,BMW,"228I, 228XI, 328I, 328XI, 428I, 428XI, 528I, X1, X3, X4, X5, Z4","2012, 2013, 2014, 2015, 2016, 2017, 2018",ELECTRICAL SYSTEM:WIRING:CONNECTORS/PLUGS/RECEPTACLES,20240813,20250328,720796,MFR,No,No
24V598000,https://www.nhtsa.gov/vehicle/recalls#?nhtsaId=24V598000,FORD,EXPLORER,"2020, 2021, 2022",ENGINE,20240809,20250813,85238,MFR,No,No
24V597000,https://www.nhtsa.gov/vehicle/recalls#?nhtsaId=24V597000,"FORD, LINCOLN","NAUTILUS, RANGER",2024,VISIBILITY:POWER WINDOW DEVICES AND CONTROLS,20240809,20240913,70483,MFR,No,No
24V594000,https://www.nhtsa.gov/vehicle/recalls#?nhtsaId=24V594000,FORD,"BRONCO SPORT, MAVERICK, MUSTANG MACH E","2023, 2024",VISIBILITY:WINDSHIELD WIPER/WASHER:MOTOR,20240809,20241206,86852,MFR,No,No
24V593000,https://www.nhtsa.gov/vehicle/recalls#?nhtsaId=24V593000,FORD,MUSTANG,2024,SUSPENSION:REAR,20240809,20240826,4595,MFR,No,No
24V592000,https://www.nhtsa.gov/vehicle/recalls#?nhtsaId=24V592000,MERCEDES-BENZ,AMG GLB35,2024,"SERVICE BRAKES, HYDRAULIC:FOUNDATION COMPONENTS:HOSES, LINES/PIPING, AND FITTINGS",20240809,20240911,16,MFR,No,No
24V591000,https://www.nhtsa.gov/vehicle/recalls#?nhtsaId=24V591000,FORD,TRANSIT,"2023, 2024",STEERING:COLUMN,20240809,20250214,1902,MFR,No,No
24V590000,https://www.nhtsa.gov/vehicle/recalls#?nhtsaId=24V590000,FORD,MAVERICK,2022,ELECTRICAL SYSTEM:BODY CONTROL MODULE/BCM,20240809,20240826,757,MFR,No,No
24E066000,https://www.nhtsa.gov/vehicle/recalls#?nhtsaId=24E066000,BUICK,ALL-WEATHER FLOOR LINER,2024,EQUIPMENT:ACCESSORY:FLOOR MAT,20240808,20240829,27793,MFR,No,No
24V585000,https://www.nhtsa.gov/vehicle/recalls#?nhtsaId=24V585000,JEEP,WRANGLER,2024,EXTERIOR LIGHTING:TAIL LIGHTS,20240808,20240829,27,MFR,No,No
24V586000,https://www.nhtsa.gov/vehicle/recalls#?nhtsaId=24V586000,JEEP,GRAND CHEROKEE,2024,CHILD SEAT:VEHICLE TETHER ANCHOR,20240808,20241003,243,MFR,No,No
24V587000,https://www.nhtsa.gov/vehicle/recalls#?nhtsaId=24V587000,LEXUS,UX HYBRID,2025,ELECTRICAL SYSTEM:WIRING,20240808,20241206,141,MFR,No,No
24V589000,https://www.nhtsa.gov/vehicle/recalls#?nhtsaId=24V589000,CADILLAC,LYRIQ,"2023, 2024","SERVICE BRAKES, HYDRAULIC:ANTILOCK/TRACTION CONTROL/ELECTRONIC LIMITED SLIP:CONTROL UNIT/MODULE ",20240808,20240903,21469,MFR,No,No
24V588000,https://www.nhtsa.gov/vehicle/recalls#?nhtsaId=24V588000,BMW,540D,2018,ENGINE AND ENGINE COOLING:EXHAUST SYSTEM:EMISSION CONTROL:GAS RECIRCULATION VALVE (EGR VALVE),20240808,20241007,15,MFR,No,No
24V584000,https://www.nhtsa.gov/vehicle/recalls#?nhtsaId=24V584000,GENESIS,"GV60, GV80","2024, 2025",BACK OVER PREVENTION: SENSING SYSTEM: CAMERA,20240807,20240911,1488,MFR,No,No
24V583000,https://www.nhtsa.gov/vehicle/recalls#?nhtsaId=24V583000,HYUNDAI,SONATA,2024,EXTERIOR LIGHTING:BRAKE LIGHTS,20240807,20240912,38331,MFR,No,No
24V573000,https://www.nhtsa.gov/vehicle/recalls#?nhtsaId=24V573000,DODGE,CHALLENGER,2023,SEATS:CRITICAL FASTENERS,20240801,20240815,2852,MFR,No,No
24V572000,https://www.nhtsa.gov/vehicle/recalls#?nhtsaId=24V572000,JEEP,"GLADIATOR, WRANGLER",2021,POWER TRAIN:MANUAL TRANSMISSION:CONTROL MODULE:SOFTWARE,20240801,20240815,94,MFR,No,No
24V574000,https://www.nhtsa.gov/vehicle/recalls#?nhtsaId=24V574000,DODGE,CHARGER,2023,SEATS:CRITICAL FASTENERS,20240801,20240815,898,MFR,No,No
24V575000,https://www.nhtsa.gov/vehicle/recalls#?nhtsaId=24V575000,"CADILLAC, CHEVROLET","MALIBU, XT4",2024,EQUIPMENT:OTHER:OWNERS/SERVICE/OTHER MANUAL ,20240801,20240826,22,MFR,No,No
24V576000,https://www.nhtsa.gov/vehicle/recalls#?nhtsaId=24V576000,BMW,"340XI, 740I, 740XI, 840I, 840XI, M340I, M340XI, X5, X6, X7","2019, 2020, 2021",ENGINE AND ENGINE COOLING:ENGINE:ENGINE CONTROL MODULE (ECU/ECM):SOFTWARE,20240801,20240927,105588,MFR,No,No
24V561000,https://www.nhtsa.gov/vehicle/recalls#?nhtsaId=24V561000,HYUNDAI,"SANTA FE, SANTA FE HYBRID",2024,AIR BAGS,20240726,20240822,49719,MFR,No,No
24V557000,https://www.nhtsa.gov/vehicle/recalls#?nhtsaId=24V557000,BMW,R 1300 GS,2024,ELECTRICAL SYSTEM:STARTER ASSEMBLY:RELAY,20240726,20240923,1582,MFR,No,No
24V562000,https://www.nhtsa.gov/vehicle/recalls#?nhtsaId=24V562000,HYUNDAI,GENESIS COUPE,"2010, 2011, 2012, 2013",ELECTRICAL SYSTEM:IGNITION:INTERLOCK/LOCKOUT,20240725,20240904,12612,MFR,No,No
24V554000,https://www.nhtsa.gov/vehicle/recalls#?nhtsaId=24V554000,TESLA,"MODEL 3, MODEL S, MODEL X, MODEL Y","2020, 2021, 2022, 2023, 2024",ELECTRICAL SYSTEM:SOFTWARE,20240724,20240922,1849638,MFR,No,No
24V548000,https://www.nhtsa.gov/vehicle/recalls#?nhtsaId=24V548000,TOYOTA,"4RUNNER, BZ4X, CAMRY HYBRID, COROLLA, COROLLA CROSS HYBRID, CROWN, GR COROLLA, GR SUPRA, GR86, GRAND HIGHLANDER, GRAND HIGHLANDER HYBRID, HIGHLANDER, HIGHLANDER HYBRID, LAND CRUISER HYBRID, PRIUS, PRIUS PRIME, SEQUOIA HYBRID, TACOMA, TACOMA HYBRID, TUNDRA, TUNDRA HYBRID, VENZA HYBRID","2023, 2024, 2025",EQUIPMENT:OTHER:LABELS,20240723,20240916,33848,MFR,No,No
24V542000,https://www.nhtsa.gov/vehicle/recalls#?nhtsaId=24V542000,FORD,TRANSIT,"2023, 2024",STEERING:ELECTRIC POWER ASSIST SYSTEM,20240719,20250110,1902,MFR,No,No
24E061000,https://www.nhtsa.gov/vehicle/recalls#?nhtsaId=24E061000,FORD,STEERING TIE ROD,9999,STEERING:LINKAGES:TIE ROD ASSEMBLY,20240719,,42,MFR,No,No
24V536000,https://www.nhtsa.gov/vehicle/recalls#?nhtsaId=24V536000,CHRYSLER,PACIFICA PLUG-IN HYBRID,"2017, 2018",HYBRID PROPULSION SYSTEM,20240718,20241212,15910,ODI,No,Yes
24V539000,https://www.nhtsa.gov/vehicle/recalls#?nhtsaId=24V539000,HYUNDAI,XCIENT,2023,STEERING:GEAR BOX:SHAFT PITMAN,20240718,20240712,35,MFR,No,No
24V540000,https://www.nhtsa.gov/vehicle/recalls#?nhtsaId=24V540000,HONDA,PROLOGUE,2024,SUSPENSION:FRONT:CONTROL ARM:LOWER ARM,20240718,20240903,39,MFR,No,No
24V538000,https://www.nhtsa.gov/vehicle/recalls#?nhtsaId=24V538000,CHRYSLER,PACIFICA PLUG-IN HYBRID,"2019, 2020, 2021",HYBRID PROPULSION SYSTEM,20240718,20250306,3606,ODI,No,Yes
24V534000,https://www.nhtsa.gov/vehicle/recalls#?nhtsaId=24V534000,BMW,X3,"2018, 2019, 2020, 2021, 2022, 2023",STRUCTURE,20240717,20250102,282387,MFR,No,No
24V533000,https://www.nhtsa.gov/vehicle/recalls#?nhtsaId=24V533000,PORSCHE,CAYENNE,2024,SUSPENSION:FRONT:CONTROL ARM:UPPER ARM,20240716,20240913,2475,MFR,Yes,No
24V528000,https://www.nhtsa.gov/vehicle/recalls#?nhtsaId=24V528000,"GENESIS, HYUNDAI","ELANTRA N, G70, KONA N, VELOSTER N","2019, 2020, 2021, 2022, 2023","FUEL SYSTEM, GASOLINE:DELIVERY:FUEL PUMP:CONTROL/DRIVE MODULE",20240711,20240909,54647,MFR,No,No
24V529000,https://www.nhtsa.gov/vehicle/recalls#?nhtsaId=24V529000,HYUNDAI,SANTA FE,2024,POWER TRAIN:AUTOMATIC TRANSMISSION:CONTROL MODULE:SOFTWARE,20240711,20240826,12349,MFR,No,No
24V527000,https://www.nhtsa.gov/vehicle/recalls#?nhtsaId=24V527000,BMW,"320I, 328D, 328I, 335I, 428I, 435I, 528I, 535D, 535I, 550I, 640I, 650I, ACTIVE HYBRID 5, M4, X3, X5","2013, 2014, 2015",AIR BAGS:FRONTAL:DRIVER SIDE:INFLATOR MODULE,20240711,20240906,1145,MFR,No,No
24V517000,https://www.nhtsa.gov/vehicle/recalls#?nhtsaId=24V517000,MERCEDES-BENZ,"SPRINTER 1500, SPRINTER 2500, SPRINTER 3500, SPRINTER 4500","2023, 2024","SUSPENSION:REAR:SPRINGS:LEAF SPRING ASSEMBLY:U-BOLT, LEAF SPRING TO AXLE",20240709,20240823,1232,MFR,No,No
24V520000,https://www.nhtsa.gov/vehicle/recalls#?nhtsaId=24V520000,MERCEDES-BENZ,GLC 300,2023,STRUCTURE:INTERIOR PANELS:DASHBOARD,20240708,20240823,7,MFR,No,No
24V516000,https://www.nhtsa.gov/vehicle/recalls#?nhtsaId=24V516000,JEEP,CHEROKEE,"2021, 2022",AIR BAGS:SIDE/WINDOW:CURTAIN,20240708,20201030,13,MFR,No,No
24V513000,https://www.nhtsa.gov/vehicle/recalls#?nhtsaId=24V513000,BMW,"323I, 325I, 325XI, 328I, 328XI, 330I, 330XI, 335D, 335I, 335XI","2006, 2007, 2008, 2009, 2010, 2011, 2012",AIR BAGS:FRONTAL:DRIVER SIDE:INFLATOR MODULE,20240703,20240830,394029,MFR,No,No
24V512000,https://www.nhtsa.gov/vehicle/recalls#?nhtsaId=24V512000,ALFA ROMEO,"GIULIA, STELVIO","2017, 2018, 2019, 2020, 2021, 2022, 2023, 2024",EQUIPMENT:OTHER:LABELS,20240703,20240805,9037,MFR,No,No
24V510000,https://www.nhtsa.gov/vehicle/recalls#?nhtsaId=24V510000,"ALFA ROMEO, FIAT, JEEP","500E, 500X, GIULIA, RENEGADE, STELVIO","2017, 2018, 2019, 2020, 2021, 2022, 2023, 2024, 2025",SEAT BELTS:FRONT,20240703,20240827,337128,MFR,No,No
24V508000,https://www.nhtsa.gov/vehicle/recalls#?nhtsaId=24V508000,HONDA,CR-V,2024,TIRES:MARKINGS,20240702,20240827,1725,MFR,No,No
24E055000,https://www.nhtsa.gov/vehicle/recalls#?nhtsaId=24E055000,FORD,SERVICE STEERING GEAR,9999,STEERING:STEERING CONTROL MODULE,20240628,20250516,7442,MFR,No,No
24V486000,https://www.nhtsa.gov/vehicle/recalls#?nhtsaId=24V486000,FORD,F-150,2024,VISIBILITY:WINDSHIELD,20240628,20240710,4361,MFR,No,No
24V487000,https://www.nhtsa.gov/vehicle/recalls#?nhtsaId=24V487000,CHEVROLET,BLAZER EV,2024,SUSPENSION:FRONT:CONTROL ARM:LOWER ARM,20240628,20240724,83,MFR,No,No
24V491000,https://www.nhtsa.gov/vehicle/recalls#?nhtsaId=24V491000,"CHEVROLET, GMC","CANYON, COLORADO",2024,"FUEL SYSTEM, GASOLINE:DELIVERY:FUEL PUMP:MOUNTING PLATE/FLANGE",20240628,20240806,8622,MFR,No,No
24V493000,https://www.nhtsa.gov/vehicle/recalls#?nhtsaId=24V493000,FORD,MUSTANG,"2022, 2023",STEERING:ELECTRIC POWER ASSIST SYSTEM,20240628,20241011,30735,MFR,No,No
24V496000,https://www.nhtsa.gov/vehicle/recalls#?nhtsaId=24V496000,FORD,MUSTANG,2024,"SERVICE BRAKES, HYDRAULIC:BRAKE FLUID LOW WARNING:SWITCH/SENSOR/FLOAT",20240628,20240712,10,MFR,No,No
24V494000,https://www.nhtsa.gov/vehicle/recalls#?nhtsaId=24V494000,FORD,"F-650 SD, F-750 SD",2025,STEERING:LINKAGES:TIE ROD ASSEMBLY,20240628,20240814,2718,MFR,No,No
24V482000,https://www.nhtsa.gov/vehicle/recalls#?nhtsaId=24V482000,LEXUS,"NX, NX HYBRID, RX, RX HYBRID","2024, 2025",SEATS:FRONT ASSEMBLY:HEAD RESTRAINT,20240627,20250214,11418,MFR,No,No
24V480000,https://www.nhtsa.gov/vehicle/recalls#?nhtsaId=24V480000,VOLKSWAGEN,"ATLAS, ATLAS CROSS SPORT, GOLF R, GTI","2022, 2023, 2024",BACK OVER PREVENTION:SOFTWARE,20240627,20240715,84432,ODI,No,No
24V481000,https://www.nhtsa.gov/vehicle/recalls#?nhtsaId=24V481000,CHEVROLET,"BOLT EUV, BOLT EV","2020, 2021, 2022",ELECTRICAL SYSTEM:PROPULSION SYSTEM:TRACTION BATTERY,20240627,20240801,72,MFR,No,Yes
24V474000,https://www.nhtsa.gov/vehicle/recalls#?nhtsaId=24V474000,FIAT,500,"2014, 2015, 2016, 2017, 2018, 2019",TIRES:PRESSURE MONITORING AND REGULATING SYSTEMS,20240625,20240711,12675,MFR,No,No
24V465000,https://www.nhtsa.gov/vehicle/recalls#?nhtsaId=24V465000,AUDI,"E-TRON GT, RS E-TRON GT","2022, 2023, 2024","SERVICE BRAKES, AIR:SUPPLY:HOSES, LINES/PIPING, AND FITTINGS",20240620,20240806,9653,MFR,No,No
24V464000,https://www.nhtsa.gov/vehicle/recalls#?nhtsaId=24V464000,VOLKSWAGEN,"ATLAS, ATLAS CROSS SPORT","2020, 2021, 2022, 2023, 2024",AIR BAGS:SENSOR:OCCUPANT CLASSIFICATION:FRONT PASSENGER,20240620,20240930,271330,ODI,No,No
24V461000,https://www.nhtsa.gov/vehicle/recalls#?nhtsaId=24V461000,"LEXUS, TOYOTA","GRAND HIGHLANDER, GRAND HIGHLANDER HYBRID, TX, TX HYBRID",2024,AIR BAGS:SIDE/WINDOW:CURTAIN,20240620,20241104,145254,OVSC,No,No
24V458000,https://www.nhtsa.gov/vehicle/recalls#?nhtsaId=24V458000,RIVIAN,"R1S, R1T","2022, 2023",EQUIPMENT:OTHER:LABELS,20240620,20240808,666,MFR,No,No
24V459000,https://www.nhtsa.gov/vehicle/recalls#?nhtsaId=24V459000,CADILLAC,"XT5, XT6","2023, 2024, 2025",ELECTRICAL SYSTEM: INSTRUMENT CLUSTER/PANEL,20240620,20240813,6942,MFR,No,No
24V457000,https://www.nhtsa.gov/vehicle/recalls#?nhtsaId=24V457000,TESLA,CYBERTRUCK,2024,STRUCTURE:BODY,20240619,20240818,12150,MFR,No,No
24V456000,https://www.nhtsa.gov/vehicle/recalls#?nhtsaId=24V456000,TESLA,CYBERTRUCK,2024,VISIBILITY:WINDSHIELD WIPER/WASHER:MOTOR,20240619,20241001,11688,MFR,No,No
24V455000,https://www.nhtsa.gov/vehicle/recalls#?nhtsaId=24V455000,PORSCHE,TAYCAN,"2020, 2021, 2022, 2023, 2024, 2025","SERVICE BRAKES, HYDRAULIC:FOUNDATION COMPONENTS:HOSES, LINES/PIPING, AND FITTINGS",20240619,20250129,31689,MFR,No,No
24V452000,https://www.nhtsa.gov/vehicle/recalls#?nhtsaId=24V452000,TOYOTA,HIGHLANDER,"2021, 2022, 2023, 2024",TIRES,20240618,20240816,4763,MFR,No,No
24V444000,https://www.nhtsa.gov/vehicle/recalls#?nhtsaId=24V444000,FORD,F-150,2014,POWER TRAIN:AUTOMATIC TRANSMISSION:CONTROL MODULE (TCM/PCM/TECM),20240617,20240701,552188,ODI,No,No
24V442000,https://www.nhtsa.gov/vehicle/recalls#?nhtsaId=24V442000,TOYOTA,CROWN,2023,BACK OVER PREVENTION: SENSING SYSTEM: CAMERA,20240614,20240809,13077,MFR,No,No
24V443000,https://www.nhtsa.gov/vehicle/recalls#?nhtsaId=24V443000,FORD,F-150,2021,ELECTRICAL SYSTEM:BODY CONTROL MODULE:SOFTWARE,20240614,20240626,159,MFR,No,No
24V446000,https://www.nhtsa.gov/vehicle/recalls#?nhtsaId=24V446000,MERCEDES-BENZ,C 300,"2022, 2023",ELECTRICAL SYSTEM:WIRING:FUSES AND CIRCUIT BREAKERS,20240614,20240802,1058,MFR,No,No
24V440000,https://www.nhtsa.gov/vehicle/recalls#?nhtsaId=24V440000,FORD,ESCAPE,"2023, 2024",FORWARD COLLISION AVOIDANCE: ADAPTIVE CRUISE CONTROL,20240614,20240703,209,MFR,No,No
24V445000,https://www.nhtsa.gov/vehicle/recalls#?nhtsaId=24V445000,MERCEDES-BENZ,"AMG CLS53, AMG E53, AMG GT43, AMG GT53","2019, 2020, 2021, 2022, 2023",ELECTRICAL SYSTEM:WIRING,20240614,20241115,22422,MFR,No,No
24V434000,https://www.nhtsa.gov/vehicle/recalls#?nhtsaId=24V434000,JEEP,GRAND CHEROKEE,2023,SEAT BELTS:CRITICAL FASTENERS,20240613,20240709,53,MFR,No,No
24V436000,https://www.nhtsa.gov/vehicle/recalls#?nhtsaId=24V436000,"CHRYSLER, DODGE, JEEP, RAM","1500, 2500, 3500, COMPASS, DURANGO, GRAND CHEROKEE, GRAND WAGONEER, PACIFICA, PROMASTER, VOYAGER, WAGONEER","2021, 2022, 2023",BACK OVER PREVENTION: SENSING SYSTEM: CAMERA,20240613,20240709,1033433,MFR,No,No
24V437000,https://www.nhtsa.gov/vehicle/recalls#?nhtsaId=24V437000,RAM,1500,2022,BACK OVER PREVENTION: SENSING SYSTEM: CAMERA,20240613,20221003,1,MFR,No,No
24V428000,https://www.nhtsa.gov/vehicle/recalls#?nhtsaId=24V428000,AUDI,"Q8 E-TRON, Q8 SPORTBACK E-TRON",2024,"SERVICE BRAKES, AIR:SUPPLY:HOSES, LINES/PIPING, AND FITTINGS",20240610,20240709,65,MFR,No,No
24V422000,https://www.nhtsa.gov/vehicle/recalls#?nhtsaId=24V422000,KIA,SPORTAGE,2024,STEERING:ELECTRIC POWER ASSIST SYSTEM,20240607,20240719,1075,MFR,No,No
24V419000,https://www.nhtsa.gov/vehicle/recalls#?nhtsaId=24V419000,TOYOTA,HIGHLANDER,"2022, 2023, 2024",TIRES,20240606,20240808,4869,MFR,No,No
24V418000,https://www.nhtsa.gov/vehicle/recalls#?nhtsaId=24V418000,CHEVROLET,CORVETTE,"2024, 2025",SEAT BELTS:FRONT:RETRACTOR,20240606,20240919,13464,MFR,No,No
24V415000,https://www.nhtsa.gov/vehicle/recalls#?nhtsaId=24V415000,"DODGE, RAM","2500, 3500, DURANGO",2022,"SERVICE BRAKES, AIR:ANTILOCK:CONTROL UNIT/MODULE",20240606,20240711,211581,MFR,No,No
24V414000,https://www.nhtsa.gov/vehicle/recalls#?nhtsaId=24V414000,JEEP,WRANGLER,2024,EXTERIOR LIGHTING:TAIL LIGHTS,20240606,20240702,4,MFR,No,No
24V413000,https://www.nhtsa.gov/vehicle/recalls#?nhtsaId=24V413000,RAM,"1500, 2500, 3500",2023,POWER TRAIN:MANUAL TRANSMISSION,20240606,20240620,214,ODI,No,No
24V416000,https://www.nhtsa.gov/vehicle/recalls#?nhtsaId=24V416000,RAM,PROMASTER,"2021, 2022, 2023, 2024",STRUCTURE:BODY:DOOR ,20240606,20240801,266,MFR,No,No
24V412000,https://www.nhtsa.gov/vehicle/recalls#?nhtsaId=24V412000,HYUNDAI,"SANTA CRUZ, TUCSON",2024,STEERING:ELECTRIC POWER ASSIST SYSTEM,20240605,20240711,795,MFR,No,No
24V408000,https://www.nhtsa.gov/vehicle/recalls#?nhtsaId=24V408000,RIVIAN,"R1S, R1T","2022, 2023, 2024",AIR BAGS:CRITICAL FASTENERS,20240605,20240716,1723,MFR,No,No
24V407000,https://www.nhtsa.gov/vehicle/recalls#?nhtsaId=24V407000,KIA,TELLURIDE,"2020, 2021, 2022, 2023, 2024",SEATS:FRONT ASSEMBLY:POWER ADJUST,20240605,20240730,462869,MFR,No,Yes
24V400000,https://www.nhtsa.gov/vehicle/recalls#?nhtsaId=24V400000,KIA,EV9,2024,STRUCTURE:INTERIOR PANELS:CEILING,20240604,20240730,2401,MFR,No,No
24E045000,https://www.nhtsa.gov/vehicle/recalls#?nhtsaId=24E045000,BMW,CE2 MOTORCYCLE SIDE BAG,9999,EQUIPMENT:MOTORCYCLE:LUGGAGE/SIDE/TOP CASES:MOUNTING HARDWARE/FASTENERS,20240604,20240604,5,MFR,No,No
24V394000,https://www.nhtsa.gov/vehicle/recalls#?nhtsaId=24V394000,FORD,MUSTANG,2024,POWER TRAIN:CLUTCH ASSEMBLY:LINKAGE:HYDRAULIC HOSE/FITTINGS,20240603,20240614,8161,MFR,No,No
24V384000,https://www.nhtsa.gov/vehicle/recalls#?nhtsaId=24V384000,HONDA,"FIT, HR-V","2018, 2019, 2020, 2021, 2022",BACK OVER PREVENTION:SOFTWARE,20240531,20240708,114686,MFR,No,No
24V381000,https://www.nhtsa.gov/vehicle/recalls#?nhtsaId=24V381000,"LEXUS, TOYOTA","LX, TUNDRA","2022, 2023",ENGINE AND ENGINE COOLING:ENGINE:HARD PARTS INTERNAL/MECHANICAL,20240530,20241217,102092,MFR,No,No
24V376000,https://www.nhtsa.gov/vehicle/recalls#?nhtsaId=24V376000,TESLA,"MODEL 3, MODEL S, MODEL X, MODEL Y","2012, 2013, 2014, 2015, 2016, 2017, 2018, 2019, 2020, 2021, 2022, 2023, 2024",SEAT BELTS:FRONT:WARNING LIGHT/DEVICES,20240528,20240726,125233,MFR,No,No
24V372000,https://www.nhtsa.gov/vehicle/recalls#?nhtsaId=24V372000,MERCEDES-BENZ,"AMG EQE 53 4MATIC, AMG EQE SUV 53 4MATIC, AMG EQS 53 4MATIC, EQE 350 4MATIC, EQE 350+, EQE 500, EQE SUV 350 4MATIC, EQE SUV 350+, EQE SUV 500 4MATIC, EQS 450+, EQS 580, EQS SUV 450 4MATIC, EQS SUV 450+, EQS SUV 580 4MATIC, redundant EQS 450","2023, 2024, 2025",ELECTRICAL SYSTEM:PROPULSION SYSTEM:TRACTION BATTERY:MANAGEMENT SYSTEM/ENERGY CONTROL MODULE (BMS/BECM):SOFTWARE,20240528,20240705,14912,MFR,No,No
24V371000,https://www.nhtsa.gov/vehicle/recalls#?nhtsaId=24V371000,MERCEDES-BENZ,AMG C43,2023,SEATS,20240524,20240712,18,MFR,No,No
24V368000,https://www.nhtsa.gov/vehicle/recalls#?nhtsaId=24V368000,LINCOLN,AVIATOR,"2020, 2021, 2022, 2023, 2024",BACK OVER PREVENTION:DISPLAY FUNCTION,20240524,20241023,109283,MFR,No,No
24V367000,https://www.nhtsa.gov/vehicle/recalls#?nhtsaId=24V367000,RIVIAN,"EDV, R1S, R1T","2023, 2024",EXTERIOR LIGHTING:HEADLIGHTS,20240523,20240628,2334,MFR,No,No
24V366000,https://www.nhtsa.gov/vehicle/recalls#?nhtsaId=24V366000,CHEVROLET,COLORADO,2024,TIRES,20240523,20240619,56,MFR,No,No
24V361000,https://www.nhtsa.gov/vehicle/recalls#?nhtsaId=24V361000,AUDI,Q4 E-TRON,"2022, 2023, 2024",EXTERIOR LIGHTING:LIGHTING CONTROL MODULE:SOFTWARE,20240522,20240606,17797,MFR,No,No
24V358000,https://www.nhtsa.gov/vehicle/recalls#?nhtsaId=24V358000,KIA,NIRO EV,2022,ELECTRICAL SYSTEM:PROPULSION SYSTEM:SHOCK PROTECTION,20240521,20240719,2209,MFR,No,No
24V346000,https://www.nhtsa.gov/vehicle/recalls#?nhtsaId=24V346000,JEEP,GRAND CHEROKEE,2024,AIR BAGS:FRONTAL,20240516,20240530,7,MFR,No,No
24V340000,https://www.nhtsa.gov/vehicle/recalls#?nhtsaId=24V340000,MINI,COUNTRYMAN,2025,STRUCTURE:INTERIOR PANELS:DOOR,20240515,20240514,9,MFR,No,No
24V343000,https://www.nhtsa.gov/vehicle/recalls#?nhtsaId=24V343000,PORSCHE,"718 BOXSTER, 718 CAYMAN",2024,POWER TRAIN:AUTOMATIC TRANSMISSION:GEAR POSITION INDICATION (PRNDL),20240515,20240703,14,MFR,No,No
24V344000,https://www.nhtsa.gov/vehicle/recalls#?nhtsaId=24V344000,VOLKSWAGEN,ID.4,"2021, 2022, 2023",EQUIPMENT:ELECTRICAL:INFOTAINMENT:SOFTWARE,20240515,20241220,79965,ODI,No,No
24V345000,https://www.nhtsa.gov/vehicle/recalls#?nhtsaId=24V345000,BMW,"ALPINA XB7, X5, X6, X7, XM","2024, 2025",SEAT BELTS:FRONT,20240515,20240712,3256,MFR,No,No
24V338000,https://www.nhtsa.gov/vehicle/recalls#?nhtsaId=24V338000,KIA,EV9,2024,SEAT BELTS:FRONT:RETRACTOR,20240514,20240605,4,MFR,No,No
24V330000,https://www.nhtsa.gov/vehicle/recalls#?nhtsaId=24V330000,"FORD, LINCOLN","CORSAIR, ESCAPE, MAVERICK","2020, 2021, 2022, 2023, 2024",POWER TRAIN:AUTOMATIC TRANSMISSION:CONTROL MODULE (TCM/PCM/TECM),20240510,20240522,9312,ODI,No,No
24V331000,https://www.nhtsa.gov/vehicle/recalls#?nhtsaId=24V331000,MERCEDES-BENZ,"EQB 300 4MATIC, EQB 350 4MATIC",2022,ELECTRICAL SYSTEM:PROPULSION SYSTEM,20240510,20240809,283,MFR,No,No
24V329000,https://www.nhtsa.gov/vehicle/recalls#?nhtsaId=24V329000,FORD,F-150,2024,STEERING:COLUMN,20240510,20240522,385,MFR,No,No
24V327000,https://www.nhtsa.gov/vehicle/recalls#?nhtsaId=24V327000,BMW,X5,"2024, 2025",EQUIPMENT:OTHER:LABELS,20240510,20240709,703,MFR,No,No
24V319000,https://www.nhtsa.gov/vehicle/recalls#?nhtsaId=24V319000,RIVIAN,"R1S, R1T",2024,EQUIPMENT:OTHER:LABELS,20240509,20240530,127,MFR,No,No
24V321000,https://www.nhtsa.gov/vehicle/recalls#?nhtsaId=24V321000,HONDA,RIDGELINE,"2020, 2021, 2022, 2023, 2024, 2025",BACK OVER PREVENTION: SENSING SYSTEM: CAMERA,20240509,20241108,187290,ODI,No,No
24V320000,https://www.nhtsa.gov/vehicle/recalls#?nhtsaId=24V320000,"CADILLAC, CHEVROLET, GMC","BLAZER EV, HUMMER EV PICKUP, LYRIQ, SIERRA EV, SILVERADO EV",2024,ELECTRICAL SYSTEM:PROPULSION SYSTEM,20240509,20240516,10,MFR,No,No
24V316000,https://www.nhtsa.gov/vehicle/recalls#?nhtsaId=24V316000,MERCEDES-BENZ,ESPRINTER,2024,ELECTRONIC STABILITY CONTROL (ESC):CONTROL MODULE:SOFTWARE,20240506,20240603,184,MFR,No,No
24V311000,https://www.nhtsa.gov/vehicle/recalls#?nhtsaId=24V311000,CADILLAC,XT5,2024,AIR BAGS:FRONTAL,20240502,20240912,74,MFR,No,No
24V308000,https://www.nhtsa.gov/vehicle/recalls#?nhtsaId=24V308000,HYUNDAI,"ELANTRA, KONA, VENUE",2024,ENGINE AND ENGINE COOLING:EXHAUST SYSTEM:EMISSION CONTROL:GAS RECIRCULATION VALVE (EGR VALVE),20240501,20240628,13511,MFR,No,No
24V306000,https://www.nhtsa.gov/vehicle/recalls#?nhtsaId=24V306000,ALFA ROMEO,GIULIA,2021,"FUEL SYSTEM, GASOLINE:DELIVERY:PRESSURE SENSOR",20240430,20240606,261,MFR,No,No
24V302000,https://www.nhtsa.gov/vehicle/recalls#?nhtsaId=24V302000,MINI,COOPER SE,"2020, 2021, 2022, 2023, 2024",ELECTRICAL SYSTEM:PROPULSION SYSTEM:TRACTION BATTERY,20240429,20241030,145,MFR,No,No
24V298000,https://www.nhtsa.gov/vehicle/recalls#?nhtsaId=24V298000,MERCEDES-BENZ,"AMG ML63, GL350, GL450, GL550, ML350, ML450, ML550, R350","2006, 2007, 2008, 2009, 2010, 2011, 2012","SERVICE BRAKES, HYDRAULIC:POWER ASSIST:VACUUM",20240426,20240524,15604,MFR,Yes,No
24V294000,https://www.nhtsa.gov/vehicle/recalls#?nhtsaId=24V294000,FORD,TRANSIT CONNECT,"2017, 2018, 2019",VISIBILITY:FIXED PANARAMIC ROOF/SKY LIGHT ASSEMBLY,20240426,20240605,1315,ODI,No,No
24V293000,https://www.nhtsa.gov/vehicle/recalls#?nhtsaId=24V293000,FORD,MAVERICK,"2022, 2023, 2024",ELECTRICAL SYSTEM:BODY CONTROL MODULE:SOFTWARE,20240426,20240510,242669,MFR,No,No
24V291000,https://www.nhtsa.gov/vehicle/recalls#?nhtsaId=24V291000,JEEP,GRAND CHEROKEE,2023,BACK OVER PREVENTION: SENSING SYSTEM: CAMERA,20240425,20230116,2,MFR,No,No
24V290000,https://www.nhtsa.gov/vehicle/recalls#?nhtsaId=24V290000,RAM,PROMASTER,2021,ELECTRONIC STABILITY CONTROL (ESC),20240425,20210127,2,MFR,No,No
24V289000,https://www.nhtsa.gov/vehicle/recalls#?nhtsaId=24V289000,JEEP,GRAND CHEROKEE,"2022, 2023, 2024",BACK OVER PREVENTION: SENSING SYSTEM: CAMERA,20240425,20240206,8,MFR,No,No
24V288000,https://www.nhtsa.gov/vehicle/recalls#?nhtsaId=24V288000,BMW,"228I, 320I, 328D, 328I, 335I, 428I, 435I, M235I, M3, M4","2014, 2015",AIR BAGS:SIDE/WINDOW,20240424,20241104,5761,ODI,No,No
24V287000,https://www.nhtsa.gov/vehicle/recalls#?nhtsaId=24V287000,KIA,SORENTO,2024,ELECTRICAL SYSTEM:WIRING,20240423,20240507,95,MFR,No,No
24V284000,https://www.nhtsa.gov/vehicle/recalls#?nhtsaId=24V284000,TESLA,MODEL 3,2024,AIR BAGS:SIDE/WINDOW:THORAX,20240419,20240412,1,MFR,No,No
24V283000,https://www.nhtsa.gov/vehicle/recalls#?nhtsaId=24V283000,HYUNDAI,IONIQ 6,2024,POWER TRAIN:DRIVELINE:DIFFERENTIAL UNIT,20240419,20240617,2,MFR,No,No
24V282000,https://www.nhtsa.gov/vehicle/recalls#?nhtsaId=24V282000,GENESIS,"G80, G90, GV70, GV80","2022, 2023","FUEL SYSTEM, GASOLINE:DELIVERY:FUEL PUMP",20240419,20240607,31440,ODI,No,No
24V275000,https://www.nhtsa.gov/vehicle/recalls#?nhtsaId=24V275000,LEXUS,"LS, LS HYBRID","2018, 2019, 2020, 2021",AIR BAGS:SENSOR:OCCUPANT CLASSIFICATION:FRONT PASSENGER,20240417,20240607,509,MFR,No,No
24V274000,https://www.nhtsa.gov/vehicle/recalls#?nhtsaId=24V274000,TOYOTA,"PRIUS, PRIUS PRIME","2023, 2024",ELECTRICAL SYSTEM:WIRING:SWITCHES/KNOBS/BUTTONS,20240417,20240909,55690,MFR,No,No
24V276000,https://www.nhtsa.gov/vehicle/recalls#?nhtsaId=24V276000,TESLA,CYBERTRUCK,2024,VEHICLE SPEED CONTROL:ACCELERATOR PEDAL,20240417,20240618,3878,MFR,No,No
24V271000,https://www.nhtsa.gov/vehicle/recalls#?nhtsaId=24V271000,KIA,"EV9, NIRO EV","2023, 2024",POWER TRAIN:DRIVELINE:DIFFERENTIAL UNIT,20240416,20240517,8,MFR,No,No
24V266000,https://www.nhtsa.gov/vehicle/recalls#?nhtsaId=24V266000,FORD,MAVERICK,2024,EQUIPMENT:OTHER:LABELS,20240412,20240501,9,MFR,No,No
24V267000,https://www.nhtsa.gov/vehicle/recalls#?nhtsaId=24V267000,FORD,"BRONCO SPORT, MAVERICK","2021, 2022, 2023, 2024",ELECTRICAL SYSTEM:BODY CONTROL MODULE/BCM,20240412,20240604,456565,ODI,No,No
24V251000,https://www.nhtsa.gov/vehicle/recalls#?nhtsaId=24V251000,AUDI,"A3, A4 ALLROAD, A8, E-TRON, Q3, Q5, Q7, Q8, RS 5, RS Q8, S5, S5 CABRIOLET, SQ7, TT","2023, 2024",AIR BAGS:SENSOR:OCCUPANT CLASSIFICATION:FRONT PASSENGER,20240403,20240508,91,MFR,No,No
24V246000,https://www.nhtsa.gov/vehicle/recalls#?nhtsaId=24V246000,HYUNDAI,SANTA FE,2024,BACK OVER PREVENTION:SOFTWARE,20240402,20240531,18206,MFR,No,No
24V244000,https://www.nhtsa.gov/vehicle/recalls#?nhtsaId=24V244000,KIA,FORTE,2023,SUSPENSION:FRONT:CONTROL ARM:LOWER ARM,20240401,20240417,215,MFR,Yes,No
24V240000,https://www.nhtsa.gov/vehicle/recalls#?nhtsaId=24V240000,CHRYSLER,"PACIFICA, VOYAGER",2024,TRACTION CONTROL SYSTEM,20240328,20240411,26776,MFR,No,No
24V239000,https://www.nhtsa.gov/vehicle/recalls#?nhtsaId=24V239000,JEEP,CHEROKEE,2022,EXTERIOR LIGHTING:TURN SIGNAL,20240328,20240808,12221,MFR,No,No
24V238000,https://www.nhtsa.gov/vehicle/recalls#?nhtsaId=24V238000,CHRYSLER,"PACIFICA, VOYAGER",2024,VISIBILITY:WINDSHIELD:CRITICAL FASTENERS,20240328,20240430,223,MFR,No,No
24V237000,https://www.nhtsa.gov/vehicle/recalls#?nhtsaId=24V237000,"CHEVROLET, GMC","CANYON, COLORADO",2023,WHEELS:LUGS/NUTS/BOLTS/STUDS,20240328,20240410,17,MFR,No,No
24V225000,https://www.nhtsa.gov/vehicle/recalls#?nhtsaId=24V225000,MERCEDES-BENZ,"SPRINTER 1500, SPRINTER 2500, SPRINTER 3500, SPRINTER 4500",2023,ELECTRICAL SYSTEM:WIRING,20240324,20240503,99,MFR,No,No
24V220000,https://www.nhtsa.gov/vehicle/recalls#?nhtsaId=24V220000,FORD,MUSTANG,2024,"FUEL SYSTEM, GASOLINE:DELIVERY:HOSES, LINES/PIPING, AND FITTINGS",20240322,20240404,362,MFR,No,No
24V223000,https://www.nhtsa.gov/vehicle/recalls#?nhtsaId=24V223000,FORD,"BRONCO SPORT, MAVERICK",2023,TIRES,20240322,20240405,115,MFR,No,No
24V226000,https://www.nhtsa.gov/vehicle/recalls#?nhtsaId=24V226000,FORD,TRANSIT,"2023, 2024",TIRES,20240322,20250326,1902,MFR,No,No
24V229000,https://www.nhtsa.gov/vehicle/recalls#?nhtsaId=24V229000,AUDI,"E-TRON GT, RS E-TRON GT","2022, 2023",ELECTRICAL SYSTEM:PROPULSION SYSTEM:TRACTION BATTERY,20240322,20240521,33,MFR,No,No
24V228000,https://www.nhtsa.gov/vehicle/recalls#?nhtsaId=24V228000,AUDI,"E-TRON GT, RS E-TRON GT","2022, 2023, 2024",ELECTRICAL SYSTEM:PROPULSION SYSTEM:TRACTION BATTERY,20240322,20240521,1009,MFR,No,No
24V224000,https://www.nhtsa.gov/vehicle/recalls#?nhtsaId=24V224000,MERCEDES-BENZ,"E 350, E 450",2024,ELECTRICAL SYSTEM:WIRING,20240322,20240517,396,MFR,No,No
24E029000,https://www.nhtsa.gov/vehicle/recalls#?nhtsaId=24E029000,BMW,ACC. SIDE CASE R 1300 GS,9999,EQUIPMENT,20240321,20240520,1322,MFR,No,No
24V215000,https://www.nhtsa.gov/vehicle/recalls#?nhtsaId=24V215000,PORSCHE,"TAYCAN, TAYCAN 4 CROSS TURISMO, TAYCAN 4S, TAYCAN 4S CROSS TURISMO, TAYCAN GTS, TAYCAN GTS SPORT TURISMO, TAYCAN TURBO, TAYCAN TURBO S","2020, 2021, 2022, 2023",ELECTRICAL SYSTEM:PROPULSION SYSTEM:TRACTION BATTERY,20240320,20241008,606,MFR,No,No
24V217000,https://www.nhtsa.gov/vehicle/recalls#?nhtsaId=24V217000,PORSCHE,"TAYCAN, TAYCAN 4 CROSS TURISMO, TAYCAN 4S, TAYCAN 4S CROSS TURISMO, TAYCAN GTS, TAYCAN GTS SPORT TURISMO, TAYCAN TURBO, TAYCAN TURBO S","2020, 2021, 2022, 2023, 2024",ELECTRICAL SYSTEM:PROPULSION SYSTEM:TRACTION BATTERY,20240320,20241009,749,MFR,No,No
24V214000,https://www.nhtsa.gov/vehicle/recalls#?nhtsaId=24V214000,KIA,TELLURIDE,"2020, 2021, 2022, 2023, 2024",POWER TRAIN:DRIVELINE:DRIVESHAFT,20240320,20240515,427407,MFR,No,No
24V209000,https://www.nhtsa.gov/vehicle/recalls#?nhtsaId=24V209000,"ALFA ROMEO, DODGE","HORNET, TONALE PHEV",2024,EQUIPMENT:OTHER:LABELS,20240319,20240404,1201,OVSC,No,No
24V205000,https://www.nhtsa.gov/vehicle/recalls#?nhtsaId=24V205000,GENESIS,GV70,2024,ELECTRICAL SYSTEM:WIRING,20240315,20240509,15645,MFR,No,No
24V204000,https://www.nhtsa.gov/vehicle/recalls#?nhtsaId=24V204000,"GENESIS, HYUNDAI","GV60, GV70 ELECTRIFIED, IONIQ 5, IONIQ 6","2022, 2023, 2024",ELECTRICAL SYSTEM:12V/24V/48V BATTERY,20240315,20240422,99055,ODI,No,No
24V207000,https://www.nhtsa.gov/vehicle/recalls#?nhtsaId=24V207000,MERCEDES-BENZ,"AMG GLE53, AMG GLE53 4MATIC+, AMG GLE63 S, AMG GLE63 S 4MATIC+, AMG GLS63, AMG GLS63 4MATIC+, GLE 350, GLE 450, GLE 580, GLE 580 4MATIC, GLS 450, GLS 450 4MATIC, GLS 580 4MATIC, GLS450, GLS580","2019, 2020, 2021, 2022, 2023, 2024",ELECTRICAL SYSTEM:WIRING,20240315,20240503,116020,MFR,No,No
24V200000,https://www.nhtsa.gov/vehicle/recalls#?nhtsaId=24V200000,KIA,EV6,"2022, 2023, 2024",ELECTRICAL SYSTEM:12V/24V/48V BATTERY,20240314,20240429,48232,ODI,No,No
24V198000,https://www.nhtsa.gov/vehicle/recalls#?nhtsaId=24V198000,"CHRYSLER, DODGE","300, CHARGER","2018, 2019, 2020, 2021",AIR BAGS:SIDE/WINDOW:CURTAIN:INFLATOR,20240314,20250220,284982,ODI,No,No
24V197000,https://www.nhtsa.gov/vehicle/recalls#?nhtsaId=24V197000,RAM,PROMASTER,"2021, 2022",EXTERIOR LIGHTING,20240314,20250220,12375,MFR,No,No
24V196000,https://www.nhtsa.gov/vehicle/recalls#?nhtsaId=24V196000,JEEP,WRANGLER,2016,AIR BAGS:FRONTAL:DRIVER CLOCKSPRING/SPIRAL CASSETTE,20240314,20240404,1831,ODI,No,No
24V199000,https://www.nhtsa.gov/vehicle/recalls#?nhtsaId=24V199000,"CHRYSLER, JEEP, RAM","1500, 2500, 3500, 4500, 5500, GLADIATOR, GRAND CHEROKEE, GRAND WAGONEER, PACIFICA, VOYAGER, WAGONEER, WRANGLER","2023, 2024",AIR BAGS:FRONTAL:DRIVER CLOCKSPRING/SPIRAL CASSETTE,20240314,20240411,38164,MFR,No,No
24V191000,https://www.nhtsa.gov/vehicle/recalls#?nhtsaId=24V191000,GENESIS,"G70, G80, G90","2017, 2018, 2019, 2020, 2021, 2022",ENGINE AND ENGINE COOLING:ENGINE:GASOLINE:TURBO/SUPERCHARGER,20240308,20240503,28439,MFR,No,No
24V189000,https://www.nhtsa.gov/vehicle/recalls#?nhtsaId=24V189000,FORD,BRONCO,"2023, 2024",LATCHES/LOCKS/LINKAGES:DOORS:LOCK,20240308,20240409,9847,MFR,No,No
24V188000,https://www.nhtsa.gov/vehicle/recalls#?nhtsaId=24V188000,FORD,EXPLORER,2020,BACK OVER PREVENTION: SENSING SYSTEM: CAMERA,20240308,20240404,1988,ODI,No,No
24V187000,https://www.nhtsa.gov/vehicle/recalls#?nhtsaId=24V187000,FORD,"BRONCO SPORT, ESCAPE","2022, 2023","FUEL SYSTEM, GASOLINE:FUEL INJECTION SYSTEM",20240308,20240424,42652,MFR,No,No
24V185000,https://www.nhtsa.gov/vehicle/recalls#?nhtsaId=24V185000,FORD,MAVERICK,2024,"FUEL SYSTEM, GASOLINE:STORAGE:TANK ASSEMBLY",20240308,20240710,217,MFR,No,No
24E023000,https://www.nhtsa.gov/vehicle/recalls#?nhtsaId=24E023000,FORD,SD HIGH SERIES HEADLAMP,9999,EXTERIOR LIGHTING:HEADLIGHTS,20240308,20240426,1505,MFR,No,No
24V184000,https://www.nhtsa.gov/vehicle/recalls#?nhtsaId=24V184000,HONDA,"PASSPORT, RIDGELINE",2023,STEERING:RACK AND PINION,20240307,20240411,245,MFR,No,No
24V175000,https://www.nhtsa.gov/vehicle/recalls#?nhtsaId=24V175000,"ALFA ROMEO, DODGE","HORNET, TONALE, TONALE PHEV","2023, 2024",EQUIPMENT:OTHER:LABELS,20240305,20240328,36094,OVSC,No,No
24V166000,https://www.nhtsa.gov/vehicle/recalls#?nhtsaId=24V166000,MERCEDES-BENZ,"SPRINTER 1500, SPRINTER 2500, SPRINTER 3500, SPRINTER 4500",2023,ELECTRICAL SYSTEM:WIRING,20240301,20240405,828,MFR,No,No
24V170000,https://www.nhtsa.gov/vehicle/recalls#?nhtsaId=24V170000,MERCEDES-BENZ,"AMG G63, G 550","2022, 2023",VISIBILITY:DEFROSTER/DEFOGGER/HVAC SYSTEM,20240301,20240412,9,MFR,No,No
24V169000,https://www.nhtsa.gov/vehicle/recalls#?nhtsaId=24V169000,KIA,"K900, STINGER","2018, 2019, 2020, 2021, 2022, 2023",ENGINE AND ENGINE COOLING:ENGINE:GASOLINE:TURBO/SUPERCHARGER:HOSES/PLUMBING,20240301,20240426,36248,MFR,No,No
24E020000,https://www.nhtsa.gov/vehicle/recalls#?nhtsaId=24E020000,BMW,ACC. TOP CASE R 1300 GS,9999,EQUIPMENT,20240229,20240606,338,MFR,No,No
24V165000,https://www.nhtsa.gov/vehicle/recalls#?nhtsaId=24V165000,BMW,"K 1600 B, K 1600 GT, K 1600 GTL, R 1250 RT",2024,SUSPENSION:FRONT,20240229,20240429,191,MFR,No,No
24V155000,https://www.nhtsa.gov/vehicle/recalls#?nhtsaId=24V155000,PORSCHE,911,"2020, 2021, 2022, 2023, 2024","VISIBILITY:GLASS, SIDE/REAR",20240228,20240830,8101,MFR,No,No
24V157000,https://www.nhtsa.gov/vehicle/recalls#?nhtsaId=24V157000,CHEVROLET,"6500XD, 7500XD","2020, 2021, 2022, 2023, 2024",FORWARD COLLISION AVOIDANCE: SENSING SYSTEM: CAMERA,20240228,20240408,2891,MFR,No,No
24V153000,https://www.nhtsa.gov/vehicle/recalls#?nhtsaId=24V153000,TESLA,"MODEL 3, MODEL S, MODEL X, MODEL Y","2013, 2018, 2019, 2020, 2021, 2022",FORWARD COLLISION AVOIDANCE: WARNINGS:EXTERNAL/PEDESTRIAN ALERT,20240227,20240427,6557,MFR,No,No
24V152000,https://www.nhtsa.gov/vehicle/recalls#?nhtsaId=24V152000,TOYOTA,TACOMA,"2022, 2023",POWER TRAIN:AXLE ASSEMBLY,20240227,20240417,381199,MFR,No,No
24V148000,https://www.nhtsa.gov/vehicle/recalls#?nhtsaId=24V148000,KIA,TELLURIDE,2020,EXTERIOR LIGHTING:HEADLIGHTS,20240226,20240809,35031,ODI,No,No
24V151000,https://www.nhtsa.gov/vehicle/recalls#?nhtsaId=24V151000,MERCEDES-BENZ,"TOURRIDER BUSINESS, TOURRIDER PREMIUM","2022, 2023, 2024",STRUCTURE:EMERGENCY:ESCAPE/EGRESS/EXIT:LATCHING/RELEASE SYSTEM,20240226,20240405,111,MFR,No,No
24V139000,https://www.nhtsa.gov/vehicle/recalls#?nhtsaId=24V139000,BMW,XM,2024,STRUCTURE:BODY,20240223,20240417,267,MFR,No,No
24V140000,https://www.nhtsa.gov/vehicle/recalls#?nhtsaId=24V140000,FORD,MAVERICK,"2022, 2023",ELECTRICAL SYSTEM: INSTRUMENT CLUSTER/PANEL,20240223,20240326,62813,MFR,No,No
24V142000,https://www.nhtsa.gov/vehicle/recalls#?nhtsaId=24V142000,FORD,BRONCO,"2023, 2024","VISIBILITY:GLASS, SIDE/REAR",20240223,20240327,7875,MFR,No,No
24V143000,https://www.nhtsa.gov/vehicle/recalls#?nhtsaId=24V143000,FORD,"F-650 INCOMPLETE CHASSIS, F-650 SD, F-750 SD","2023, 2024",PARKING BRAKE,20240223,20240617,18716,MFR,No,No
24V144000,https://www.nhtsa.gov/vehicle/recalls#?nhtsaId=24V144000,FORD,F-150 LIGHTNING BEV,2023,ELECTRICAL SYSTEM:PROPULSION SYSTEM:TRACTION BATTERY,20240223,20240322,216,MFR,No,No
24V146000,https://www.nhtsa.gov/vehicle/recalls#?nhtsaId=24V146000,HYUNDAI,ELANTRA,"2015, 2016",LATCHES/LOCKS/LINKAGES:TRUNK LID:LATCH,20240223,20240405,186588,MFR,No,No
24V138000,https://www.nhtsa.gov/vehicle/recalls#?nhtsaId=24V138000,BMW,"X5, X7",2024,STRUCTURE:INTERIOR PANELS:DASHBOARD,20240223,20240416,8,MFR,No,No
24V141000,https://www.nhtsa.gov/vehicle/recalls#?nhtsaId=24V141000,MERCEDES-BENZ,"TOURRIDER BUSINESS, TOURRIDER PREMIUM","2022, 2023, 2024",EQUIPMENT ADAPTIVE/MOBILITY,20240223,20240326,77,MFR,No,No
24V135000,https://www.nhtsa.gov/vehicle/recalls#?nhtsaId=24V135000,BMW,"I4, I4 M50, I5",2024,ELECTRICAL SYSTEM:PROPULSION SYSTEM:TRACTION BATTERY,20240223,20240216,4,MFR,No,No
24V130000,https://www.nhtsa.gov/vehicle/recalls#?nhtsaId=24V130000,JEEP,GRAND CHEROKEE,"2023, 2024",EXTERIOR LIGHTING:HEADLIGHTS,20240222,20240307,9433,ODI,No,No
24V129000,https://www.nhtsa.gov/vehicle/recalls#?nhtsaId=24V129000,RAM,PROMASTER,"2022, 2023",SEAT BELTS:FRONT:BUCKLE ASSEMBLY,20240222,20240409,27744,MFR,No,No
24V131000,https://www.nhtsa.gov/vehicle/recalls#?nhtsaId=24V131000,JEEP,GRAND CHEROKEE,2024,STEERING:LINKAGES:KNUCKLE:SPINDLE:ARM,20240222,20240411,250,MFR,No,No
24V132000,https://www.nhtsa.gov/vehicle/recalls#?nhtsaId=24V132000,JEEP,GRAND CHEROKEE,"2021, 2022, 2023",SUSPENSION:FRONT:CONTROL ARM:UPPER BALL JOINT,20240222,20240402,338238,MFR,No,No
24V133000,https://www.nhtsa.gov/vehicle/recalls#?nhtsaId=24V133000,"CHEVROLET, GMC","CANYON, COLORADO",2023,ELECTRICAL SYSTEM:ADAS:DRIVER MONITORING:CAMERA/SENSOR,20240222,20240405,55755,ODI,No,No
24V124000,https://www.nhtsa.gov/vehicle/recalls#?nhtsaId=24V124000,"LEXUS, TOYOTA","ES, ES HYBRID, LC, LC HYBRID, LS, LS HYBRID, MIRAI","2023, 2024",BACK OVER PREVENTION:DISPLAY FUNCTION,20240221,20240410,18616,MFR,No,No
24V128000,https://www.nhtsa.gov/vehicle/recalls#?nhtsaId=24V128000,TOYOTA,"CAMRY, CAMRY HYBRID","2023, 2024",SEATS,20240221,20240419,4212,MFR,No,No
24V125000,https://www.nhtsa.gov/vehicle/recalls#?nhtsaId=24V125000,"LEXUS, TOYOTA","LX, SEQUOIA HYBRID, TUNDRA, TUNDRA HYBRID","2022, 2023, 2024",POWER TRAIN:AUTOMATIC TRANSMISSION,20240221,20240408,280663,MFR,No,No
24V123000,https://www.nhtsa.gov/vehicle/recalls#?nhtsaId=24V123000,PORSCHE,"911 CARRERA, 911 CARRERA 4, 911 CARRERA 4 GTS, 911 CARRERA 4S, 911 CARRERA GTS, 911 CARRERA S, 911 CARRERA T, 911 TARGA 4S, 911 TURBO, 911 TURBO S",2023,SEAT BELTS:REAR/OTHER:RETRACTOR,20240220,20240411,910,MFR,No,No
24V115000,https://www.nhtsa.gov/vehicle/recalls#?nhtsaId=24V115000,MERCEDES-BENZ,"AMG C43, AMG C63 S E , AMG EQE, AMG EQS, AMG SL43, AMG SL55, AMG SL63, AMG SL63 S E, C 300, CLE 300, CLE 450, E 350, E 450, EQE 500, EQS 580, GLC 300, S 500, S 580, S 580 4MATIC, S 580 E, S 580 E 4MATIC, redundant EQE 350, redundant EQE 350 4MATIC, redundant EQS 450","2023, 2024",ELECTRICAL SYSTEM:WIRING:FUSES AND CIRCUIT BREAKERS,20240216,20240405,31848,MFR,No,No
24V117000,https://www.nhtsa.gov/vehicle/recalls#?nhtsaId=24V117000,MERCEDES-BENZ,"AMG GLE53 4MATIC+, GLE 350, GLE 450",2024,VEHICLE SPEED CONTROL:ACCELERATOR PEDAL,20240216,20240405,466,MFR,No,No
24V118000,https://www.nhtsa.gov/vehicle/recalls#?nhtsaId=24V118000,MERCEDES-BENZ,"GLE 450, GLS 450, GLS 450 4MATIC, GLS450","2020, 2021, 2022, 2023",POWER TRAIN:AUTOMATIC TRANSMISSION:CONTROL MODULE:SOFTWARE,20240216,20240329,105071,MFR,No,No
24V111000,https://www.nhtsa.gov/vehicle/recalls#?nhtsaId=24V111000,JEEP,"GRAND CHEROKEE, WRANGLER","2021, 2022, 2023, 2024",VISIBILITY:DEFROSTER/DEFOGGER/HVAC SYSTEM,20240215,20240229,199143,MFR,No,No
24V113000,https://www.nhtsa.gov/vehicle/recalls#?nhtsaId=24V113000,HONDA,"CBR1000RR, CBR600RR, GL1800","2018, 2019, 2020, 2021, 2022, 2023, 2024","FUEL SYSTEM, GASOLINE:DELIVERY:FUEL PUMP",20240215,20240405,29301,MFR,No,No
24V114000,https://www.nhtsa.gov/vehicle/recalls#?nhtsaId=24V114000,"ACURA, HONDA","ODYSSEY, RDX","2023, 2024",STEERING,20240215,20240404,186,MFR,No,No
24V112000,https://www.nhtsa.gov/vehicle/recalls#?nhtsaId=24V112000,"CHRYSLER, DODGE","300, CHALLENGER, CHARGER",2023,PARKING BRAKE,20240215,20240229,1808,MFR,No,No
24V110000,https://www.nhtsa.gov/vehicle/recalls#?nhtsaId=24V110000,"AUDI, VOLKSWAGEN","A3, GOLF, GOLF SPORTWAGEN, GTI, JETTA","2015, 2016, 2017, 2018, 2019, 2020","FUEL SYSTEM, GASOLINE",20240214,20240725,261257,ODI,No,No
24V106000,https://www.nhtsa.gov/vehicle/recalls#?nhtsaId=24V106000,HYUNDAI,PALISADE,2024,ENGINE AND ENGINE COOLING:ENGINE:HARD PARTS INTERNAL/MECHANICAL,20240213,20240801,4245,MFR,No,No
24V107000,https://www.nhtsa.gov/vehicle/recalls#?nhtsaId=24V107000,"GENESIS, HYUNDAI","G70, G80, G90, GENESIS","2015, 2016, 2017, 2018, 2019",ELECTRICAL SYSTEM:STARTER ASSEMBLY:SOLENOID,20240213,20240715,90907,MFR,No,Yes
24V104000,https://www.nhtsa.gov/vehicle/recalls#?nhtsaId=24V104000,"BMW, MINI","530I, 550E XDRIVE, 740I, 750E, 750E XDRIVE, 760I, COOPER, COOPER S, COUNTRYMAN, I5, I7, I7 M70, I7 M70 XDRIVE, M5, X1, X2, X5, X6, X7, XM","2023, 2024, 2025","SERVICE BRAKES, HYDRAULIC:POWER ASSIST:ELECTRIC:CONTROL MODULE",20240212,20240628,266716,MFR,No,No
24V097000,https://www.nhtsa.gov/vehicle/recalls#?nhtsaId=24V097000,FORD,"E-350, E-450","2021, 2022","SERVICE BRAKES, HYDRAULIC:FOUNDATION COMPONENTS:HOSES, LINES/PIPING, AND FITTINGS",20240209,20240621,16543,ODI,No,No
24V099000,https://www.nhtsa.gov/vehicle/recalls#?nhtsaId=24V099000,"FORD, LINCOLN","EXPEDITION, NAVIGATOR","2018, 2019, 2020",SEAT BELTS:PRETENSIONER,20240209,20240708,77574,ODI,No,No
24V100000,https://www.nhtsa.gov/vehicle/recalls#?nhtsaId=24V100000,MERCEDES-BENZ,"AMG CLS53, AMG E53, AMG GT43, AMG GT53, CLS 450, E 450","2021, 2022, 2023",ELECTRICAL SYSTEM:WIRING,20240209,20240322,12191,MFR,No,No
24V102000,https://www.nhtsa.gov/vehicle/recalls#?nhtsaId=24V102000,FORD,TRANSIT,"2023, 2024",POWER TRAIN:DRIVELINE:DRIVESHAFT,20240209,20240304,113320,MFR,No,No
24V091000,https://www.nhtsa.gov/vehicle/recalls#?nhtsaId=24V091000,FORD,EXPLORER,2023,SUSPENSION:FRONT:MACPHERSON STRUT,20240208,20240308,121,MFR,No,No
24V087000,https://www.nhtsa.gov/vehicle/recalls#?nhtsaId=24V087000,CHEVROLET,SILVERADO EV,2024,SEAT BELTS:REAR/OTHER,20240208,20240313,338,MFR,No,No
24V077000,https://www.nhtsa.gov/vehicle/recalls#?nhtsaId=24V077000,KIA,TELLURIDE,2024,ENGINE AND ENGINE COOLING:ENGINE:HARD PARTS INTERNAL/MECHANICAL,20240207,20240405,2872,MFR,No,No
24V070000,https://www.nhtsa.gov/vehicle/recalls#?nhtsaId=24V070000,MERCEDES-BENZ,"AMG GLC43, GLC 300, GLC 350 E","2019, 2020, 2021, 2022",EXTERIOR LIGHTING:HEADLIGHTS,20240202,20240223,15502,MFR,No,No
24V064000,https://www.nhtsa.gov/vehicle/recalls#?nhtsaId=24V064000,"ACURA, HONDA","ACCORD, ACCORD HYBRID, CIVIC, CIVIC TYPE R, CR-V, CR-V HYBRID, FIT, HR-V, INSIGHT, MDX, ODYSSEY, PASSPORT, PILOT, RDX, RIDGELINE, TLX","2020, 2021, 2022",AIR BAGS:SENSOR:OCCUPANT CLASSIFICATION:FRONT PASSENGER,20240201,20240328,750114,MFR,No,No
24V065000,https://www.nhtsa.gov/vehicle/recalls#?nhtsaId=24V065000,"GENESIS, HYUNDAI","GV60, IONIQ 5, IONIQ 6",2023,POWER TRAIN:DRIVELINE:DRIVESHAFT,20240201,20240329,1165,MFR,No,No
24V060000,https://www.nhtsa.gov/vehicle/recalls#?nhtsaId=24V060000,"CHEVROLET, GMC","SIERRA 2500, SIERRA 3500, SILVERADO 2500, SILVERADO 3500","2020, 2021, 2022, 2023, 2024",LATCHES/LOCKS/LINKAGES:TAILGATE:LATCH,20240201,20240517,570434,MFR,No,No
24V057000,https://www.nhtsa.gov/vehicle/recalls#?nhtsaId=24V057000,KIA,"EV6, NIRO EV","2023, 2024",POWER TRAIN:DRIVELINE:DRIVESHAFT,20240131,20240328,1243,MFR,No,No
24V051000,https://www.nhtsa.gov/vehicle/recalls#?nhtsaId=24V051000,TESLA,"CYBERTRUCK, MODEL 3, MODEL S, MODEL X, MODEL Y","2012, 2013, 2014, 2015, 2016, 2017, 2018, 2019, 2020, 2021, 2022, 2023, 2024",ELECTRICAL SYSTEM: INSTRUMENT CLUSTER/PANEL,20240130,20240221,2193869,OVSC,No,No
24V035000,https://www.nhtsa.gov/vehicle/recalls#?nhtsaId=24V035000,TESLA,"MODEL S, MODEL X, MODEL Y",2023,BACK OVER PREVENTION: SENSING SYSTEM: CAMERA,20240122,20240322,199575,MFR,No,No
24V031000,https://www.nhtsa.gov/vehicle/recalls#?nhtsaId=24V031000,FORD,EXPLORER,"2011, 2012, 2013, 2014, 2015, 2016, 2017, 2018, 2019",STRUCTURE:BODY:ROOF AND PILLARS,20240119,20240718,1889110,ODI,No,No
24V025000,https://www.nhtsa.gov/vehicle/recalls#?nhtsaId=24V025000,KIA,"CARNIVAL, SPORTAGE","2022, 2023, 2024",STRUCTURE:BODY:ROOF AND PILLARS,20240118,20240315,101049,MFR,No,No
23V901000,https://www.nhtsa.gov/vehicle/recalls#?nhtsaId=23V901000,HYUNDAI,KONA,2024,ELECTRICAL SYSTEM:12V/24V/48V BATTERY:CABLES,20231226,20240222,10984,MFR,No,No
23V893000,https://www.nhtsa.gov/vehicle/recalls#?nhtsaId=23V893000,MERCEDES-BENZ,"TOURRIDER BUSINESS, TOURRIDER PREMIUM","2022, 2023, 2024",EQUIPMENT:RECREATIONAL VEHICLE/TRAILER:120/240 VAC ELECTRICAL SYSTEM:RECEPTACLE,20231222,20240213,66,MFR,No,No
23V885000,https://www.nhtsa.gov/vehicle/recalls#?nhtsaId=23V885000,BMW,"I5, I5 M60",2024,FORWARD COLLISION AVOIDANCE: WARNINGS:EXTERNAL/PEDESTRIAN ALERT,20231222,20240216,4926,MFR,No,No
23V884000,https://www.nhtsa.gov/vehicle/recalls#?nhtsaId=23V884000,BMW,"R 18 B, R 18 TRANSCONTINENTAL","2021, 2022, 2023, 2024",EXTERIOR LIGHTING:HEADLIGHTS,20231222,20240905,2369,MFR,No,No
23V896000,https://www.nhtsa.gov/vehicle/recalls#?nhtsaId=23V896000,FORD,F-150,"2021, 2022, 2023",POWER TRAIN:AXLE HUBS,20231222,20250509,112965,ODI,No,No
23V905000,https://www.nhtsa.gov/vehicle/recalls#?nhtsaId=23V905000,FORD,"ECOSPORT, FOCUS","2016, 2017, 2018, 2019, 2020, 2021, 2022",ENGINE AND ENGINE COOLING:ENGINE:OIL/LUBRICATION:PUMP,20231222,20250811,139730,ODI,No,No
23V830000,https://www.nhtsa.gov/vehicle/recalls#?nhtsaId=23V830000,KIA,"SELTOS, SOUL","2023, 2024",AIR BAGS,20231222,20240131,2967,MFR,No,No
23V883000,https://www.nhtsa.gov/vehicle/recalls#?nhtsaId=23V883000,RIVIAN,"R1S, R1T",2022,VEHICLE SPEED CONTROL:ACCELERATOR PEDAL,20231221,20240118,7873,MFR,No,No
23V881000,https://www.nhtsa.gov/vehicle/recalls#?nhtsaId=23V881000,MERCEDES-BENZ,METRIS,"2022, 2023","FUEL SYSTEM, GASOLINE:DELIVERY:FUEL PUMP",20231221,20241101,13726,MFR,No,No
23V880000,https://www.nhtsa.gov/vehicle/recalls#?nhtsaId=23V880000,MERCEDES-BENZ,"AMG C43, AMG E53, AMG E63, AMG G63, AMG GLC43, AMG GLE53, AMG GLE53 4MATIC+, AMG GLE63, AMG GLS63, AMG GLS63 4MATIC+, AMG GT43, AMG GT53, AMG GT63, AMG SL43, AMG SL55, AMG SL63, C 300, E 350, E 450, G 550, GLC 300, GLE 350, GLE 450, GLE 580 4MATIC, GLS 450 4MATIC, GLS 580 4MATIC, S 500, S 580","2021, 2022, 2023, 2024","FUEL SYSTEM, GASOLINE:DELIVERY:FUEL PUMP",20231221,20240223,79676,MFR,No,No
23V878000,https://www.nhtsa.gov/vehicle/recalls#?nhtsaId=23V878000,MERCEDES-BENZ,"GLC 300, GLE 350, GLE 450","2023, 2024",ENGINE AND ENGINE COOLING:CRITICAL FASTENERS,20231221,20240209,7,MFR,No,No
23V877000,https://www.nhtsa.gov/vehicle/recalls#?nhtsaId=23V877000,KIA,SORENTO,2011,ENGINE,20231221,20240209,79812,ODI,No,No
23V876000,https://www.nhtsa.gov/vehicle/recalls#?nhtsaId=23V876000,MERCEDES-BENZ,"SPRINTER 1500, SPRINTER 2500, SPRINTER 3500, SPRINTER 4500","2019, 2020, 2021, 2022, 2023",STRUCTURE:CRITICAL FASTENERS,20231221,20240131,387,MFR,No,No
23V875000,https://www.nhtsa.gov/vehicle/recalls#?nhtsaId=23V875000,MERCEDES-BENZ,"SPRINTER 1500, SPRINTER 2500, SPRINTER 3500, SPRINTER 4500","2019, 2020, 2021",STRUCTURE:CRITICAL FASTENERS,20231221,20240304,3739,MFR,No,No
23V874000,https://www.nhtsa.gov/vehicle/recalls#?nhtsaId=23V874000,MERCEDES-BENZ,"SPRINTER 1500, SPRINTER 2500, SPRINTER 3500, SPRINTER 4500",2020,STRUCTURE:BODY,20231221,20240419,9,MFR,No,No
23V870000,https://www.nhtsa.gov/vehicle/recalls#?nhtsaId=23V870000,"BUICK, CHEVROLET","CRUZE, VERANO",2014,AIR BAGS:SIDE/WINDOW,20231221,20240722,20712,ODI,No,No
23V869000,https://www.nhtsa.gov/vehicle/recalls#?nhtsaId=23V869000,"CHEVROLET, GMC","BLAZER, BLAZER EV, EQUINOX, TERRAIN",2024,STRUCTURE:BODY:DOOR ,20231221,20240124,265,MFR,No,No
23V864000,https://www.nhtsa.gov/vehicle/recalls#?nhtsaId=23V864000,TOYOTA,COROLLA CROSS,"2022, 2023",ELECTRICAL SYSTEM: INSTRUMENT CLUSTER/PANEL,20231220,20240126,12575,MFR,No,No
23V863000,https://www.nhtsa.gov/vehicle/recalls#?nhtsaId=23V863000,BMW,430I,2024,ENGINE,20231220,20240214,5,MFR,No,No
23V868000,https://www.nhtsa.gov/vehicle/recalls#?nhtsaId=23V868000,AUDI,"Q7, Q8, RS Q8, SQ7, SQ8","2023, 2024",AIR BAGS:SIDE/WINDOW,20231220,20240117,1001,MFR,No,No
23V865000,https://www.nhtsa.gov/vehicle/recalls#?nhtsaId=23V865000,"LEXUS, TOYOTA","AVALON, AVALON HYBRID, CAMRY, CAMRY HYBRID, COROLLA, ES, ES HYBRID, HIGHLANDER, HIGHLANDER HYBRID, RAV4, RAV4 HYBRID, RX, RX HYBRID, SIENNA HYBRID","2020, 2021, 2022",AIR BAGS:SENSOR:OCCUPANT CLASSIFICATION,20231220,20241031,999901,MFR,No,No
23V867000,https://www.nhtsa.gov/vehicle/recalls#?nhtsaId=23V867000,AUDI,E-TRON,"2019, 2020, 2021, 2022",ELECTRICAL SYSTEM:PROPULSION SYSTEM:TRACTION BATTERY THERMAL:MANAGEMENT:SOFTWARE,20231220,20250402,26866,ODI,No,No
23V862000,https://www.nhtsa.gov/vehicle/recalls#?nhtsaId=23V862000,TESLA,"MODEL S, MODEL X","2022, 2023",ELECTRICAL SYSTEM:SOFTWARE,20231219,20240217,120423,MFR,No,No
23V858000,https://www.nhtsa.gov/vehicle/recalls#?nhtsaId=23V858000,"ACURA, HONDA","ACCORD, ACCORD HYBRID, CIVIC, CIVIC TYPE R, CLARITY PLUG-IN HYBRID, CR-V, CR-V HYBRID, FIT, HR-V, ILX, INSIGHT, MDX, MDX HYBRID, NSX, ODYSSEY, PASSPORT, PILOT, RDX, RIDGELINE, RLX, TLX","2013, 2014, 2015, 2016, 2017, 2018, 2019, 2020, 2021, 2022, 2023","FUEL SYSTEM, GASOLINE:DELIVERY:FUEL PUMP",20231218,20240329,2490460,MFR,No,No
23V854000,https://www.nhtsa.gov/vehicle/recalls#?nhtsaId=23V854000,MERCEDES-BENZ,"AMG C43, AMG C63, AMG CLA45, AMG GLA45, AMG GLC43, AMG GLC63, AMG GLE43, AMG GLE63, AMG S63, AMG S65, C 300, C 350 E, C300, C350E, C400, C450, CLA 250, CLA250, GLA 250, GLC 300, GLC 350 E, GLC300, GLC350E, GLE450, S550, S550E, S600, redundant S550E","2014, 2015, 2016, 2017, 2018, 2019, 2020",STRUCTURE:BODY:ROOF AND PILLARS,20231215,20240322,2976,ODI,No,No
23V853000,https://www.nhtsa.gov/vehicle/recalls#?nhtsaId=23V853000,MERCEDES-BENZ,EQE350,2023,ELECTRICAL SYSTEM:SOFTWARE,20231215,20240202,10,MFR,No,No
23V851000,https://www.nhtsa.gov/vehicle/recalls#?nhtsaId=23V851000,MERCEDES-BENZ,AMG G63,"2022, 2023",POWER TRAIN:DRIVELINE:DIFFERENTIAL UNIT,20231215,20240628,590,MFR,Yes,No
23V849000,https://www.nhtsa.gov/vehicle/recalls#?nhtsaId=23V849000,MERCEDES-BENZ,"SPRINTER 1500, SPRINTER 2500, SPRINTER 3500, SPRINTER 4500",2023,SUSPENSION:FRONT,20231215,20240131,33,MFR,No,No
23V848000,https://www.nhtsa.gov/vehicle/recalls#?nhtsaId=23V848000,FORD,MAVERICK,"2022, 2023, 2024",EXTERIOR LIGHTING:TURN SIGNAL:BULBS,20231215,20240116,189814,MFR,No,No
23V847000,https://www.nhtsa.gov/vehicle/recalls#?nhtsaId=23V847000,FORD,"F-150, F-250 SD, F-350 SD, F-450 SD, F-550 SD, F-600 SD",2023,AIR BAGS:FRONTAL:DRIVER CLOCKSPRING/SPIRAL CASSETTE,20231215,20240503,17970,MFR,No,No
23V845000,https://www.nhtsa.gov/vehicle/recalls#?nhtsaId=23V845000,CHEVROLET,BOLT EV,"2017, 2018, 2019, 2020, 2021, 2022, 2023",SEAT BELTS:PRETENSIONER,20231214,20240124,6771,MFR,No,No
23V844000,https://www.nhtsa.gov/vehicle/recalls#?nhtsaId=23V844000,HONDA,CR-V HYBRID,"2020, 2021, 2022",ELECTRICAL SYSTEM:12V/24V/48V BATTERY:CABLES,20231213,20240129,106030,MFR,No,No
23V842000,https://www.nhtsa.gov/vehicle/recalls#?nhtsaId=23V842000,AUDI,"A7, A8, E-TRON, E-TRON GT, Q4 E-TRON, Q5, RS E-TRON GT","2019, 2020, 2021, 2022, 2023, 2024",ELECTRICAL SYSTEM:PROPULSION SYSTEM:CHARGING:CABLE/CORD:ONBOARD,20231213,20240328,93196,MFR,No,No
23V841000,https://www.nhtsa.gov/vehicle/recalls#?nhtsaId=23V841000,PORSCHE,"CAYENNE E-HYBRID, CAYENNE TURBO E-HYBRID, CAYENNE TURBO S E-HYBRID, PANAMERA 4 E-HYBRID, PANAMERA 4S E-HYBRID, PANAMERA TURBO S E-HYBRID, TAYCAN, TAYCAN 4 CROSS TURISMO, TAYCAN 4S, TAYCAN 4S CROSS TURISMO, TAYCAN GTS, TAYCAN GTS SPORT TURISMO, TAYCAN TURBO, TAYCAN TURBO CROSS TURISM, TAYCAN TURBO S, TAYCAN TURBO S CROSS TURI, redundant CAYENNE E-HYBRID","2019, 2020, 2021, 2022, 2023, 2024",ELECTRICAL SYSTEM:PROPULSION SYSTEM:CHARGING:CABLE/CORD:ONBOARD,20231213,20241024,41345,MFR,No,No
23V840000,https://www.nhtsa.gov/vehicle/recalls#?nhtsaId=23V840000,PORSCHE,"TAYCAN, TAYCAN 4 CROSS TURISMO, TAYCAN 4S, TAYCAN 4S CROSS TURISMO, TAYCAN GTS, TAYCAN GTS SPORT TURISMO, TAYCAN TURBO, TAYCAN TURBO CROSS TURISM, TAYCAN TURBO S, TAYCAN TURBO S CROSS TURI","2021, 2022, 2023",ELECTRICAL SYSTEM:PROPULSION SYSTEM:TRACTION BATTERY,20231213,20240614,205,ODI,No,No
23V838000,https://www.nhtsa.gov/vehicle/recalls#?nhtsaId=23V838000,TESLA,"MODEL 3, MODEL S, MODEL X, MODEL Y","2012, 2013, 2014, 2015, 2016, 2017, 2018, 2019, 2020, 2021, 2022, 2023",ELECTRICAL SYSTEM:ADAS:DRIVER MONITORING:SOFTWARE,20231212,20240210,2031220,ODI,No,No
23V835000,https://www.nhtsa.gov/vehicle/recalls#?nhtsaId=23V835000,MERCEDES-BENZ,"GLE 350, GLE 450","2021, 2022",ELECTRICAL SYSTEM:12V/24V/48V BATTERY,20231208,20240126,164,MFR,No,No
23V750000,https://www.nhtsa.gov/vehicle/recalls#?nhtsaId=23V750000,VOLKSWAGEN,ID.4,"2023, 2024",STRUCTURE,20231207,20231215,24025,MFR,No,No
23V821000,https://www.nhtsa.gov/vehicle/recalls#?nhtsaId=23V821000,"BMW, TOYOTA","3 SERIES, 4 SERIES, 5 SERIES, 8 SERIES, SUPRA, X3, X4, X5, X6, Z4",2023,POWER TRAIN:AUTOMATIC TRANSMISSION:CONTROL MODULE (TCM/PCM/TECM),20231206,20240126,552,MFR,No,No
23V813000,https://www.nhtsa.gov/vehicle/recalls#?nhtsaId=23V813000,PORSCHE,"718 BOXSTER GTS, 718 BOXSTER S, 718 CAYMAN GTS","2023, 2024",ELECTRICAL SYSTEM,20231204,20240123,53,MFR,No,No
23V807000,https://www.nhtsa.gov/vehicle/recalls#?nhtsaId=23V807000,MERCEDES-BENZ,GLE 450E 4MATIC,2024,ELECTRONIC STABILITY CONTROL (ESC):CONTROL MODULE:SOFTWARE,20231201,20240229,2797,MFR,No,No
23V806000,https://www.nhtsa.gov/vehicle/recalls#?nhtsaId=23V806000,MERCEDES-BENZ,"SPRINTER 1500, SPRINTER 2500, SPRINTER 3500, SPRINTER 4500","2021, 2022, 2023",STRUCTURE:BODY,20231201,20241104,131,MFR,No,No
23V802000,https://www.nhtsa.gov/vehicle/recalls#?nhtsaId=23V802000,FORD,F-150,2022,EXTERIOR LIGHTING:LIGHTING CONTROL MODULE,20231128,20240119,18527,MFR,No,No
23V801000,https://www.nhtsa.gov/vehicle/recalls#?nhtsaId=23V801000,FORD,F-150 LIGHTNING BEV,"2022, 2023",ELECTRONIC STABILITY CONTROL (ESC),20231128,20231221,5118,MFR,No,No
23V800000,https://www.nhtsa.gov/vehicle/recalls#?nhtsaId=23V800000,FORD,MUSTANG,2024,"SERVICE BRAKES, HYDRAULIC:PEDALS AND LINKAGES",20231128,20231221,66,MFR,Yes,No
23V799000,https://www.nhtsa.gov/vehicle/recalls#?nhtsaId=23V799000,RAM,"1500, 2500, 3500, 4500, 5500","2023, 2024",STEERING:STEERING CONTROL MODULE,20231128,20231219,185251,MFR,No,No
23V797000,https://www.nhtsa.gov/vehicle/recalls#?nhtsaId=23V797000,BMW,"X3, X4, X5","2014, 2015",AIR BAGS:FRONTAL,20231124,20240119,486,MFR,No,No
23V787000,https://www.nhtsa.gov/vehicle/recalls#?nhtsaId=23V787000,JEEP,WRANGLER,"2021, 2022, 2023",ELECTRICAL SYSTEM:PROPULSION SYSTEM:TRACTION BATTERY,20231122,20240307,32125,MFR,No,Yes
23V786000,https://www.nhtsa.gov/vehicle/recalls#?nhtsaId=23V786000,"CHEVROLET, GMC","HUMMER EV PICKUP, HUMMER EV SUV, SILVERADO EV","2023, 2024",SEAT BELTS:FRONT:ANCHORAGE,20231122,20231221,115,MFR,No,No
23V785000,https://www.nhtsa.gov/vehicle/recalls#?nhtsaId=23V785000,CADILLAC,"LYRIQ, redundant LYRIQ","2023, 2024",SEAT BELTS:REAR/OTHER:ANCHORAGE,20231122,20240117,43,MFR,No,No
23V783000,https://www.nhtsa.gov/vehicle/recalls#?nhtsaId=23V783000,RIVIAN,"R1S, R1T","2022, 2023",EQUIPMENT:ELECTRICAL:INFOTAINMENT:SOFTWARE,20231121,20231221,1463,ODI,No,No
23V782000,https://www.nhtsa.gov/vehicle/recalls#?nhtsaId=23V782000,HONDA,"ACCORD, HR-V","2023, 2024",SEAT BELTS:FRONT,20231121,20240108,303770,MFR,No,No
23V775000,https://www.nhtsa.gov/vehicle/recalls#?nhtsaId=23V775000,"FORD, LINCOLN","FIESTA, FUSION, MKZ","2015, 2016",LATCHES/LOCKS/LINKAGES:DOORS:LATCH,20231117,20231220,45173,ODI,No,No
23V770000,https://www.nhtsa.gov/vehicle/recalls#?nhtsaId=23V770000,BMW,"230I, 330I, X3, X4",2024,STEERING,20231116,20240111,201,MFR,No,No
23V751000,https://www.nhtsa.gov/vehicle/recalls#?nhtsaId=23V751000,"ACURA, HONDA","MDX, ODYSSEY, PILOT, RIDGELINE, TLX","2015, 2016, 2017, 2018, 2019, 2020",ENGINE AND ENGINE COOLING:ENGINE:HARD PARTS INTERNAL/MECHANICAL,20231113,20240328,248999,MFR,No,No
23V758000,https://www.nhtsa.gov/vehicle/recalls#?nhtsaId=23V758000,FORD,"F-350 SD, F-450 SD, F-550 SD, F-600 SD","2022, 2023",WHEELS:LUGS/NUTS/BOLTS/STUDS,20231109,20231207,13,MFR,Yes,No
23V753000,https://www.nhtsa.gov/vehicle/recalls#?nhtsaId=23V753000,CHRYSLER,PACIFICA,2023,ELECTRICAL SYSTEM:12V/24V/48V BATTERY,20231109,20231128,32,MFR,No,Yes
23V757000,https://www.nhtsa.gov/vehicle/recalls#?nhtsaId=23V757000,TOYOTA,TUNDRA,"2022, 2023, 2024",EQUIPMENT:OTHER:LABELS,20231109,20231218,534,MFR,No,No
23V744000,https://www.nhtsa.gov/vehicle/recalls#?nhtsaId=23V744000,"BUICK, CHEVROLET","ENCORE GX, ENVISTA, TRAX",2024,ELECTRICAL SYSTEM: INSTRUMENT CLUSTER/PANEL,20231106,20231204,60154,MFR,No,No
23V743000,https://www.nhtsa.gov/vehicle/recalls#?nhtsaId=23V743000,TESLA,"MODEL S, MODEL X","2021, 2022, 2023, 2024",AIR BAGS:FRONTAL,20231103,20240102,194,MFR,No,No
23V741000,https://www.nhtsa.gov/vehicle/recalls#?nhtsaId=23V741000,MERCEDES-BENZ,GLC 300,2024,STRUCTURE,20231103,20231215,7,MFR,No,No
23V735000,https://www.nhtsa.gov/vehicle/recalls#?nhtsaId=23V735000,HONDA,PILOT,"2023, 2024",STEERING:RACK AND PINION:RACK,20231102,20231218,519,MFR,No,No
23V734000,https://www.nhtsa.gov/vehicle/recalls#?nhtsaId=23V734000,TOYOTA,RAV4,"2013, 2014, 2015, 2016, 2017, 2018",ELECTRICAL SYSTEM:12V/24V/48V BATTERY,20231101,20241227,1853568,ODI,No,No
23V733000,https://www.nhtsa.gov/vehicle/recalls#?nhtsaId=23V733000,MERCEDES-BENZ,GLS 580 4MATIC,2020,VISIBILITY:SUN/MOON ROOF ASSEMBLY,20231101,20231215,8,MFR,No,No
23V732000,https://www.nhtsa.gov/vehicle/recalls#?nhtsaId=23V732000,MERCEDES-BENZ,"A 220, AMG A35, AMG CLA35, AMG CLA45, CLA 250, GLA 250, GLB 250","2019, 2020, 2021","SERVICE BRAKES, HYDRAULIC:FOUNDATION COMPONENTS:DISC:PADS ",20231101,20240229,42742,MFR,No,No
23V727000,https://www.nhtsa.gov/vehicle/recalls#?nhtsaId=23V727000,FORD,MUSTANG,"2020, 2021, 2022, 2023",ELECTRICAL SYSTEM:BODY CONTROL MODULE/BCM,20231027,20231221,187922,MFR,No,No
23V716000,https://www.nhtsa.gov/vehicle/recalls#?nhtsaId=23V716000,JEEP,"GRAND WAGONEER, WAGONEER","2022, 2023, 2024",SEAT BELTS: REAR/OTHER:BUCKLE ASSEMBLY,20231026,20231116,97066,MFR,No,No
23V724000,https://www.nhtsa.gov/vehicle/recalls#?nhtsaId=23V724000,KIA,SOUL EV,"2015, 2016, 2017, 2018, 2019",POWER TRAIN:AUTOMATIC TRANSMISSION:GEAR POSITION INDICATION (PRNDL),20231026,20231221,6262,ODI,No,No
23V720000,https://www.nhtsa.gov/vehicle/recalls#?nhtsaId=23V720000,TOYOTA,"HIGHLANDER, HIGHLANDER HYBRID","2020, 2021, 2022, 2023",STRUCTURE:BODY:BUMPERS,20231026,20240422,750795,MFR,No,No
23V715000,https://www.nhtsa.gov/vehicle/recalls#?nhtsaId=23V715000,PORSCHE,"911 CARRERA 4 GTS, 911 CARRERA GTS, 911 CARRERA T, 911 DAKAR, 911 GT3, 911 GT3 RS, 911 GT3 TOURING, 911 TURBO, 911 TURBO S","2021, 2022, 2023, 2024",AIR BAGS,20231025,20231211,2923,MFR,No,No
23V707000,https://www.nhtsa.gov/vehicle/recalls#?nhtsaId=23V707000,BMW,"1 SERIES, 3 SERIES, 5 SERIES, X3, X5, Z4","2010, 2011, 2012",ENGINE AND ENGINE COOLING:ENGINE,20231020,20240619,157796,MFR,No,No
23V704000,https://www.nhtsa.gov/vehicle/recalls#?nhtsaId=23V704000,HONDA,CIVIC,"2022, 2023, 2024",STEERING:RACK AND PINION,20231019,20231204,264567,MFR,No,No
23V700000,https://www.nhtsa.gov/vehicle/recalls#?nhtsaId=23V700000,BMW,"530I, 740I, 750E, 760I, I5, I5 M60, I7, I7 M70, I7 M70 XDRIVE","2023, 2024",ELECTRICAL SYSTEM:ADAS:DRIVER MONITORING:CAMERA/SENSOR,20231018,20231208,12296,MFR,No,No
23V696000,https://www.nhtsa.gov/vehicle/recalls#?nhtsaId=23V696000,"ALFA ROMEO, DODGE","HORNET, TONALE, TONALE PHEV","2023, 2024",BACK OVER PREVENTION:WARNINGS:EXTERNAL/PEDESTRIAN ALERT,20231017,20231114,4661,MFR,No,No
23V686000,https://www.nhtsa.gov/vehicle/recalls#?nhtsaId=23V686000,FORD,EXPLORER,2023,BACK OVER PREVENTION:DISPLAY FUNCTION,20231013,20231102,2866,OVSC,No,No
23V692000,https://www.nhtsa.gov/vehicle/recalls#?nhtsaId=23V692000,KIA,BORREGO,"2009, 2010, 2011, 2012, 2013, 2014",STRUCTURE:BODY:ROOF AND PILLARS,20231013,20231130,22768,MFR,No,No
23V688000,https://www.nhtsa.gov/vehicle/recalls#?nhtsaId=23V688000,FORD,F-150 LIGHTNING BEV,2023,VISIBILITY:DEFROSTER/DEFOGGER/HVAC SYSTEM:WINDSHIELD:ELECTRICAL HEATING ELEMENT,20231013,20240103,931,MFR,No,No
23V687000,https://www.nhtsa.gov/vehicle/recalls#?nhtsaId=23V687000,FORD,MUSTANG MACH E,"2021, 2022",ELECTRICAL SYSTEM:PROPULSION SYSTEM:TRACTION BATTERY:MANAGEMENT SYSTEM/ENERGY CONTROL MODULE (BMS/BECM),20231013,20231229,34762,ODI,No,No
23V682000,https://www.nhtsa.gov/vehicle/recalls#?nhtsaId=23V682000,CADILLAC,LYRIQ,2023,ELECTRICAL SYSTEM:BODY CONTROL MODULE:SOFTWARE,20231012,20231114,62,MFR,No,No
23V681000,https://www.nhtsa.gov/vehicle/recalls#?nhtsaId=23V681000,"CADILLAC, GMC","ACADIA, XT5, XT6","2023, 2024",VISIBILITY:WINDSHIELD,20231012,20231114,42,MFR,No,No
23V680000,https://www.nhtsa.gov/vehicle/recalls#?nhtsaId=23V680000,TOYOTA,4RUNNER,2023,EQUIPMENT:OTHER:LABELS,20231012,20231201,13,MFR,No,No
23V679000,https://www.nhtsa.gov/vehicle/recalls#?nhtsaId=23V679000,TESLA,MODEL X,"2021, 2022, 2023","SERVICE BRAKES, HYDRAULIC:BRAKE FLUID LOW WARNING:SWITCH/SENSOR/FLOAT",20231011,20231212,54676,MFR,No,No
23V675000,https://www.nhtsa.gov/vehicle/recalls#?nhtsaId=23V675000,FORD,EXPLORER,"2020, 2021, 2022",POWER TRAIN:DRIVELINE:DRIVESHAFT,20231006,20240119,238364,ODI,No,No
23V677000,https://www.nhtsa.gov/vehicle/recalls#?nhtsaId=23V677000,MERCEDES-BENZ,EQB 350 4MATIC,2022,CHILD SEAT:VEHICLE TETHER ANCHOR,20231006,20231110,1,MFR,No,No
23V676000,https://www.nhtsa.gov/vehicle/recalls#?nhtsaId=23V676000,MERCEDES-BENZ,"AMG SL55, AMG SL63","2022, 2023",ELECTRICAL SYSTEM:WIRING,20231006,20231120,5326,MFR,No,No
23V671000,https://www.nhtsa.gov/vehicle/recalls#?nhtsaId=23V671000,VOLKSWAGEN,ATLAS,2019,AIR BAGS:SIDE/WINDOW:CURTAIN,20231004,20231019,2,MFR,No,No
23V662000,https://www.nhtsa.gov/vehicle/recalls#?nhtsaId=23V662000,MERCEDES-BENZ,"A 220, AMG GLA35, GLA 250",2022,EXTERIOR LIGHTING:HEADLIGHTS,20231002,20231103,32,MFR,No,No
23V654000,https://www.nhtsa.gov/vehicle/recalls#?nhtsaId=23V654000,RAM,"1500, 2500, 3500","2022, 2023, 2024",BACK OVER PREVENTION:DISPLAY FUNCTION,20230928,20231024,272911,MFR,No,No
23V652000,https://www.nhtsa.gov/vehicle/recalls#?nhtsaId=23V652000,KIA,"BORREGO, CADENZA, FORTE, FORTE KOUP, K900, OPTIMA, OPTIMA HYBRID, RIO, RONDO, SORENTO, SOUL, SPORTAGE","2010, 2011, 2012, 2013, 2014, 2015, 2016, 2017, 2018, 2019","SERVICE BRAKES, HYDRAULIC:ANTILOCK/TRACTION CONTROL/ELECTRONIC LIMITED SLIP:CONTROL UNIT/MODULE ",20230925,20240329,1730192,MFR,No,Yes
23V651000,https://www.nhtsa.gov/vehicle/recalls#?nhtsaId=23V651000,HYUNDAI,"ACCENT, AZERA, ELANTRA, ELANTRA COUPE, EQUUS, GENESIS COUPE, SANTA FE, SANTA FE SPORT, SONATA HYBRID, TUCSON, TUCSON FUEL CELL, VELOSTER, VERACRUZ","2010, 2011, 2012, 2013, 2014, 2015","SERVICE BRAKES, HYDRAULIC:ANTILOCK/TRACTION CONTROL/ELECTRONIC LIMITED SLIP:CONTROL UNIT/MODULE ",20230922,20240410,1649478,MFR,No,Yes
23V650000,https://www.nhtsa.gov/vehicle/recalls#?nhtsaId=23V650000,HYUNDAI,KONA,2024,SEAT BELTS:REAR/OTHER:RETRACTOR,20230922,20231121,2354,MFR,No,No
23V649000,https://www.nhtsa.gov/vehicle/recalls#?nhtsaId=23V649000,KIA,FORTE,2023,SUSPENSION:FRONT:CONTROL ARM:LOWER ARM,20230922,20230927,3866,MFR,Yes,No
23V674000,https://www.nhtsa.gov/vehicle/recalls#?nhtsaId=23V674000,"BUICK, CHEVROLET","CRUZE, VERANO",2014,AIR BAGS:SIDE/WINDOW,20230920,20240712,9264,ODI,No,No
23V644000,https://www.nhtsa.gov/vehicle/recalls#?nhtsaId=23V644000,BMW,"740I, 760I, I7",2023,VISIBILITY/WIPER,20230920,20231115,3820,MFR,No,No
23V642000,https://www.nhtsa.gov/vehicle/recalls#?nhtsaId=23V642000,"CADILLAC, CHEVROLET, GMC","ESCALADE, ESCALADE ESV, SUBURBAN, TAHOE, YUKON, YUKON XL",2023,SUSPENSION:REAR,20230920,20231114,189,MFR,No,No
23V640000,https://www.nhtsa.gov/vehicle/recalls#?nhtsaId=23V640000,DODGE,DURANGO,2023,POWER TRAIN:AUTOMATIC TRANSMISSION:LEVER AND LINKAGE:COLUMN SHIFT,20230918,20231107,125,MFR,No,No
23V641000,https://www.nhtsa.gov/vehicle/recalls#?nhtsaId=23V641000,JEEP,"GLADIATOR, WRANGLER","2022, 2023",POWER TRAIN:MANUAL TRANSMISSION,20230918,20231116,6298,MFR,No,No
23V639000,https://www.nhtsa.gov/vehicle/recalls#?nhtsaId=23V639000,KIA,SORENTO,2019,BACK OVER PREVENTION: SENSING SYSTEM: CAMERA,20230915,20240308,83667,MFR,No,No
23V634000,https://www.nhtsa.gov/vehicle/recalls#?nhtsaId=23V634000,KIA,STINGER,"2018, 2019, 2020, 2021","FUEL SYSTEM, GASOLINE:DELIVERY:FUEL PUMP",20230913,20231218,18224,MFR,No,No
23V633000,https://www.nhtsa.gov/vehicle/recalls#?nhtsaId=23V633000,TOYOTA,"TUNDRA, TUNDRA HYBRID",2023,EQUIPMENT:OTHER:LABELS,20230913,20231027,21781,MFR,No,No
23V630000,https://www.nhtsa.gov/vehicle/recalls#?nhtsaId=23V630000,GENESIS,"G80, GV70, GV80","2021, 2022","FUEL SYSTEM, GASOLINE:DELIVERY:FUEL PUMP",20230911,20231108,19272,ODI,No,No
23V629000,https://www.nhtsa.gov/vehicle/recalls#?nhtsaId=23V629000,MERCEDES-BENZ,GLC 300,2023,TRAILER HITCHES,20230911,20240126,12118,MFR,No,No
23V626000,https://www.nhtsa.gov/vehicle/recalls#?nhtsaId=23V626000,"FORD, LINCOLN","AVIATOR, EXPLORER","2020, 2021, 2022",ELECTRICAL SYSTEM:PROPULSION SYSTEM:TRACTION BATTERY,20230908,20240408,2954,MFR,No,No
23V625000,https://www.nhtsa.gov/vehicle/recalls#?nhtsaId=23V625000,FORD,"E-350, F-650 INCOMPLETE CHASSIS, F-650 SD, F-750 SD","2024, 2025",POWER TRAIN:AUTOMATIC TRANSMISSION:INTERNAL:PARK PAWL,20230908,20240116,5919,MFR,No,No
23V622000,https://www.nhtsa.gov/vehicle/recalls#?nhtsaId=23V622000,BMW,"X5, X6, X7, XM","2023, 2024",AIR BAGS,20230907,20231103,2352,MFR,No,No
23V623000,https://www.nhtsa.gov/vehicle/recalls#?nhtsaId=23V623000,"ALFA ROMEO, DODGE","HORNET, TONALE, TONALE PHEV","2023, 2024",ELECTRICAL SYSTEM:12V/24V/48V BATTERY:CABLES,20230907,20230928,4129,MFR,No,Yes
23V619000,https://www.nhtsa.gov/vehicle/recalls#?nhtsaId=23V619000,VOLKSWAGEN,JETTA,2019,ELECTRICAL SYSTEM: INSTRUMENT CLUSTER/PANEL,20230906,20230926,8,MFR,No,No
23V615000,https://www.nhtsa.gov/vehicle/recalls#?nhtsaId=23V615000,PORSCHE,"TAYCAN, TAYCAN 4 CROSS TURISMO, TAYCAN 4S, TAYCAN 4S CROSS TURISMO, TAYCAN CROSS TURISMO, TAYCAN GTS, TAYCAN GTS SPORT TURISMO, TAYCAN TURBO, TAYCAN TURBO S, TAYCAN TURBO S CROSS TURI",2023,ELECTRICAL SYSTEM:PROPULSION SYSTEM:TRACTION BATTERY,20230901,20231027,4777,MFR,No,No
23V613000,https://www.nhtsa.gov/vehicle/recalls#?nhtsaId=23V613000,AUDI,"E TRON GT, RS E-TRON GT",2023,ELECTRICAL SYSTEM:PROPULSION SYSTEM:TRACTION BATTERY,20230901,20231030,1899,MFR,No,No
23V610000,https://www.nhtsa.gov/vehicle/recalls#?nhtsaId=23V610000,KIA,"SORENTO, SORENTO HYBRID, SORENTO PHEV","2022, 2023",BACK OVER PREVENTION: SENSING SYSTEM: CAMERA,20230831,20231027,144979,MFR,No,No
23V609000,https://www.nhtsa.gov/vehicle/recalls#?nhtsaId=23V609000,TOYOTA,GR86,2022,EXTERIOR LIGHTING:TURN SIGNAL,20230831,20240108,8915,ODI,No,No
23V604000,https://www.nhtsa.gov/vehicle/recalls#?nhtsaId=23V604000,VOLKSWAGEN,"GOLF, GOLF ALLTRACK, GOLF SPORTWAGEN, GTI, JETTA","2019, 2020",ELECTRICAL SYSTEM:IGNITION:SWITCH,20230830,20240201,62538,MFR,No,No
23V601000,https://www.nhtsa.gov/vehicle/recalls#?nhtsaId=23V601000,AUDI,"A6, A6 ALLROAD, A7, RS 6 AVANT, RS 7, S6, S7","2019, 2020, 2021","SERVICE BRAKES, HYDRAULIC:FLUID",20230825,20230925,7499,MFR,No,No
23V599000,https://www.nhtsa.gov/vehicle/recalls#?nhtsaId=23V599000,HYUNDAI,PALISADE,2024,AIR BAGS:SENSOR:OCCUPANT CLASSIFICATION:FRONT PASSENGER,20230825,20230926,63,MFR,No,No
23V598000,https://www.nhtsa.gov/vehicle/recalls#?nhtsaId=23V598000,"FORD, LINCOLN","AVIATOR, BRONCO, NAVIGATOR, TRANSIT","2018, 2019, 2020, 2021, 2022, 2023",BACK OVER PREVENTION: SENSING SYSTEM: CAMERA,20230825,20231120,177402,OVSC,No,No
23V597000,https://www.nhtsa.gov/vehicle/recalls#?nhtsaId=23V597000,FORD,EXPLORER,2023,"ENGINE AND ENGINE COOLING:ENGINE:OIL/LUBRICATION:PIPES, HOSES, AND FITTINGS",20230825,20230908,10,MFR,No,No
23V596000,https://www.nhtsa.gov/vehicle/recalls#?nhtsaId=23V596000,FORD,EDGE,2023,EXTERIOR LIGHTING:HEADLIGHTS,20230825,20231009,8523,MFR,No,No
23V595000,https://www.nhtsa.gov/vehicle/recalls#?nhtsaId=23V595000,FORD,"F-250 SD, F-350 SD",2023,POWER TRAIN:AXLE ASSEMBLY:AXLE SHAFT,20230825,20231017,41555,MFR,No,No
23V594000,https://www.nhtsa.gov/vehicle/recalls#?nhtsaId=23V594000,KIA,"OPTIMA, OPTIMA HYBRID, OPTIMA PHEV, RIO","2016, 2017, 2018",LATCHES/LOCKS/LINKAGES:TRUNK LID:LATCH,20230824,20231019,319436,MFR,No,No
23V593000,https://www.nhtsa.gov/vehicle/recalls#?nhtsaId=23V593000,VOLKSWAGEN,"ATLAS, ATLAS CROSS SPORT",2024,ENGINE AND ENGINE COOLING:ENGINE:HARD PARTS INTERNAL/MECHANICAL,20230823,20230928,2018,MFR,No,No
23V589000,https://www.nhtsa.gov/vehicle/recalls#?nhtsaId=23V589000,HYUNDAI,ELANTRA HYBRID,"2021, 2022, 2023",VEHICLE SPEED CONTROL,20230818,20230926,37997,ODI,No,No
23V588000,https://www.nhtsa.gov/vehicle/recalls#?nhtsaId=23V588000,HONDA,"ACCORD HYBRID, CR-V HYBRID",2023,POWER TRAIN:AUTOMATIC TRANSMISSION:INTERNAL:CVT,20230817,20231011,19,MFR,No,No
23V584000,https://www.nhtsa.gov/vehicle/recalls#?nhtsaId=23V584000,BMW,"228I, 330I, 430I, M340I, M440I","2019, 2020, 2021, 2022",ELECTRICAL SYSTEM:SOFTWARE,20230816,20231012,144,MFR,No,No
23V579000,https://www.nhtsa.gov/vehicle/recalls#?nhtsaId=23V579000,KIA,SORENTO,2023,EQUIPMENT:OTHER:LABELS,20230815,20231010,50517,MFR,No,No
23V577000,https://www.nhtsa.gov/vehicle/recalls#?nhtsaId=23V577000,JEEP,"GRAND CHEROKEE, GRAND WAGONEER, WAGONEER","2021, 2022, 2023, 2024",BACK OVER PREVENTION:DISPLAY FUNCTION,20230814,20230831,162713,MFR,No,No
23V576000,https://www.nhtsa.gov/vehicle/recalls#?nhtsaId=23V576000,JEEP,COMPASS,"2022, 2023",ELECTRICAL SYSTEM: INSTRUMENT CLUSTER/PANEL,20230814,20230829,181999,MFR,No,No
23V574000,https://www.nhtsa.gov/vehicle/recalls#?nhtsaId=23V574000,MERCEDES-BENZ,"AMG E53, AMG E63 S, AMG GT43, AMG GT53, CLS 450, E 350, E 450",2023,ELECTRICAL SYSTEM:ADAS:BLINDSPOT:SENSORS,20230811,20230908,880,MFR,No,No
23V573000,https://www.nhtsa.gov/vehicle/recalls#?nhtsaId=23V573000,FORD,"F-250 SD, F-350 SD, F-450 SD",2023,BACK OVER PREVENTION:DISPLAY FUNCTION,20230811,20231205,18513,OVSC,No,No
23V567000,https://www.nhtsa.gov/vehicle/recalls#?nhtsaId=23V567000,CHEVROLET,BOLT EV,"2022, 2023",ELECTRICAL SYSTEM: INSTRUMENT CLUSTER/PANEL,20230810,20231221,317,MFR,No,No
23V566000,https://www.nhtsa.gov/vehicle/recalls#?nhtsaId=23V566000,TOYOTA,"TUNDRA, TUNDRA HYBRID","2022, 2023","FUEL SYSTEM, GASOLINE:DELIVERY:HOSES, LINES/PIPING, AND FITTINGS",20230810,20241106,168179,MFR,No,No
23V565000,https://www.nhtsa.gov/vehicle/recalls#?nhtsaId=23V565000,JEEP,WRANGLER,2023,EXTERIOR LIGHTING:BRAKE LIGHTS,20230810,20230928,16,MFR,No,No
23V556000,https://www.nhtsa.gov/vehicle/recalls#?nhtsaId=23V556000,HYUNDAI,TUCSON,2024,EQUIPMENT:OTHER:LABELS,20230804,20230905,30,MFR,No,No
23V555000,https://www.nhtsa.gov/vehicle/recalls#?nhtsaId=23V555000,MERCEDES-BENZ,"AMG EQE, EQE 500, redundant EQE 350 4MATIC",2023,STRUCTURE:FRAME AND MEMBERS,20230804,20230901,10,MFR,No,No
23V557000,https://www.nhtsa.gov/vehicle/recalls#?nhtsaId=23V557000,GENESIS,GV60,2023,SEAT BELTS:FRONT:RETRACTOR,20230804,20230914,168,MFR,No,No
23V549000,https://www.nhtsa.gov/vehicle/recalls#?nhtsaId=23V549000,"CHEVROLET, GMC","SIERRA 2500, SIERRA 3500, SILVERADO 2500, SILVERADO 3500",2024,STEERING,20230803,20230922,3893,MFR,No,No
23V546000,https://www.nhtsa.gov/vehicle/recalls#?nhtsaId=23V546000,FORD,BRONCO,2023,POWER TRAIN:AUTOMATIC TRANSMISSION:INTERNAL:PARK PAWL,20230803,20230811,2,MFR,No,No
23V545000,https://www.nhtsa.gov/vehicle/recalls#?nhtsaId=23V545000,JEEP,"GRAND WAGONEER, WAGONEER","2022, 2023",STRUCTURE:BODY:ROOF AND PILLARS,20230803,20230817,44708,MFR,No,No
23V534000,https://www.nhtsa.gov/vehicle/recalls#?nhtsaId=23V534000,KIA,"NIRO, NIRO PHEV","2017, 2018, 2019, 2020, 2021, 2022",POWER TRAIN:AUTOMATIC TRANSMISSION:INTERNAL:CLUTCHES/BANDS:ACTUATORS/SOLENOIDS,20230731,20231229,121411,MFR,No,No
23V531000,https://www.nhtsa.gov/vehicle/recalls#?nhtsaId=23V531000,KIA,"SELTOS, SOUL, SPORTAGE","2023, 2024",POWER TRAIN:AUTOMATIC TRANSMISSION:FLUID/LUBRICANT:PUMP,20230731,20230928,39765,MFR,No,Yes
23V524000,https://www.nhtsa.gov/vehicle/recalls#?nhtsaId=23V524000,HONDA,CR-V,"2017, 2020, 2022",EQUIPMENT:OTHER:LABELS,20230727,20230918,5,MFR,No,No
23V516000,https://www.nhtsa.gov/vehicle/recalls#?nhtsaId=23V516000,"BUICK, CHEVROLET","CAMARO, SONIC, VERANO, VOLT",2013,AIR BAGS:FRONTAL:DRIVER SIDE:INFLATOR MODULE,20230727,20231023,767,MFR,No,No
23V526000,https://www.nhtsa.gov/vehicle/recalls#?nhtsaId=23V526000,HYUNDAI,"ELANTRA, KONA, PALISADE, SONATA, TUCSON","2023, 2024",POWER TRAIN:AUTOMATIC TRANSMISSION:FLUID/LUBRICANT:PUMP,20230727,20230907,52109,MFR,No,Yes
23V527000,https://www.nhtsa.gov/vehicle/recalls#?nhtsaId=23V527000,PORSCHE,"CAYENNE, CAYENNE COUPE, CAYENNE S, CAYENNE S COUPE, CAYENNE TURBO GT",2024,EXTERIOR LIGHTING:LIGHTING CONTROL MODULE:SOFTWARE,20230727,20230915,2934,MFR,No,No
23V510000,https://www.nhtsa.gov/vehicle/recalls#?nhtsaId=23V510000,FORD,"F-53, F-59",2023,ELECTRICAL SYSTEM: INSTRUMENT CLUSTER/PANEL,20230721,20231026,5558,MFR,No,No
23V509000,https://www.nhtsa.gov/vehicle/recalls#?nhtsaId=23V509000,FORD,F-150,"2021, 2022, 2023",PARKING BRAKE:ELECTRICAL,20230721,20240212,870701,MFR,No,No
23V507000,https://www.nhtsa.gov/vehicle/recalls#?nhtsaId=23V507000,FORD,"F-250 SD, F-350 SD, F-450 SD, F-550 SD",2023,STRUCTURE:BODY:DOOR ,20230721,20230828,1339,MFR,No,No
23V506000,https://www.nhtsa.gov/vehicle/recalls#?nhtsaId=23V506000,FORD,"ESCAPE, F-250 SD, F-350 SD, F-450 SD, F-550 SD",2023,ELECTRICAL SYSTEM: INSTRUMENT CLUSTER/PANEL,20230721,20231204,38695,MFR,No,No
23V502000,https://www.nhtsa.gov/vehicle/recalls#?nhtsaId=23V502000,FORD,TRANSIT CONNECT,"2014, 2015, 2016",LATCHES/LOCKS/LINKAGES:DOORS:LATCH,20230721,20240205,112225,MFR,No,No
23V500000,https://www.nhtsa.gov/vehicle/recalls#?nhtsaId=23V500000,CHRYSLER,PACIFICA,2023,"FUEL SYSTEM, GASOLINE:DELIVERY:HOSES, LINES/PIPING, AND FITTINGS",20230720,20230831,967,MFR,No,No
23V499000,https://www.nhtsa.gov/vehicle/recalls#?nhtsaId=23V499000,FORD,TRANSIT,"2020, 2021, 2022, 2023","FUEL SYSTEM, GASOLINE:DELIVERY:HOSES, LINES/PIPING, AND FITTINGS",20230719,20230807,10,MFR,No,No
23V489000,https://www.nhtsa.gov/vehicle/recalls#?nhtsaId=23V489000,TESLA,"MODEL S, MODEL X, MODEL Y",2023,FORWARD COLLISION AVOIDANCE: SENSING SYSTEM: CAMERA,20230714,20230912,1337,MFR,No,No
23V488000,https://www.nhtsa.gov/vehicle/recalls#?nhtsaId=23V488000,TESLA,"MODEL S, MODEL X","2021, 2022, 2023",SEAT BELTS:FRONT,20230714,20230912,15869,ODI,No,No
23V480000,https://www.nhtsa.gov/vehicle/recalls#?nhtsaId=23V480000,"LEXUS, TOYOTA","COROLLA, COROLLA CROSS, COROLLA CROSS HYBRID, HIGHLANDER, HIGHLANDER HYBRID, NX HYBRID, NX250, NX350, RX HYBRID, RX350, RX500H, TACOMA","2023, 2024",AIR BAGS:FRONTAL:DRIVER CLOCKSPRING/SPIRAL CASSETTE,20230712,20230908,152927,MFR,No,No
23V479000,https://www.nhtsa.gov/vehicle/recalls#?nhtsaId=23V479000,BMW,"740I, 760I, I7",2023,ELECTRICAL SYSTEM,20230712,20230906,384,MFR,No,No
23V478000,https://www.nhtsa.gov/vehicle/recalls#?nhtsaId=23V478000,"LEXUS, TOYOTA","NX450H+, RAV4 PRIME","2021, 2022",ELECTRICAL SYSTEM:PROPULSION SYSTEM:DC/DC CONVERTER,20230712,20231229,43442,MFR,No,No
23V485000,https://www.nhtsa.gov/vehicle/recalls#?nhtsaId=23V485000,TOYOTA,RAV4,2023,TIRES:VALVE,20230711,20230818,195,MFR,No,No
23V471000,https://www.nhtsa.gov/vehicle/recalls#?nhtsaId=23V471000,BMW,"X5, X6, X7, XM","2023, 2024",AIR BAGS:KNEE BOLSTER,20230710,20230906,1981,MFR,No,No
23V468000,https://www.nhtsa.gov/vehicle/recalls#?nhtsaId=23V468000,TOYOTA,"SEQUOIA HYBRID, TUNDRA, TUNDRA HYBRID",2023,TIRES:TEMPORARY/EMERGENCY SPARE TIRE,20230707,20230905,1398,MFR,No,No
23V464000,https://www.nhtsa.gov/vehicle/recalls#?nhtsaId=23V464000,MERCEDES-BENZ,"EQS 450, EQS 580, EQS450","2022, 2023",SEAT BELTS: REAR/OTHER:BUCKLE ASSEMBLY,20230630,20230728,6,MFR,No,No
23V463000,https://www.nhtsa.gov/vehicle/recalls#?nhtsaId=23V463000,MERCEDES-BENZ,"AMG C43, C 300","2022, 2023",ELECTRICAL SYSTEM:WIRING,20230630,20230811,1558,MFR,No,No
23V462000,https://www.nhtsa.gov/vehicle/recalls#?nhtsaId=23V462000,MERCEDES-BENZ,"AMG C43, C 300","2022, 2023",ELECTRICAL SYSTEM:WIRING,20230630,20230818,8178,MFR,No,No
23V458000,https://www.nhtsa.gov/vehicle/recalls#?nhtsaId=23V458000,"ACURA, HONDA","CIVIC, MDX, PASSPORT, PILOT, RIDGELINE","2020, 2021, 2022, 2023","SERVICE BRAKES, HYDRAULIC:FOUNDATION COMPONENTS:MASTER CYLINDER",20230629,20230807,124077,MFR,No,No
23V449000,https://www.nhtsa.gov/vehicle/recalls#?nhtsaId=23V449000,BMW,"760I, I4, IX","2022, 2023",ELECTRICAL SYSTEM:PROPULSION SYSTEM:HYBRID MANAGEMENT,20230628,20230823,69,MFR,No,No
23V446000,https://www.nhtsa.gov/vehicle/recalls#?nhtsaId=23V446000,PORSCHE,911 GT3,"2022, 2023",EXTERIOR LIGHTING:BRAKE LIGHTS,20230626,20230814,700,MFR,No,No
23V445000,https://www.nhtsa.gov/vehicle/recalls#?nhtsaId=23V445000,MERCEDES-BENZ,"AMG C43, AMG C63, AMG C63 S, AMG E53, AMG E63 S, AMG G63, AMG GLC43, AMG GLC63, AMG GLC63 S, AMG GLE53, AMG GLE63, AMG GLE63 S, AMG GLE63 S 4MATIC+, AMG GLS63, AMG GLS63 4MATIC+, AMG GT43, AMG GT53, AMG GT63, AMG GT63 S, AMG SL43, AMG SL55, AMG SL63, C 300, CLS 450, E 350, E 450, G 550, GLC 300, GLE 450, GLE 580, GLS 450 4MATIC, GLS 580 4MATIC, GLS450, GLS580, S 500, S 580, S 580 E","2021, 2022, 2023","FUEL SYSTEM, GASOLINE:DELIVERY:FUEL PUMP",20230626,20230929,143551,MFR,No,No
23V444000,https://www.nhtsa.gov/vehicle/recalls#?nhtsaId=23V444000,MERCEDES-BENZ,"METRIS, SPRINTER 1500, SPRINTER 2500","2021, 2022, 2023","FUEL SYSTEM, GASOLINE:DELIVERY:FUEL PUMP",20230626,20231101,20500,MFR,No,No
23V443000,https://www.nhtsa.gov/vehicle/recalls#?nhtsaId=23V443000,PORSCHE,"MACAN, MACAN S, MACAN SPORT EDITION, MACAN TURBO, PANAMERA 4, PANAMERA 4 E-HYBRID, PANAMERA 4 SPORT TURISMO, PANAMERA TURBO","2016, 2017, 2018, 2019, 2020",SEAT BELTS:REAR/OTHER:ANCHORAGE,20230626,20230814,37,MFR,No,No
23V440000,https://www.nhtsa.gov/vehicle/recalls#?nhtsaId=23V440000,FORD,FUSION,"2019, 2020",ELECTRICAL SYSTEM:PROPULSION SYSTEM:TRACTION BATTERY:MANAGEMENT SYSTEM/ENERGY CONTROL MODULE (BMS/BECM),20230623,20250515,14452,MFR,No,No
23V439000,https://www.nhtsa.gov/vehicle/recalls#?nhtsaId=23V439000,LINCOLN,NAUTILUS,2023,SUSPENSION:REAR:SHOCK ABSORBER,20230623,20230817,366,MFR,No,No
23V437000,https://www.nhtsa.gov/vehicle/recalls#?nhtsaId=23V437000,VOLKSWAGEN,"GOLF R, GTI",2023,SUSPENSION:FRONT:MACPHERSON STRUT,20230621,20230706,59,MFR,No,No
23V436000,https://www.nhtsa.gov/vehicle/recalls#?nhtsaId=23V436000,VOLKSWAGEN,ID.4,2022,BACK OVER PREVENTION:DISPLAY FUNCTION,20230621,20230818,4,MFR,No,No
23V434000,https://www.nhtsa.gov/vehicle/recalls#?nhtsaId=23V434000,TESLA,"MODEL 3, MODEL Y",2023,ELECTRICAL SYSTEM:PROPULSION SYSTEM:TRACTION BATTERY,20230619,20230818,26,MFR,No,No
23V431000,https://www.nhtsa.gov/vehicle/recalls#?nhtsaId=23V431000,HONDA,"ODYSSEY, PASSPORT, PILOT","2018, 2019, 2020, 2021, 2022, 2023",BACK OVER PREVENTION:DISPLAY FUNCTION,20230615,20230724,1209673,MFR,No,No
23V430000,https://www.nhtsa.gov/vehicle/recalls#?nhtsaId=23V430000,"ACURA, HONDA","ACCORD, CIVIC, INTEGRA, RDX","2022, 2023","SERVICE BRAKES, HYDRAULIC:ANTILOCK/TRACTION CONTROL/ELECTRONIC LIMITED SLIP:CONTROL UNIT/MODULE ",20230615,20230724,386,MFR,No,No
23V432000,https://www.nhtsa.gov/vehicle/recalls#?nhtsaId=23V432000,TOYOTA,"CAMRY, CAMRY HYBRID",2023,WHEELS:LUGS/NUTS/BOLTS/STUDS,20230615,20230714,298,MFR,Yes,No
23V422000,https://www.nhtsa.gov/vehicle/recalls#?nhtsaId=23V422000,TESLA,SEMI,2022,STRUCTURE:BODY:DOOR ,20230613,20230606,36,MFR,No,No
23V418000,https://www.nhtsa.gov/vehicle/recalls#?nhtsaId=23V418000,FORD,F-150 LIGHTNING BEV,"2022, 2023",EXTERIOR LIGHTING,20230609,20231009,16375,MFR,No,No
23V420000,https://www.nhtsa.gov/vehicle/recalls#?nhtsaId=23V420000,"FORD, LINCOLN","EXPEDITION, F-250 SD, F-350 SD, F-450 SD, F-550 SD, NAVIGATOR","2018, 2019, 2020, 2021, 2022, 2023",EQUIPMENT:OTHER:OWNERS/SERVICE/OTHER MANUAL ,20230609,20230721,691133,MFR,No,No
23V415000,https://www.nhtsa.gov/vehicle/recalls#?nhtsaId=23V415000,HYUNDAI,PALISADE,2023,"SERVICE BRAKES, HYDRAULIC:POWER ASSIST",20230608,20230714,322,MFR,No,No
23V414000,https://www.nhtsa.gov/vehicle/recalls#?nhtsaId=23V414000,BMW,"740I, 760I, I7",2023,SEATS,20230608,20230803,318,MFR,No,No
23V413000,https://www.nhtsa.gov/vehicle/recalls#?nhtsaId=23V413000,JEEP,"GRAND CHEROKEE, GRAND CHEROKEE 4XE","2021, 2022, 2023",SUSPENSION:REAR:SPRINGS:COIL SPRINGS,20230608,20230629,305282,MFR,No,No
23V412000,https://www.nhtsa.gov/vehicle/recalls#?nhtsaId=23V412000,JEEP,GRAND CHEROKEE 4XE,2022,ENGINE,20230608,20230627,12458,MFR,No,No
23V411000,https://www.nhtsa.gov/vehicle/recalls#?nhtsaId=23V411000,"JEEP, RAM","1500, GRAND CHEROKEE","2014, 2015, 2016, 2017, 2018, 2019, 2020",ENGINE AND ENGINE COOLING,20230608,20231031,80629,MFR,No,No
23V410000,https://www.nhtsa.gov/vehicle/recalls#?nhtsaId=23V410000,KIA,SPORTAGE,2023,"SERVICE BRAKES, HYDRAULIC:POWER ASSIST",20230607,20230721,98944,MFR,No,No
23V409000,https://www.nhtsa.gov/vehicle/recalls#?nhtsaId=23V409000,BMW,IX,"2022, 2023, 2024",VEHICLE SPEED CONTROL:CRUISE CONTROL,20230607,20230802,11180,MFR,No,No
23V405000,https://www.nhtsa.gov/vehicle/recalls#?nhtsaId=23V405000,MERCEDES-BENZ,"AMG EQE, AMG EQS, EQS 450, EQS 580, EQS450, EQS580","2022, 2023",ELECTRICAL SYSTEM:PROPULSION SYSTEM,20230605,20230719,8281,MFR,No,No
23V385000,https://www.nhtsa.gov/vehicle/recalls#?nhtsaId=23V385000,TESLA,MODEL Y,"2022, 2023",STEERING:CRITICAL FASTENERS,20230530,20230728,137,MFR,No,No
23V384000,https://www.nhtsa.gov/vehicle/recalls#?nhtsaId=23V384000,TOYOTA,COROLLA CROSS,"2022, 2023",ELECTRICAL SYSTEM: INSTRUMENT CLUSTER/PANEL,20230530,20230725,96007,MFR,No,No
23V382000,https://www.nhtsa.gov/vehicle/recalls#?nhtsaId=23V382000,ALFA ROMEO,"GIULIA, STELVIO","2017, 2018, 2019, 2020","SERVICE BRAKES, HYDRAULIC",20230530,20230720,719,MFR,No,No
23V378000,https://www.nhtsa.gov/vehicle/recalls#?nhtsaId=23V378000,LINCOLN,MKC,"2015, 2016, 2017, 2018, 2019",ENGINE,20230526,20230808,142734,MFR,No,Yes
23V379000,https://www.nhtsa.gov/vehicle/recalls#?nhtsaId=23V379000,FORD,"BRONCO, F-250 SD, RANGER","2019, 2020, 2021, 2022, 2023",EQUIPMENT:OTHER:LABELS,20230526,20230721,29607,MFR,No,No
23V380000,https://www.nhtsa.gov/vehicle/recalls#?nhtsaId=23V380000,"FORD, LINCOLN","CORSAIR, ESCAPE, MAVERICK","2020, 2021, 2022, 2023",ENGINE,20230526,20240503,125322,MFR,No,No
23V367000,https://www.nhtsa.gov/vehicle/recalls#?nhtsaId=23V367000,"CADILLAC, GMC","HUMMER EV PICKUP, LYRIQ","2022, 2023",ELECTRICAL SYSTEM:PROPULSION SYSTEM:TRACTION BATTERY,20230525,20230606,33,MFR,No,No
23V360000,https://www.nhtsa.gov/vehicle/recalls#?nhtsaId=23V360000,MERCEDES-BENZ,"EQS 450, EQS 580, S 580 E","2022, 2023",ELECTRONIC STABILITY CONTROL (ESC):CONTROL MODULE:SOFTWARE,20230519,20230623,7558,MFR,No,No
23V358000,https://www.nhtsa.gov/vehicle/recalls#?nhtsaId=23V358000,FORD,BRONCO,"2021, 2022, 2023",SEAT BELTS:CRITICAL FASTENERS,20230518,20230929,175550,OVSC,No,No
23V352000,https://www.nhtsa.gov/vehicle/recalls#?nhtsaId=23V352000,JEEP,"GRAND CHEROKEE, GRAND CHEROKEE 4XE","2021, 2022, 2023",STEERING:COLUMN,20230518,20230606,89372,MFR,No,No
23V347000,https://www.nhtsa.gov/vehicle/recalls#?nhtsaId=23V347000,PORSCHE,TAYCAN,"2020, 2021, 2022",ELECTRICAL SYSTEM: INSTRUMENT CLUSTER/PANEL,20230516,20230705,71,MFR,No,No
23V344000,https://www.nhtsa.gov/vehicle/recalls#?nhtsaId=23V344000,FORD,"F-250 SD, F-350 SD, F-450 SD",2023,STEERING:COLUMN,20230512,20230601,19,MFR,No,No
23V342000,https://www.nhtsa.gov/vehicle/recalls#?nhtsaId=23V342000,"FORD, LINCOLN","AVIATOR, CORSAIR, EXPLORER","2020, 2021, 2022, 2023",BACK OVER PREVENTION: SENSING SYSTEM: CAMERA,20230512,20231110,442973,OVSC,No,No
23V339000,https://www.nhtsa.gov/vehicle/recalls#?nhtsaId=23V339000,"CHEVROLET, GMC","EQUINOX, TERRAIN","2020, 2021, 2022, 2023",CHILD SEAT:VEHICLE LATCH ANCHOR,20230511,20230602,668187,MFR,No,No
23V338000,https://www.nhtsa.gov/vehicle/recalls#?nhtsaId=23V338000,JEEP,CHEROKEE,"2014, 2015, 2016",STRUCTURE:BODY:HATCHBACK/LIFTGATE,20230511,20240301,132099,MFR,No,Yes
23V337000,https://www.nhtsa.gov/vehicle/recalls#?nhtsaId=23V337000,MINI,"COOPER, COOPER CLUBMAN, COOPER S, JCW","2007, 2008, 2009, 2010, 2011, 2012, 2013, 2014",ELECTRICAL SYSTEM,20230511,20240513,97933,MFR,No,No
23V336000,https://www.nhtsa.gov/vehicle/recalls#?nhtsaId=23V336000,JEEP,"GRAND CHEROKEE, GRAND CHEROKEE 4XE","2022, 2023",EQUIPMENT:OTHER:LABELS,20230511,20230525,17108,MFR,No,No
23V334000,https://www.nhtsa.gov/vehicle/recalls#?nhtsaId=23V334000,"BUICK, CHEVROLET, GMC","ACADIA, ENCLAVE, TRAVERSE","2014, 2015, 2016, 2017",AIR BAGS:FRONTAL:DRIVER SIDE:INFLATOR MODULE,20230510,20240223,995085,ODI,No,No
23V313000,https://www.nhtsa.gov/vehicle/recalls#?nhtsaId=23V313000,PORSCHE,"911 CARRERA, 911 CARRERA S, TAYCAN TURBO","2020, 2021, 2022",STRUCTURE:BODY,20230503,20230627,3,MFR,No,No
23V312000,https://www.nhtsa.gov/vehicle/recalls#?nhtsaId=23V312000,VOLKSWAGEN,ID.4,"2021, 2022",STRUCTURE:BODY:DOOR:HANDLE:EXTERIOR,20230503,20230913,35325,MFR,No,No
23V309000,https://www.nhtsa.gov/vehicle/recalls#?nhtsaId=23V309000,MERCEDES-BENZ,"AMG EQS 53, EQS 450, EQS 450+, EQS 580, EQS450, EQS580, S 580 E, redundant EQE 350 4MATIC","2022, 2023",ELECTRICAL SYSTEM:PROPULSION SYSTEM:TRACTION BATTERY THERMAL:MANAGEMENT:SOFTWARE,20230502,20230818,3828,MFR,No,No
23V306000,https://www.nhtsa.gov/vehicle/recalls#?nhtsaId=23V306000,FORD,RANGER,"2004, 2005, 2006",AIR BAGS:FRONTAL:PASSENGER SIDE:INFLATOR MODULE,20230428,20230522,231942,MFR,No,No
23V305000,https://www.nhtsa.gov/vehicle/recalls#?nhtsaId=23V305000,FORD,EXPLORER,"2020, 2021, 2022",BACK OVER PREVENTION:DISPLAY FUNCTION,20230428,20230727,523,OVSC,No,No
23V303000,https://www.nhtsa.gov/vehicle/recalls#?nhtsaId=23V303000,JEEP,WRANGLER,"2022, 2023",ELECTRICAL SYSTEM:PROPULSION SYSTEM:TRACTION BATTERY,20230427,20230523,2564,MFR,No,No
23V302000,https://www.nhtsa.gov/vehicle/recalls#?nhtsaId=23V302000,JEEP,CHEROKEE,"2016, 2017",POWER TRAIN:AUTOMATIC TRANSMISSION,20230427,20230511,25980,ODI,No,No
23V301000,https://www.nhtsa.gov/vehicle/recalls#?nhtsaId=23V301000,RAM,PROMASTER,"2019, 2020, 2021",POWER TRAIN:AUTOMATIC TRANSMISSION:INTERNAL:PARK PAWL,20230427,20230622,165503,MFR,No,No
23V300000,https://www.nhtsa.gov/vehicle/recalls#?nhtsaId=23V300000,GENESIS,GV60,2023,POWER TRAIN:DRIVELINE:DRIVESHAFT,20230426,20230623,1790,MFR,No,No
23V298000,https://www.nhtsa.gov/vehicle/recalls#?nhtsaId=23V298000,KIA,"NIRO, NIRO PHEV, SOUL, SPORTAGE, SPORTAGE HYBRID, SPORTAGE PHEV, TELLURIDE",2023,ELECTRICAL SYSTEM: INSTRUMENT CLUSTER/PANEL,20230426,20230526,108936,MFR,No,No
23V295000,https://www.nhtsa.gov/vehicle/recalls#?nhtsaId=23V295000,BMW,"I4, IX","2022, 2023, 2024",ELECTRICAL SYSTEM:PROPULSION SYSTEM:TRACTION BATTERY,20230426,20230622,31,MFR,No,No
23V294000,https://www.nhtsa.gov/vehicle/recalls#?nhtsaId=23V294000,BMW,"X7, XM",2023,ENGINE AND ENGINE COOLING:EXHAUST SYSTEM:EMISSION CONTROL:CATALYTIC CONVERTOR,20230426,20230622,5,MFR,No,No
23V283000,https://www.nhtsa.gov/vehicle/recalls#?nhtsaId=23V283000,FORD,"BRONCO, RANGER",2023,WHEELS:LUGS/NUTS/BOLTS/STUDS,20230420,20230502,1434,MFR,Yes,No
23V265000,https://www.nhtsa.gov/vehicle/recalls#?nhtsaId=23V265000,RAM,1500,2021,POWER TRAIN:AUTOMATIC TRANSMISSION:CONTROL MODULE (TCM/PCM/TECM),20230413,20230427,131700,MFR,No,No
23V264000,https://www.nhtsa.gov/vehicle/recalls#?nhtsaId=23V264000,RAM,1500,2022,AIR BAGS:SENSOR:SIDE IMPACT,20230413,20230504,37,MFR,No,No
23V263000,https://www.nhtsa.gov/vehicle/recalls#?nhtsaId=23V263000,"JEEP, RAM","1500, GLADIATOR, WRANGLER","2021, 2022, 2023","FUEL SYSTEM, DIESEL:DELIVERY:FUEL PUMP",20230413,20231017,45832,ODI,No,No
23V266000,https://www.nhtsa.gov/vehicle/recalls#?nhtsaId=23V266000,CHEVROLET,"4500HD, 5500HD, 6500HD","2019, 2020, 2021, 2022, 2023","SERVICE BRAKES, HYDRAULIC",20230413,20230711,40428,MFR,No,Yes
23V260000,https://www.nhtsa.gov/vehicle/recalls#?nhtsaId=23V260000,BMW,X1,2023,SEAT BELTS:REAR/OTHER,20230412,20230609,1465,MFR,No,No
23V261000,https://www.nhtsa.gov/vehicle/recalls#?nhtsaId=23V261000,HONDA,CMX300,2023,ENGINE AND ENGINE COOLING:EXHAUST SYSTEM:EMISSION CONTROL:CRANKCASE (PCV),20230412,20230525,1461,MFR,No,No
23V253000,https://www.nhtsa.gov/vehicle/recalls#?nhtsaId=23V253000,BMW,X5,2023,SEATS:MID/REAR ASSEMBLY:HEAD RESTRAINT,20230406,20230531,235,MFR,No,No
23V247000,https://www.nhtsa.gov/vehicle/recalls#?nhtsaId=23V247000,"CHEVROLET, GMC","EXPRESS CUTAWAY VAN, SAVANA","2003, 2004, 2005, 2006, 2007, 2008, 2009, 2010, 2011, 2012, 2013, 2014, 2015, 2016, 2017, 2018, 2019, 2020, 2021, 2022, 2023",ELECTRICAL SYSTEM:WIRING,20230406,20230502,150830,MFR,No,No
23V244000,https://www.nhtsa.gov/vehicle/recalls#?nhtsaId=23V244000,TESLA,MODEL X,2023,BACK OVER PREVENTION,20230405,20230309,38,MFR,No,No
23V241000,https://www.nhtsa.gov/vehicle/recalls#?nhtsaId=23V241000,PORSCHE,CARRERA GT,"2004, 2005",SUSPENSION,20230405,20241017,489,MFR,Yes,No
23V236000,https://www.nhtsa.gov/vehicle/recalls#?nhtsaId=23V236000,KIA,CARNIVAL,"2022, 2023",STRUCTURE:BODY:DOOR ,20230331,20230428,51568,ODI,No,No
23V235000,https://www.nhtsa.gov/vehicle/recalls#?nhtsaId=23V235000,TESLA,MODEL 3,"2018, 2019",SUSPENSION:CRITICAL FASTENERS,20230331,20230530,422,MFR,No,No
23V233000,https://www.nhtsa.gov/vehicle/recalls#?nhtsaId=23V233000,RIVIAN,R1S,"2022, 2023",EXTERIOR LIGHTING:BACK UP LIGHTS,20230331,20230712,5030,MFR,No,No
23V232000,https://www.nhtsa.gov/vehicle/recalls#?nhtsaId=23V232000,MERCEDES-BENZ,AMG CLA45,2023,TIRES,20230331,20230428,3,MFR,No,No
23V228000,https://www.nhtsa.gov/vehicle/recalls#?nhtsaId=23V228000,HONDA,CR-V,"2007, 2008, 2009, 2010, 2011",STRUCTURE:FRAME AND MEMBERS,20230330,20230522,616128,MFR,No,No
23V229000,https://www.nhtsa.gov/vehicle/recalls#?nhtsaId=23V229000,HONDA,CIVIC TYPE R,2023,SEATS,20230330,20230510,640,MFR,No,No
23V218000,https://www.nhtsa.gov/vehicle/recalls#?nhtsaId=23V218000,KIA,SOUL EV,"2015, 2016, 2017, 2018, 2019",ELECTRICAL SYSTEM:PROPULSION SYSTEM:TRACTION BATTERY,20230329,20230818,2689,MFR,No,No
23V215000,https://www.nhtsa.gov/vehicle/recalls#?nhtsaId=23V215000,VOLKSWAGEN,"ATLAS, ATLAS CROSS SPORT","2018, 2019, 2020, 2021",AIR BAGS:SENSOR:OCCUPANT CLASSIFICATION:FRONT PASSENGER,20230329,20240322,143053,MFR,No,No
23V214000,https://www.nhtsa.gov/vehicle/recalls#?nhtsaId=23V214000,VOLKSWAGEN,TAOS,2022,"FUEL SYSTEM, GASOLINE:DELIVERY:FUEL PUMP",20230329,20230524,15874,MFR,No,No
23V213000,https://www.nhtsa.gov/vehicle/recalls#?nhtsaId=23V213000,VOLKSWAGEN,ID 4,2023,STRUCTURE:BODY:DOOR:HANDLE:EXTERIOR,20230329,20230523,15989,MFR,No,No
23V212000,https://www.nhtsa.gov/vehicle/recalls#?nhtsaId=23V212000,AUDI,Q7,2020,FORWARD COLLISION AVOIDANCE: SENSING SYSTEM: CAMERA,20230329,20230510,19,MFR,No,No
23V211000,https://www.nhtsa.gov/vehicle/recalls#?nhtsaId=23V211000,BMW,"330I, M340I, X3, X4","2019, 2020, 2021",SEATS,20230329,20230522,51,MFR,No,No
23V210000,https://www.nhtsa.gov/vehicle/recalls#?nhtsaId=23V210000,GENESIS,G90,2023,SEAT BELTS:REAR/OTHER,20230328,20230517,575,ODI,No,No
23V199000,https://www.nhtsa.gov/vehicle/recalls#?nhtsaId=23V199000,FORD,EXPLORER,"2020, 2021, 2022",PARKING BRAKE:ELECTRICAL,20230324,20230531,674,MFR,No,No
23V205000,https://www.nhtsa.gov/vehicle/recalls#?nhtsaId=23V205000,TESLA,SEMI,2022,PARKING BRAKE,20230324,20230410,35,MFR,No,No
23V204000,https://www.nhtsa.gov/vehicle/recalls#?nhtsaId=23V204000,MERCEDES-BENZ,"SPRINTER 1500, SPRINTER 2500, SPRINTER 3500, SPRINTER 4500","2019, 2020, 2021, 2022",ELECTRICAL SYSTEM: INSTRUMENT CLUSTER/PANEL,20230324,20230505,6857,MFR,No,No
23V200000,https://www.nhtsa.gov/vehicle/recalls#?nhtsaId=23V200000,MERCEDES-BENZ,S 580,2021,STRUCTURE:FRAME AND MEMBERS,20230324,20230512,6,MFR,No,No
23V198000,https://www.nhtsa.gov/vehicle/recalls#?nhtsaId=23V198000,"FORD, LINCOLN","EDGE, NAUTILUS",2023,CHILD SEAT:VEHICLE TETHER ANCHOR,20230324,20230511,19,MFR,No,No
23V191000,https://www.nhtsa.gov/vehicle/recalls#?nhtsaId=23V191000,JEEP,WRANGLER,"2020, 2021, 2022",STRUCTURE:FRAME AND MEMBERS,20230323,20230406,35829,MFR,No,No
23V195000,https://www.nhtsa.gov/vehicle/recalls#?nhtsaId=23V195000,HONDA,NVA110B,2022,ELECTRICAL SYSTEM:INSTRUMENT PANEL:SPEEDOMETER/ODOMETER,20230323,20230501,15848,MFR,No,No
23V189000,https://www.nhtsa.gov/vehicle/recalls#?nhtsaId=23V189000,AUDI,Q4 E-TRON,"2022, 2023",AIR BAGS,20230322,20230511,5224,MFR,No,No
23V181000,https://www.nhtsa.gov/vehicle/recalls#?nhtsaId=23V181000,HYUNDAI,"SANTA CRUZ, SANTA FE, SANTA FE HYBRID, SANTA FE PLUG-IN HYBRID","2019, 2020, 2021, 2022, 2023",TRAILER HITCHES,20230317,20230516,584784,MFR,No,Yes
23V180000,https://www.nhtsa.gov/vehicle/recalls#?nhtsaId=23V180000,HYUNDAI,PALISADE,"2021, 2022, 2023",VISIBILITY/WIPER,20230317,20230515,167085,ODI,No,No
23V179000,https://www.nhtsa.gov/vehicle/recalls#?nhtsaId=23V179000,KIA,CARNIVAL,"2022, 2023",TRAILER HITCHES,20230317,20230516,3555,MFR,No,Yes
23V178000,https://www.nhtsa.gov/vehicle/recalls#?nhtsaId=23V178000,MERCEDES-BENZ,"AMG GLE53, AMG GLE53 4MATIC+, AMG GLE63 S, AMG GLE63 S 4MATIC+, AMG GLS63, AMG GLS63 4MATIC+, GLE 350, GLE 450, GLE 580 4MATIC, GLS 450 4MATIC, GLS 580 4MATIC","2022, 2023",STRUCTURE:BODY,20230317,20230505,70225,MFR,No,No
23V177000,https://www.nhtsa.gov/vehicle/recalls#?nhtsaId=23V177000,MERCEDES-BENZ,"AMG GLE53, AMG GLE63, AMG GLS63, GLE 350, GLE 450, GLE 580, GLS 450, GLS 580 4MATIC, GLS450, GLS580, MAYBACH GLS600","2020, 2021",VISIBILITY:DEFROSTER/DEFOGGER/HVAC SYSTEM,20230317,20230428,61450,MFR,No,No
23V176000,https://www.nhtsa.gov/vehicle/recalls#?nhtsaId=23V176000,PORSCHE,"TAYCAN, TAYCAN 4 CROSS TURISMO, TAYCAN 4S, TAYCAN 4S CROSS TURISMO, TAYCAN GTS, TAYCAN TURBO, TAYCAN TURBO CROSS TURISM, TAYCAN TURBO S","2020, 2021, 2022, 2023",ELECTRICAL SYSTEM: INSTRUMENT CLUSTER/PANEL,20230317,20230427,130,MFR,No,No
23V174000,https://www.nhtsa.gov/vehicle/recalls#?nhtsaId=23V174000,HONDA,"ODYSSEY, PASSPORT, PILOT, RIDGELINE","2020, 2021, 2022",VISIBILITY:REARVIEW MIRRORS/DEVICES:EXTERIOR,20230316,20240117,339404,MFR,No,No
23V172000,https://www.nhtsa.gov/vehicle/recalls#?nhtsaId=23V172000,"CADILLAC, CHEVROLET, GMC","ACADIA, BLAZER, TRAVERSE, XT5, XT6","2022, 2023",POWER TRAIN:AUTOMATIC TRANSMISSION,20230316,20230727,8744,MFR,No,No
23V168000,https://www.nhtsa.gov/vehicle/recalls#?nhtsaId=23V168000,FORD,F-150 LIGHTNING BEV,2023,ELECTRICAL SYSTEM:PROPULSION SYSTEM:TRACTION BATTERY,20230315,20230331,18,MFR,No,No
23V160000,https://www.nhtsa.gov/vehicle/recalls#?nhtsaId=23V160000,FORD,MAVERICK,2023,EXTERIOR LIGHTING:TAIL LIGHTS,20230310,20230609,2716,MFR,No,No
23V163000,https://www.nhtsa.gov/vehicle/recalls#?nhtsaId=23V163000,FORD,F-150,2021,VISIBILITY:WINDSHIELD WIPER/WASHER:LINKAGES,20230310,20231213,222454,MFR,No,No
23V162000,https://www.nhtsa.gov/vehicle/recalls#?nhtsaId=23V162000,"FORD, LINCOLN","FUSION, MKZ","2013, 2014, 2015, 2016, 2017, 2018","SERVICE BRAKES, HYDRAULIC:FOUNDATION COMPONENTS:HOSES, LINES/PIPING, AND FITTINGS",20230310,20230627,1280726,ODI,No,No
23V165000,https://www.nhtsa.gov/vehicle/recalls#?nhtsaId=23V165000,FORD,BRONCO,"2021, 2022",BACK OVER PREVENTION: SENSING SYSTEM: CAMERA,20230310,20231026,1651,OVSC,No,No
23V164000,https://www.nhtsa.gov/vehicle/recalls#?nhtsaId=23V164000,FORD,"F-53, F-59",2022,"SERVICE BRAKES, HYDRAULIC:FOUNDATION COMPONENTS:DISC:CALIPER",20230310,20230327,644,MFR,No,No
23V159000,https://www.nhtsa.gov/vehicle/recalls#?nhtsaId=23V159000,RIVIAN,R1S,"2022, 2023",AIR BAGS:SIDE/WINDOW:CURTAIN,20230309,20230315,30,MFR,No,No
23V158000,https://www.nhtsa.gov/vehicle/recalls#?nhtsaId=23V158000,"ACURA, HONDA","ACCORD, ACCORD HYBRID, CR-V, INSIGHT, ODYSSEY, RDX","2017, 2018, 2019, 2020",SEAT BELTS:FRONT:BUCKLE ASSEMBLY,20230309,20230418,448613,MFR,No,No
23V155000,https://www.nhtsa.gov/vehicle/recalls#?nhtsaId=23V155000,FORD,BRONCO,"2022, 2023",STEERING,20230308,20230331,343,MFR,No,No
23V149000,https://www.nhtsa.gov/vehicle/recalls#?nhtsaId=23V149000,KIA,K5,"2021, 2022, 2023",AIR BAGS:SIDE/WINDOW:CURTAIN,20230307,20230407,188912,MFR,No,No
23V142000,https://www.nhtsa.gov/vehicle/recalls#?nhtsaId=23V142000,TOYOTA,"TUNDRA, TUNDRA HYBRID","2022, 2023",STRUCTURE:BODY,20230303,20230918,130266,MFR,No,No
23V132000,https://www.nhtsa.gov/vehicle/recalls#?nhtsaId=23V132000,HYUNDAI,VELOSTER,"2012, 2013, 2014",ELECTRICAL SYSTEM,20230228,20230728,25715,MFR,No,No
23V130000,https://www.nhtsa.gov/vehicle/recalls#?nhtsaId=23V130000,TESLA,MODEL Y,"2022, 2023",SEAT BELTS:REAR/OTHER:ANCHORAGE,20230227,20230425,3470,MFR,No,No
23V123000,https://www.nhtsa.gov/vehicle/recalls#?nhtsaId=23V123000,BMW,S 1000 RR,2023,SERVICE BRAKES,20230224,20230525,394,MFR,No,No
23V122000,https://www.nhtsa.gov/vehicle/recalls#?nhtsaId=23V122000,FORD,TRANSIT,2023,VISIBILITY:DEFROSTER/DEFOGGER/HVAC SYSTEM,20230224,20230420,4804,MFR,No,No
23V128000,https://www.nhtsa.gov/vehicle/recalls#?nhtsaId=23V128000,"FORD, LINCOLN","EXPEDITION, F-150, NAVIGATOR",2023,POWER TRAIN:AXLE ASSEMBLY,20230224,20230421,240,MFR,No,No
23V125000,https://www.nhtsa.gov/vehicle/recalls#?nhtsaId=23V125000,FORD,RANGER,"2004, 2005, 2006",AIR BAGS:FRONTAL:PASSENGER SIDE:INFLATOR MODULE,20230224,20230405,98550,MFR,No,No
23V118000,https://www.nhtsa.gov/vehicle/recalls#?nhtsaId=23V118000,BMW,"330E, 330I, 430I, I4, M3, M340I, M440I","2022, 2023",ELECTRICAL SYSTEM:BODY CONTROL MODULE:SOFTWARE,20230223,20230410,120,MFR,No,No
23V116000,https://www.nhtsa.gov/vehicle/recalls#?nhtsaId=23V116000,JEEP,"GLADIATOR, WRANGLER","2018, 2019, 2020, 2021, 2022, 2023",POWER TRAIN:CLUTCH ASSEMBLY,20230223,20231116,69201,MFR,No,No
23V115000,https://www.nhtsa.gov/vehicle/recalls#?nhtsaId=23V115000,DODGE,"DURANGO, DURANGO1","2021, 2022, 2023",STRUCTURE:BODY:HATCHBACK/LIFTGATE,20230223,20230309,139019,MFR,No,No
23V111000,https://www.nhtsa.gov/vehicle/recalls#?nhtsaId=23V111000,TOYOTA,"TUNDRA, TUNDRA HYBRID","2022, 2023",ELECTRICAL SYSTEM: INSTRUMENT CLUSTER/PANEL,20230222,20230421,8989,MFR,No,No
23V109000,https://www.nhtsa.gov/vehicle/recalls#?nhtsaId=23V109000,RIVIAN,"R1S, R1T",2022,AIR BAGS:FRONTAL,20230222,20230405,12716,MFR,No,No
23V099000,https://www.nhtsa.gov/vehicle/recalls#?nhtsaId=23V099000,BMW,"230I, 840I, ALPINA B8, M2, M240I, M8, M850I, Z4","2022, 2023",ELECTRICAL SYSTEM:SOFTWARE,20230217,20230418,3193,MFR,No,No
23V098000,https://www.nhtsa.gov/vehicle/recalls#?nhtsaId=23V098000,MERCEDES-BENZ,S 580,2021,VISIBILITY:FIXED PANARAMIC ROOF/SKY LIGHT ASSEMBLY,20230217,20230317,1,MFR,No,No
23V097000,https://www.nhtsa.gov/vehicle/recalls#?nhtsaId=23V097000,MERCEDES-BENZ,"AMG G63, G 550","2019, 2020, 2021",ELECTRICAL SYSTEM:WIRING,20230217,20230410,26116,MFR,No,No
23V100000,https://www.nhtsa.gov/vehicle/recalls#?nhtsaId=23V100000,MERCEDES-BENZ,SPRINTER (VS30),"2019, 2020",ELECTRICAL SYSTEM:WIRING:FUSES AND CIRCUIT BREAKERS,20230217,20230626,52993,MFR,No,No
23V101000,https://www.nhtsa.gov/vehicle/recalls#?nhtsaId=23V101000,MERCEDES-BENZ,"SPRINTER 1500, SPRINTER 2500, SPRINTER 3500, SPRINTER 4500",2022,ELECTRICAL SYSTEM:WIRING,20230217,20230317,350,MFR,No,No
23V092000,https://www.nhtsa.gov/vehicle/recalls#?nhtsaId=23V092000,HONDA,CR-V,2023,SEATS:FRONT ASSEMBLY:RECLINER,20230216,20230327,98,MFR,No,No
23V094000,https://www.nhtsa.gov/vehicle/recalls#?nhtsaId=23V094000,GENESIS,"G80, GV60, GV70, GV80","2020, 2021, 2022, 2023",SEAT BELTS:FRONT,20230216,20230414,65517,ODI,No,No
23V085000,https://www.nhtsa.gov/vehicle/recalls#?nhtsaId=23V085000,TESLA,"MODEL 3, MODEL S, MODEL X, MODEL Y","2016, 2017, 2018, 2019, 2020, 2021, 2022, 2023",STEERING:AUTOMATED/ADAPTIVE STEERING,20230215,20230415,362758,ODI,No,No
23V084000,https://www.nhtsa.gov/vehicle/recalls#?nhtsaId=23V084000,AUDI,"A8, S8","2022, 2023",AIR BAGS:FRONTAL,20230215,20230413,1047,MFR,No,No
23V086000,https://www.nhtsa.gov/vehicle/recalls#?nhtsaId=23V086000,AUDI,Q7,"2009, 2010, 2011, 2012, 2013, 2014, 2015",EQUIPMENT:OTHER:LABELS,20230215,20230413,12100,MFR,No,No
23V079000,https://www.nhtsa.gov/vehicle/recalls#?nhtsaId=23V079000,BMW,"IX, X1","2022, 2023",AIR BAGS:FRONTAL,20230214,20230414,15803,MFR,No,No
23V074000,https://www.nhtsa.gov/vehicle/recalls#?nhtsaId=23V074000,MERCEDES-BENZ,EQS 580,2022,ELECTRICAL SYSTEM:ADAS:DRIVER MONITORING:CAMERA/SENSOR,20230210,20230331,3,MFR,No,No
23V072000,https://www.nhtsa.gov/vehicle/recalls#?nhtsaId=23V072000,FORD,F-150,2023,AIR BAGS:FRONTAL,20230210,20230316,321,MFR,No,No
23V071000,https://www.nhtsa.gov/vehicle/recalls#?nhtsaId=23V071000,FORD,TRANSIT,2023,"FUEL SYSTEM, GASOLINE:STORAGE:TANK ASSEMBLY",20230210,20230328,1159,MFR,No,No
23V070000,https://www.nhtsa.gov/vehicle/recalls#?nhtsaId=23V070000,"FORD, LINCOLN","AVIATOR, BRONCO, EXPLORER, F-150, MUSTANG","2022, 2023",POWER TRAIN:AUTOMATIC TRANSMISSION,20230210,20230425,1138,MFR,No,No
23V069000,https://www.nhtsa.gov/vehicle/recalls#?nhtsaId=23V069000,FORD,EXPLORER,"2020, 2021, 2022",POWER TRAIN:AUTOMATIC TRANSMISSION:CONTROL MODULE (TCM/PCM/TECM),20230210,20230328,3674,MFR,No,No
23V060000,https://www.nhtsa.gov/vehicle/recalls#?nhtsaId=23V060000,RAM,"2500, 3500, 4500, 5500","2021, 2022, 2023",ELECTRICAL SYSTEM:WIRING:RELAYS/SOLENOIDS,20230209,20230404,302067,MFR,No,Yes
23V059000,https://www.nhtsa.gov/vehicle/recalls#?nhtsaId=23V059000,RAM,"1500, 2500","2021, 2022, 2023",BACK OVER PREVENTION:DISPLAY FUNCTION,20230209,20230301,77079,MFR,No,No
23V058000,https://www.nhtsa.gov/vehicle/recalls#?nhtsaId=23V058000,JEEP,COMPASS,2022,ELECTRICAL SYSTEM: INSTRUMENT CLUSTER/PANEL,20230209,20230330,90,MFR,No,No
23V051000,https://www.nhtsa.gov/vehicle/recalls#?nhtsaId=23V051000,BMW,"S 1000 R, S 1000 XR","2020, 2021, 2022, 2023",ELECTRICAL SYSTEM:SOFTWARE,20230203,20230404,754,MFR,No,No
23V050000,https://www.nhtsa.gov/vehicle/recalls#?nhtsaId=23V050000,BMW,"760I, I7",2023,SEATS,20230203,20230310,397,MFR,No,No
23V043000,https://www.nhtsa.gov/vehicle/recalls#?nhtsaId=23V043000,"CADILLAC, GMC","ACADIA, XT5",2023,POWER TRAIN:DRIVELINE:DRIVESHAFT,20230202,20230217,10,MFR,No,No
23V042000,https://www.nhtsa.gov/vehicle/recalls#?nhtsaId=23V042000,CHEVROLET,"BLAZER, TRAVERSE",2023,POWER TRAIN:DRIVELINE:DRIVESHAFT,20230202,20230223,10,MFR,No,No
23V041000,https://www.nhtsa.gov/vehicle/recalls#?nhtsaId=23V041000,TOYOTA,RAV4 PRIME,2021,ELECTRICAL SYSTEM:PROPULSION SYSTEM:HYBRID MANAGEMENT:POWER CONTROL UNIT/MODULE (HPCU),20230202,20230227,16679,MFR,No,No
23V046000,https://www.nhtsa.gov/vehicle/recalls#?nhtsaId=23V046000,HONDA,"FIT, HR-V","2018, 2019, 2020, 2021, 2022",BACK OVER PREVENTION:DISPLAY FUNCTION,20230202,20230313,114686,MFR,No,No
23V047000,https://www.nhtsa.gov/vehicle/recalls#?nhtsaId=23V047000,"CHEVROLET, GMC","SIERRA 2500, SIERRA 3500, SILVERADO 2500, SILVERADO 3500","2017, 2018, 2019","FUEL SYSTEM, DIESEL:STORAGE:TANK ASSEMBLY",20230202,20230621,22132,MFR,No,No
23V039000,https://www.nhtsa.gov/vehicle/recalls#?nhtsaId=23V039000,BMW,"230I, M240I",2023,AIR BAGS:SIDE/WINDOW,20230201,20230331,804,MFR,No,No
23V040000,https://www.nhtsa.gov/vehicle/recalls#?nhtsaId=23V040000,VOLKSWAGEN,ID.4,2021,ELECTRICAL SYSTEM:PROPULSION SYSTEM:TRACTION BATTERY:MANAGEMENT SYSTEM/ENERGY CONTROL MODULE (BMS/BECM):SOFTWARE,20230201,20230330,20904,MFR,No,No
23V038000,https://www.nhtsa.gov/vehicle/recalls#?nhtsaId=23V038000,HYUNDAI,"SANTA CRUZ, TUCSON","2022, 2023",STRUCTURE:CRITICAL FASTENERS,20230131,20230330,16104,MFR,No,No
23V035000,https://www.nhtsa.gov/vehicle/recalls#?nhtsaId=23V035000,KIA,TELLURIDE,2023,AIR BAGS:SIDE/WINDOW,20230129,20230228,31943,MFR,No,No
23V033000,https://www.nhtsa.gov/vehicle/recalls#?nhtsaId=23V033000,PORSCHE,"PANAMERA, PANAMERA 4, PANAMERA 4 EXECUTIVE, PANAMERA 4 SPORT TURISMO, PANAMERA 4S, PANAMERA 4S EXECUTIVE, PANAMERA 4S SPORT TURISMO, PANAMERA GTS, PANAMERA GTS SPORT TURISM, PANAMERA TURBO, PANAMERA TURBO EXECUTIVE, PANAMERA TURBO S, PANAMERA TURBO S EXECUTIV, PANAMERA TURBO SPORT TURI","2017, 2018, 2019, 2020, 2021",ELECTRICAL SYSTEM,20230127,20230629,24467,MFR,No,No
23V028000,https://www.nhtsa.gov/vehicle/recalls#?nhtsaId=23V028000,HYUNDAI,SANTA FE PLUG-IN HYBRID,2022,"FUEL SYSTEM, GASOLINE:STORAGE:TANK ASSEMBLY",20230125,20230320,326,MFR,No,No
23V027000,https://www.nhtsa.gov/vehicle/recalls#?nhtsaId=23V027000,KIA,SORENTO PHEV,2022,"FUEL SYSTEM, GASOLINE:STORAGE:TANK ASSEMBLY",20230125,20230322,34,MFR,No,No
23V026000,https://www.nhtsa.gov/vehicle/recalls#?nhtsaId=23V026000,BMW,"I4, IX","2022, 2023",FORWARD COLLISION AVOIDANCE: WARNINGS:EXTERNAL/PEDESTRIAN ALERT,20230125,20230309,3431,MFR,No,No
23V022000,https://www.nhtsa.gov/vehicle/recalls#?nhtsaId=23V022000,"FORD, LINCOLN","AVIATOR, CORSAIR, EXPLORER","2020, 2021, 2022, 2023",BACK OVER PREVENTION: SENSING SYSTEM: CAMERA,20230123,20230213,382759,OVSC,No,No
23V021000,https://www.nhtsa.gov/vehicle/recalls#?nhtsaId=23V021000,FORD,BRONCO SPORT,2023,"SERVICE BRAKES, HYDRAULIC:ANTILOCK/TRACTION CONTROL/ELECTRONIC LIMITED SLIP:CONTROL UNIT/MODULE ",20230123,20230502,801,MFR,No,No
23V017000,https://www.nhtsa.gov/vehicle/recalls#?nhtsaId=23V017000,CHEVROLET,LOW CAB FORWARD 5500,"2022, 2023",ELECTRICAL SYSTEM:ADAS:DRIVER MONITORING:CAMERA/SENSOR,20230123,20230217,242,MFR,No,No
23V013000,https://www.nhtsa.gov/vehicle/recalls#?nhtsaId=23V013000,"CHEVROLET, GMC","EQUINOX, TERRAIN NA","2021, 2022","FUEL SYSTEM, GASOLINE:DELIVERY:FUEL PUMP:CONTROL/DRIVE MODULE",20230119,20230605,23323,MFR,No,No
23V011000,https://www.nhtsa.gov/vehicle/recalls#?nhtsaId=23V011000,BMW,"R 1250 GS, R 1250 GS ADVENTURE, R 1250 RT","2019, 2020, 2021, 2022, 2023",POWER TRAIN:MANUAL TRANSMISSION:INTERNAL:SHAFT:INPUT,20230118,20230222,18534,MFR,No,No
23V010000,https://www.nhtsa.gov/vehicle/recalls#?nhtsaId=23V010000,CHRYSLER,PACIFICA,"2017, 2018, 2019, 2020, 2021, 2022, 2023",ELECTRICAL SYSTEM:WIRING:CONNECTORS/PLUGS/RECEPTACLES,20230117,20230223,67117,ODI,No,No
22V956000,https://www.nhtsa.gov/vehicle/recalls#?nhtsaId=22V956000,VOLKSWAGEN,ID.4,2023,ELECTRICAL SYSTEM:12V/24V/48V BATTERY:CABLES,20221229,20230118,1042,MFR,No,Yes
22V955000,https://www.nhtsa.gov/vehicle/recalls#?nhtsaId=22V955000,MERCEDES-BENZ,"AMG GLE43, AMG GLE63, AMG ML63, GLE 350, GLE 400, GLE 550 E, GLE300D, GLE350, GLE400, GLE450, GLE550E, ML250, ML350, ML400, ML550","2012, 2013, 2014, 2015, 2016, 2017, 2018, 2019, 2020","FUEL SYSTEM, GASOLINE:DELIVERY:FUEL PUMP:CONTROL/DRIVE MODULE",20221223,20230215,348183,MFR,No,No
22V953000,https://www.nhtsa.gov/vehicle/recalls#?nhtsaId=22V953000,LINCOLN,"AVIATOR, CORSAIR","2020, 2021, 2022, 2023",SEAT BELTS:FRONT:WARNING LIGHT/DEVICES,20221223,20230207,101001,MFR,No,No
22V954000,https://www.nhtsa.gov/vehicle/recalls#?nhtsaId=22V954000,MERCEDES-BENZ,"AMG C32, AMG C55, AMG CLK55, AMG CLS55, AMG CLS63, AMG E55, AMG E63, CLS550, E350","2002, 2003, 2004, 2005, 2006, 2007, 2008, 2009, 2010, 2011",VISIBILITY:SUN/MOON ROOF ASSEMBLY,20221223,20230203,131653,MFR,No,No
22V950000,https://www.nhtsa.gov/vehicle/recalls#?nhtsaId=22V950000,ACURA,TLX,2022,TIRES:BEAD,20221222,20230130,19,MFR,No,No
22V947000,https://www.nhtsa.gov/vehicle/recalls#?nhtsaId=22V947000,RAM,PROMASTER,2022,BACK OVER PREVENTION: SENSING SYSTEM: CAMERA,20221222,20230207,38,MFR,No,No
22V945000,https://www.nhtsa.gov/vehicle/recalls#?nhtsaId=22V945000,VOLKSWAGEN,"BEETLE, BEETLE CONVERTIBLE","2015, 2016",AIR BAGS:FRONTAL:DRIVER SIDE:INFLATOR MODULE,20221221,20231026,37558,MFR,No,No
22V944000,https://www.nhtsa.gov/vehicle/recalls#?nhtsaId=22V944000,BMW,"I4, I7, IX","2022, 2023",ELECTRICAL SYSTEM:PROPULSION SYSTEM:TRACTION BATTERY THERMAL:MANAGEMENT:SOFTWARE,20221220,20230203,14086,MFR,No,No
22V942000,https://www.nhtsa.gov/vehicle/recalls#?nhtsaId=22V942000,BMW,X5,2023,SEATS:CRITICAL FASTENERS,20221219,20221223,4,MFR,No,No
22V937000,https://www.nhtsa.gov/vehicle/recalls#?nhtsaId=22V937000,MERCEDES-BENZ,AMG G63,2022,POWER TRAIN:DRIVELINE:DIFFERENTIAL UNIT,20221216,20230512,278,MFR,Yes,No
22V935000,https://www.nhtsa.gov/vehicle/recalls#?nhtsaId=22V935000,MERCEDES-BENZ,S 500,2022,STRUCTURE:INTERIOR PANELS:DASHBOARD,20221216,20230120,1,MFR,No,No
22V936000,https://www.nhtsa.gov/vehicle/recalls#?nhtsaId=22V936000,MERCEDES-BENZ,"AMG GLE53, AMG GLE63, GLE 350, GLE 450, GLS 450 4MATIC","2021, 2022",STEERING:CRITICAL FASTENERS,20221216,20230127,69,MFR,No,No
22V938000,https://www.nhtsa.gov/vehicle/recalls#?nhtsaId=22V938000,MERCEDES-BENZ,"AMG GT 63, AMG GT53",2019,LATCHES/LOCKS/LINKAGES,20221216,20230203,11,MFR,No,No
22V941000,https://www.nhtsa.gov/vehicle/recalls#?nhtsaId=22V941000,HYUNDAI,KONA ELECTRIC,2021,ELECTRICAL SYSTEM:PROPULSION SYSTEM:TRACTION BATTERY:THERMAL MANAGEMENT:FLUID/COOLANT,20221216,20230322,853,MFR,No,No
22V930000,https://www.nhtsa.gov/vehicle/recalls#?nhtsaId=22V930000,CHEVROLET,BOLT EV,"2017, 2018, 2019, 2020, 2021, 2022, 2023",SEAT BELTS:PRETENSIONER,20221215,20230123,111242,MFR,No,No
22V929000,https://www.nhtsa.gov/vehicle/recalls#?nhtsaId=22V929000,"CHEVROLET, GMC","EQUINOX, TERRAIN",2023,AIR BAGS:SENSOR:OCCUPANT CLASSIFICATION:FRONT PASSENGER,20221215,20230124,9,MFR,No,No
22V927000,https://www.nhtsa.gov/vehicle/recalls#?nhtsaId=22V927000,AUDI,E-TRON GT,2022,SUSPENSION:FRONT:MACPHERSON STRUT,20221214,20230209,96,MFR,No,No
22V925000,https://www.nhtsa.gov/vehicle/recalls#?nhtsaId=22V925000,FORD,"E-350, E-450, F-59","2021, 2022, 2023","FUEL SYSTEM, GASOLINE:STORAGE:TANK ASSEMBLY",20221214,20230414,11074,MFR,No,No
22V923000,https://www.nhtsa.gov/vehicle/recalls#?nhtsaId=22V923000,CHEVROLET,MALIBU,"2022, 2023",STRUCTURE:FRAME AND MEMBERS,20221214,20230120,2108,MFR,No,No
22V928000,https://www.nhtsa.gov/vehicle/recalls#?nhtsaId=22V928000,FORD,BRONCO,"2021, 2022",AIR BAGS:SENSOR:SIDE IMPACT,20221214,20230120,1226,MFR,No,No
22V921000,https://www.nhtsa.gov/vehicle/recalls#?nhtsaId=22V921000,PORSCHE,"TAYCAN, TAYCAN 4S",2021,SUSPENSION:FRONT:MACPHERSON STRUT,20221213,20230127,28,MFR,No,No
22V906000,https://www.nhtsa.gov/vehicle/recalls#?nhtsaId=22V906000,KIA,FORTE,2023,STEERING:LINKAGES:KNUCKLE:SPINDLE:ARM,20221208,20230112,939,MFR,No,No
22V904000,https://www.nhtsa.gov/vehicle/recalls#?nhtsaId=22V904000,RAM,"1500, 2500, 3500","2019, 2020, 2021, 2022",STRUCTURE:BODY:TAILGATE:HINGE AND ATTACHMENTS,20221208,20221222,1224078,MFR,No,No
22V903000,https://www.nhtsa.gov/vehicle/recalls#?nhtsaId=22V903000,"BUICK, CADILLAC, CHEVROLET, GMC","CT4, CT5, ENVISION, ESCALADE, ESCALADE ESV, SIERRA 1500, SILVERADO 1500, SUBURBAN, TAHOE, YUKON, YUKON XL","2020, 2021, 2022, 2023",EXTERIOR LIGHTING:LIGHTING CONTROL MODULE:SOFTWARE,20221208,20230123,740108,MFR,No,No
22V901000,https://www.nhtsa.gov/vehicle/recalls#?nhtsaId=22V901000,AUDI,"A3, RS 3, S3",2023,EQUIPMENT:OTHER:LABELS,20221207,20230224,297,MFR,No,No
22V899000,https://www.nhtsa.gov/vehicle/recalls#?nhtsaId=22V899000,KIA,NIRO EV,2020,ELECTRICAL SYSTEM:PROPULSION SYSTEM:TRACTION BATTERY:THERMAL MANAGEMENT:FLUID/COOLANT,20221206,20230309,872,MFR,No,No
22V897000,https://www.nhtsa.gov/vehicle/recalls#?nhtsaId=22V897000,PORSCHE,911,"2022, 2023",STRUCTURE:INTERIOR PANELS:DASHBOARD,20221206,20230614,53,MFR,No,No
22V895000,https://www.nhtsa.gov/vehicle/recalls#?nhtsaId=22V895000,TESLA,MODEL Y,2023,SUSPENSION:CRITICAL FASTENERS,20221205,20230207,26,MFR,No,No
22V880000,https://www.nhtsa.gov/vehicle/recalls#?nhtsaId=22V880000,FORD,"F-250 SD, F-350 SD, F-450 SD","2017, 2018",POWER TRAIN:DRIVELINE:DRIVESHAFT,20221129,20230727,18808,MFR,No,No
22V878000,https://www.nhtsa.gov/vehicle/recalls#?nhtsaId=22V878000,KIA,SPORTAGE,2023,AIR BAGS:SIDE/WINDOW:CURTAIN,20221128,20221228,76918,OVSC,No,No
22V874000,https://www.nhtsa.gov/vehicle/recalls#?nhtsaId=22V874000,CHEVROLET,"4500HD, 4500XD, 5500HD, 5500XD, 6500HD","2021, 2022",EQUIPMENT,20221123,20230210,5861,MFR,No,No
22V873000,https://www.nhtsa.gov/vehicle/recalls#?nhtsaId=22V873000,CHEVROLET,SILVERADO 1500,2022,AIR BAGS: AIR BAG/RESTRAINT CONTROL MODULE,20221123,20221123,5,MFR,No,No
22V868000,https://www.nhtsa.gov/vehicle/recalls#?nhtsaId=22V868000,CADILLAC,XT4,"2019, 2020",BACK OVER PREVENTION: SENSING SYSTEM: CAMERA,20221123,20230203,10199,MFR,No,No
22V867000,https://www.nhtsa.gov/vehicle/recalls#?nhtsaId=22V867000,HONDA,RIDGELINE,"2017, 2018, 2019",BACK OVER PREVENTION: SENSING SYSTEM: CAMERA,20221123,20230831,117445,ODI,No,No
22V866000,https://www.nhtsa.gov/vehicle/recalls#?nhtsaId=22V866000,DODGE,"CHARGER, DURANGO",2022,POWER TRAIN:MANUAL TRANSMISSION:COLUMN SHIFT ASSEMBLY,20221123,20230117,5834,MFR,No,No
22V865000,https://www.nhtsa.gov/vehicle/recalls#?nhtsaId=22V865000,JEEP,WRANGLER,"2021, 2022, 2023",ENGINE,20221123,20221222,62909,MFR,No,No
22V861000,https://www.nhtsa.gov/vehicle/recalls#?nhtsaId=22V861000,AUDI,"A6, A6 ALLROAD, A7, RS 6 AVANT, RS 7, S6, S7","2019, 2020, 2021, 2022",ELECTRICAL SYSTEM,20221121,20230119,50883,MFR,No,No
22V860000,https://www.nhtsa.gov/vehicle/recalls#?nhtsaId=22V860000,BMW,"740I, 760I, I7",2023,ELECTRICAL SYSTEM,20221121,20230117,169,MFR,No,No
22V854000,https://www.nhtsa.gov/vehicle/recalls#?nhtsaId=22V854000,TOYOTA,TUNDRA,2023,EQUIPMENT:OTHER:LABELS,20221118,20230110,157,MFR,No,No
22V859000,https://www.nhtsa.gov/vehicle/recalls#?nhtsaId=22V859000,FORD,"BRONCO SPORT, ESCAPE","2020, 2021, 2022, 2023","FUEL SYSTEM, GASOLINE:FUEL INJECTION SYSTEM",20221118,20230228,521746,MFR,No,No
22V844000,https://www.nhtsa.gov/vehicle/recalls#?nhtsaId=22V844000,TESLA,"MODEL 3, MODEL Y","2020, 2021, 2022, 2023",EXTERIOR LIGHTING:TAIL LIGHTS,20221115,20230114,321628,MFR,No,No
22V843000,https://www.nhtsa.gov/vehicle/recalls#?nhtsaId=22V843000,TESLA,MODEL X,"2021, 2022, 2023",AIR BAGS: AIR BAG/RESTRAINT CONTROL MODULE:SOFTWARE,20221115,20230114,29348,MFR,No,No
22V842000,https://www.nhtsa.gov/vehicle/recalls#?nhtsaId=22V842000,FORD,F-150,"2021, 2022",VISIBILITY:WINDSHIELD WIPER/WASHER:MOTOR,20221115,20230630,483082,MFR,No,No
22V836000,https://www.nhtsa.gov/vehicle/recalls#?nhtsaId=22V836000,KIA,NIRO,"2017, 2018",HYBRID PROPULSION SYSTEM,20221111,20230109,27030,MFR,No,No
22V835000,https://www.nhtsa.gov/vehicle/recalls#?nhtsaId=22V835000,RAM,"2500, 3500","2020, 2021, 2022, 2023",POWER TRAIN:AUTOMATIC TRANSMISSION,20221110,20221229,250079,MFR,No,No
22V831000,https://www.nhtsa.gov/vehicle/recalls#?nhtsaId=22V831000,VOLKSWAGEN,GOLF R,2016,ELECTRICAL SYSTEM:BODY CONTROL MODULE:SOFTWARE,20221109,20221215,5,MFR,No,No
22V830000,https://www.nhtsa.gov/vehicle/recalls#?nhtsaId=22V830000,VOLKSWAGEN,ID.4,2023,ELECTRICAL SYSTEM:PROPULSION SYSTEM:TRACTION MOTOR,20221109,20221219,393,MFR,No,No
22V827000,https://www.nhtsa.gov/vehicle/recalls#?nhtsaId=22V827000,"CADILLAC, CHEVROLET, GMC","ESCALADE, ESCALADE ESV, SUBURBAN, TAHOE, YUKON, YUKON XL",2021,EXTERIOR LIGHTING:LIGHTING CONTROL MODULE:SOFTWARE,20221103,20221215,338735,MFR,No,No
22V825000,https://www.nhtsa.gov/vehicle/recalls#?nhtsaId=22V825000,FORD,BRONCO,"2021, 2022",BACK OVER PREVENTION: SENSING SYSTEM: CAMERA,20221103,20221223,47046,MFR,No,No
22V858000,https://www.nhtsa.gov/vehicle/recalls#?nhtsaId=22V858000,VOLKSWAGEN,ID.4,2021,AIR BAGS:FRONTAL,20221102,20230214,55,MFR,No,No
22V823000,https://www.nhtsa.gov/vehicle/recalls#?nhtsaId=22V823000,"AUDI, VOLKSWAGEN","A3, GOLF R, GTI, ID.4, Q4 E-TRON, RS 3, S3","2022, 2023",BACK OVER PREVENTION:DISPLAY FUNCTION,20221102,20230214,2607,MFR,No,No
22V820000,https://www.nhtsa.gov/vehicle/recalls#?nhtsaId=22V820000,BMW,"X5, X7",2023,VISIBILITY:WINDSHIELD,20221102,20221230,47,MFR,No,No
22V818000,https://www.nhtsa.gov/vehicle/recalls#?nhtsaId=22V818000,TESLA,"MODEL S, MODEL X","2017, 2018, 2019, 2020, 2021",STEERING:ELECTRIC POWER ASSIST SYSTEM,20221101,20221231,40168,MFR,No,No
22E092000,https://www.nhtsa.gov/vehicle/recalls#?nhtsaId=22E092000,TESLA,"MODEL S, REARVIEW MIRROR","2021, 9999",VISIBILITY:REARVIEW MIRRORS/DEVICES:EXTERIOR,20221101,20221231,53,MFR,No,No
22V816000,https://www.nhtsa.gov/vehicle/recalls#?nhtsaId=22V816000,"GENESIS, HYUNDAI","G80 ELECTRIFIED, SANTA FE HYBRID, SANTA FE PLUG-IN HYBRID","2021, 2022, 2023",SEAT BELTS:PRETENSIONER,20221031,20221214,14933,MFR,No,No
22V815000,https://www.nhtsa.gov/vehicle/recalls#?nhtsaId=22V815000,"AUDI, VOLKSWAGEN","A3, ATLAS, ATLAS CROSS SPORT, GOLF, GOLF ALLTRACK, GOLF R, GOLF SPORTWAGEN, GTI, JETTA, Q3, TIGUAN","2019, 2020, 2021",TIRES:PRESSURE MONITORING AND REGULATING SYSTEMS,20221031,20221118,296044,MFR,No,No
22V810000,https://www.nhtsa.gov/vehicle/recalls#?nhtsaId=22V810000,HYUNDAI,SANTA FE SPORT,2018,"SERVICE BRAKES, HYDRAULIC:ANTILOCK/TRACTION CONTROL/ELECTRONIC LIMITED SLIP:CONTROL UNIT/MODULE ",20221027,20221116,44396,MFR,No,Yes
22V808000,https://www.nhtsa.gov/vehicle/recalls#?nhtsaId=22V808000,"CHRYSLER, DODGE","300, CHALLENGER, CHARGER",2022,TIRES:PRESSURE MONITORING AND REGULATING SYSTEMS,20221027,20221110,44212,MFR,No,No
22V807000,https://www.nhtsa.gov/vehicle/recalls#?nhtsaId=22V807000,VOLKSWAGEN,"ATLAS, ATLAS CROSS SPORT","2022, 2023",SUSPENSION:CRITICAL FASTENERS,20221026,20221122,33,MFR,No,No
22V806000,https://www.nhtsa.gov/vehicle/recalls#?nhtsaId=22V806000,AUDI,"A3, A4, A4 ALLROAD, A5, A5 CABRIOLET, A6, A6 ALLROAD, A7, A8, E-TRON, E-TRON GT, Q3, Q7, Q8, RS 6 AVANT, RS 7, RS Q8, S3, S4, S5, S5 CABRIOLET, S6, S8, SQ7, SQ8","2021, 2022",EQUIPMENT:ELECTRICAL:INFOTAINMENT:VIDEO (TOUCH)SCREEN/MONITOR/UNIT,20221026,20230606,6076,MFR,No,No
22V803000,https://www.nhtsa.gov/vehicle/recalls#?nhtsaId=22V803000,PORSCHE,911 GT3,2022,SEATS,20221025,20221222,15,MFR,No,No
22V800000,https://www.nhtsa.gov/vehicle/recalls#?nhtsaId=22V800000,KIA,SPORTAGE,"2008, 2009","SERVICE BRAKES, HYDRAULIC:ANTILOCK/TRACTION CONTROL/ELECTRONIC LIMITED SLIP:CONTROL UNIT/MODULE ",20221024,20221222,71704,MFR,No,Yes
22V796000,https://www.nhtsa.gov/vehicle/recalls#?nhtsaId=22V796000,MERCEDES-BENZ,"SPRINTER 1500, SPRINTER 2500, SPRINTER 3500, SPRINTER 4500","2019, 2020, 2021, 2022",POWER TRAIN:AUTOMATIC TRANSMISSION:INTERNAL:PARK PAWL,20221021,20230210,124305,ODI,No,No
22V798000,https://www.nhtsa.gov/vehicle/recalls#?nhtsaId=22V798000,TESLA,MODEL 3,"2017, 2018, 2019, 2020, 2021, 2022",SEAT BELTS:REAR/OTHER:ANCHORAGE,20221021,20221220,24064,MFR,No,No
22V791000,https://www.nhtsa.gov/vehicle/recalls#?nhtsaId=22V791000,FORD,TRANSIT,"2022, 2023",ELECTRICAL SYSTEM: INSTRUMENT CLUSTER/PANEL,20221020,20221111,31339,MFR,No,No
22V787000,https://www.nhtsa.gov/vehicle/recalls#?nhtsaId=22V787000,FORD,BRONCO SPORT,2022,"FUEL SYSTEM, GASOLINE:DELIVERY:FUEL PUMP:CONTROL/DRIVE MODULE",20221020,20221201,26,MFR,No,No
22V792000,https://www.nhtsa.gov/vehicle/recalls#?nhtsaId=22V792000,FORD,E-450,2023,POWER TRAIN:AXLE HUBS,20221020,20230418,596,MFR,No,No
22V771000,https://www.nhtsa.gov/vehicle/recalls#?nhtsaId=22V771000,GMC,HUMMER EV PICKUP,"2022, 2023",ELECTRICAL SYSTEM:PROPULSION SYSTEM:TRACTION BATTERY,20221013,20230413,797,MFR,No,No
22V768000,https://www.nhtsa.gov/vehicle/recalls#?nhtsaId=22V768000,JEEP,WRANGLER,"2022, 2023",ELECTRICAL SYSTEM:PROPULSION SYSTEM:TRACTION BATTERY,20221013,20221208,13722,MFR,No,No
22V767000,https://www.nhtsa.gov/vehicle/recalls#?nhtsaId=22V767000,"JEEP, RAM","1500, GLADIATOR, WRANGLER","2020, 2021, 2022",ENGINE,20221013,20231017,60413,MFR,No,No
22V766000,https://www.nhtsa.gov/vehicle/recalls#?nhtsaId=22V766000,"JEEP, RAM","1500, GLADIATOR, WRANGLER","2021, 2022",SEAT BELTS:PRETENSIONER,20221013,20221208,2802,MFR,No,No
22V764000,https://www.nhtsa.gov/vehicle/recalls#?nhtsaId=22V764000,VOLKSWAGEN,ID.4,2022,BACK OVER PREVENTION:SOFTWARE,20221012,20230117,5,MFR,No,No
22V759000,https://www.nhtsa.gov/vehicle/recalls#?nhtsaId=22V759000,RAM,"4500, 5500","2019, 2020","SERVICE BRAKES, HYDRAULIC:FOUNDATION COMPONENTS:HOSES, LINES/PIPING, AND FITTINGS",20221011,20230427,26961,MFR,No,No
22V760000,https://www.nhtsa.gov/vehicle/recalls#?nhtsaId=22V760000,KIA,"K5, SORENTO","2021, 2022, 2023",POWER TRAIN:AUTOMATIC TRANSMISSION,20221011,20221209,69038,MFR,No,No
22V753000,https://www.nhtsa.gov/vehicle/recalls#?nhtsaId=22V753000,"AUDI, VOLKSWAGEN","ATLAS, ATLAS CROSS SPORT, Q5, Q5 SPORTBACK","2021, 2022, 2023",ENGINE AND ENGINE COOLING:ENGINE:HARD PARTS INTERNAL/MECHANICAL,20221007,20221108,76515,MFR,No,No
22V752000,https://www.nhtsa.gov/vehicle/recalls#?nhtsaId=22V752000,BMW,"M 1000 RR, S 1000 R, S 1000 RR, S 1000 XR","2022, 2023",POWER TRAIN:CLUTCH ASSEMBLY,20221007,20221206,951,MFR,No,No
22V747000,https://www.nhtsa.gov/vehicle/recalls#?nhtsaId=22V747000,BMW,330E,2023,BACK OVER PREVENTION:SOFTWARE,20221007,20221121,1296,MFR,No,No
22V746000,https://www.nhtsa.gov/vehicle/recalls#?nhtsaId=22V746000,HYUNDAI,"ELANTRA N, KONA N, SANTA CRUZ, SANTA FE, SONATA, VELOSTER N","2021, 2022",POWER TRAIN:AUTOMATIC TRANSMISSION,20221006,20230110,56148,MFR,No,No
22V744000,https://www.nhtsa.gov/vehicle/recalls#?nhtsaId=22V744000,RIVIAN,"EDV, R1S, R1T",2022,SUSPENSION:FRONT:CONTROL ARM:UPPER ARM,20221006,20221111,12212,MFR,No,No
22V742000,https://www.nhtsa.gov/vehicle/recalls#?nhtsaId=22V742000,AUDI,"A4, A5, A5 CABRIOLET, A6, A7, A8, E-TRON, E-TRON GT, Q5, Q7, Q8, RS 5, RS 6 AVANT, RS 7, RS Q8, S4, S5, S5 CABRIOLET, S6, S7, S8, SQ5, SQ7, SQ8","2021, 2022",BACK OVER PREVENTION:DISPLAY FUNCTION,20221005,20221025,170296,MFR,No,No
22V741000,https://www.nhtsa.gov/vehicle/recalls#?nhtsaId=22V741000,BMW,IX,2023,ELECTRICAL SYSTEM:PROPULSION SYSTEM,20221005,20221130,1,MFR,No,No
22V733000,https://www.nhtsa.gov/vehicle/recalls#?nhtsaId=22V733000,MERCEDES-BENZ,"AMG CLS53, AMG E53, CLS 450, E 450","2019, 2020, 2021, 2022",ELECTRICAL SYSTEM:12V/24V/48V BATTERY,20220930,20230120,19968,MFR,No,No
22V732000,https://www.nhtsa.gov/vehicle/recalls#?nhtsaId=22V732000,MERCEDES-BENZ,"AMG GLS63, GLS 450, GLS 450 4MATIC, GLS 580 4MATIC, GLS450, GLS580","2020, 2021, 2022",SEATS:MID/REAR ASSEMBLY,20220930,20221118,59574,MFR,No,No
22V731000,https://www.nhtsa.gov/vehicle/recalls#?nhtsaId=22V731000,FORD,F53,"2020, 2021",SUSPENSION:REAR,20220930,20230308,13455,MFR,No,No
22V730000,https://www.nhtsa.gov/vehicle/recalls#?nhtsaId=22V730000,FORD,MAVERICK,2022,EXTERIOR LIGHTING:BRAKE LIGHTS,20220930,20221109,11239,MFR,No,No
22V725000,https://www.nhtsa.gov/vehicle/recalls#?nhtsaId=22V725000,BMW,X7,2023,EXTERIOR LIGHTING,20220929,20221118,3315,MFR,No,No
22V724000,https://www.nhtsa.gov/vehicle/recalls#?nhtsaId=22V724000,"CHEVROLET, GMC","EQUINOX, TERRAIN","2022, 2023",SEATS,20220929,20221104,6895,MFR,No,No
22V723000,https://www.nhtsa.gov/vehicle/recalls#?nhtsaId=22V723000,DODGE,JOURNEY,"2017, 2018",EXTERIOR LIGHTING,20220929,20230216,83453,MFR,No,No
22V718000,https://www.nhtsa.gov/vehicle/recalls#?nhtsaId=22V718000,VOLKSWAGEN,"ATLAS, ATLAS CROSS SPORT",2023,"SERVICE BRAKES, HYDRAULIC:FOUNDATION COMPONENTS:HOSES, LINES/PIPING, AND FITTINGS",20220926,20221122,555,MFR,No,No
22V709000,https://www.nhtsa.gov/vehicle/recalls#?nhtsaId=22V709000,"CADILLAC, GMC","ACADIA, XT5, XT6","2020, 2021",BACK OVER PREVENTION: SENSING SYSTEM: CAMERA,20220922,20230118,95231,ODI,No,No
22V708000,https://www.nhtsa.gov/vehicle/recalls#?nhtsaId=22V708000,"CADILLAC, GMC","ACADIA, XT5, XT6",2023,EQUIPMENT:OTHER:LABELS,20220922,20221012,24,MFR,No,No
22V710000,https://www.nhtsa.gov/vehicle/recalls#?nhtsaId=22V710000,CADILLAC,redundant LYRIQ,2023,ELECTRICAL SYSTEM: INSTRUMENT CLUSTER/PANEL,20220922,20221115,186,MFR,No,No
22V707000,https://www.nhtsa.gov/vehicle/recalls#?nhtsaId=22V707000,VOLKSWAGEN,"GOLF R, GTI","2022, 2023",ENGINE AND ENGINE COOLING:COOLING SYSTEM:RADIATOR ASSEMBLY,20220921,20221115,8038,MFR,No,No
22V703000,https://www.nhtsa.gov/vehicle/recalls#?nhtsaId=22V703000,KIA,"SORENTO, SORENTO HYBRID, SORENTO PHEV, SPORTAGE","2016, 2017, 2018, 2019, 2020, 2021, 2022, 2023",TRAILER HITCHES,20220919,20230727,70887,MFR,No,Yes
22V702000,https://www.nhtsa.gov/vehicle/recalls#?nhtsaId=22V702000,TESLA,"MODEL 3, MODEL S, MODEL X, MODEL Y","2017, 2018, 2019, 2020, 2021, 2022",VISIBILITY:POWER WINDOW DEVICES AND CONTROLS,20220919,20230331,1096762,MFR,No,No
22V701000,https://www.nhtsa.gov/vehicle/recalls#?nhtsaId=22V701000,AUDI,Q3,2022,"VISIBILITY:GLASS, SIDE/REAR",20220919,20221011,4,MFR,No,No
22V687000,https://www.nhtsa.gov/vehicle/recalls#?nhtsaId=22V687000,VOLKSWAGEN,TAOS,2022,ENGINE AND ENGINE COOLING:ENGINE:ENGINE CONTROL MODULE (ECU/ECM):SOFTWARE,20220914,20220927,2,MFR,No,No
22V686000,https://www.nhtsa.gov/vehicle/recalls#?nhtsaId=22V686000,FORD,"BRONCO SPORT, F-150","2022, 2023",EXTERIOR LIGHTING:LIGHTING CONTROL MODULE,20220914,20230329,86050,MFR,No,No
22V685000,https://www.nhtsa.gov/vehicle/recalls#?nhtsaId=22V685000,FORD,"EXPLORER, RANGER",2022,"FUEL SYSTEM, GASOLINE:DELIVERY:HOSES, LINES/PIPING, AND FITTINGS",20220914,20220929,69,MFR,No,No
22V684000,https://www.nhtsa.gov/vehicle/recalls#?nhtsaId=22V684000,FORD,F-150,2022,AIR BAGS,20220914,20221026,74,MFR,No,No
22V683000,https://www.nhtsa.gov/vehicle/recalls#?nhtsaId=22V683000,BMW,745E,2022,ELECTRICAL SYSTEM:12V/24V/48V BATTERY,20220913,20221028,16,MFR,No,No
22V678000,https://www.nhtsa.gov/vehicle/recalls#?nhtsaId=22V678000,MERCEDES-BENZ,C 300,2022,ELECTRICAL SYSTEM:WIRING: REAR COMPARTMENT/TRUNK,20220912,20221202,6752,MFR,No,No
22V680000,https://www.nhtsa.gov/vehicle/recalls#?nhtsaId=22V680000,MERCEDES-BENZ,"AMG GLE53, AMG GLE63 S, AMG GLS63, GLE 350, GLE 400 E, GLE 450, GLE 580, GLS 450, GLS 450 4MATIC, GLS 580 4MATIC, GLS450, GLS580, MAYBACH GLS600","2020, 2021, 2022",STRUCTURE:BODY,20220912,20221101,161000,MFR,No,No
22V679000,https://www.nhtsa.gov/vehicle/recalls#?nhtsaId=22V679000,MERCEDES-BENZ,GLB 250,2021,ELECTRONIC STABILITY CONTROL (ESC):CONTROL MODULE,20220912,20221028,4,MFR,No,No
22V675000,https://www.nhtsa.gov/vehicle/recalls#?nhtsaId=22V675000,FORD,F-150,2022,WHEELS:LUGS/NUTS/BOLTS/STUDS,20220908,20220926,1519,MFR,No,No
22V673000,https://www.nhtsa.gov/vehicle/recalls#?nhtsaId=22V673000,AUDI,Q3,"2021, 2022","FUEL SYSTEM, GASOLINE:STORAGE",20220908,20221101,13004,MFR,No,No
22V672000,https://www.nhtsa.gov/vehicle/recalls#?nhtsaId=22V672000,BMW,CE 04,2022,ELECTRICAL SYSTEM:HORN,20220908,20221104,252,MFR,No,No
22V670000,https://www.nhtsa.gov/vehicle/recalls#?nhtsaId=22V670000,BMW,X7,"2019, 2020, 2021, 2022",SEATS,20220907,20221104,246,MFR,No,No
22V662000,https://www.nhtsa.gov/vehicle/recalls#?nhtsaId=22V662000,HONDA,CRF1100 AFRICA TWIN,"2020, 2021",ENGINE AND ENGINE COOLING:ENGINE:ENGINE CONTROL MODULE (ECU/ECM):SOFTWARE,20220901,20221006,1561,MFR,No,No
22V661000,https://www.nhtsa.gov/vehicle/recalls#?nhtsaId=22V661000,"LEXUS, TOYOTA","NX250, NX350, TUNDRA",2022,"SERVICE BRAKES, HYDRAULIC",20220901,20221028,83725,MFR,No,No
22V657000,https://www.nhtsa.gov/vehicle/recalls#?nhtsaId=22V657000,VOLKSWAGEN,"ATLAS, ATLAS CROSS SPORT",2022,TRAILER HITCHES,20220831,20220916,3184,MFR,No,No
22V656000,https://www.nhtsa.gov/vehicle/recalls#?nhtsaId=22V656000,PORSCHE,"BOXSTER, BOXSTER S, CAYENNE, CAYENNE DIESEL, CAYENNE GTS, CAYENNE S, CAYENNE S E-HYBRID, CAYENNE S HYBRID, CAYENNE TRANSSYBERIA, CAYENNE TURBO, CAYENNE TURBO S, CAYMAN S, MACAN, MACAN S, MACAN TURBO, PANAMERA, PANAMERA 4, PANAMERA 4S, PANAMERA GTS, PANAMERA S, PANAMERA S E-HYBRID, PANAMERA S HYBRID, PANAMERA TURBO, PANAMERA TURBO S, redundant CAYENNE S HYBRID","2001, 2002, 2003, 2004, 2005, 2006, 2008, 2009, 2010, 2011, 2012, 2013, 2014, 2015, 2016, 2017, 2018, 2020",EXTERIOR LIGHTING:HEADLIGHTS,20220830,20221028,222858,MFR,No,No
22V651000,https://www.nhtsa.gov/vehicle/recalls#?nhtsaId=22V651000,KIA,SPORTAGE,2023,ELECTRICAL SYSTEM:ALTERNATOR/GENERATOR/REGULATOR,20220829,20220923,19701,MFR,No,No
22V652000,https://www.nhtsa.gov/vehicle/recalls#?nhtsaId=22V652000,AUDI,"A3, RS 3, S3",2022,AIR BAGS:FRONTAL,20220829,20221213,4117,MFR,No,No
22V648000,https://www.nhtsa.gov/vehicle/recalls#?nhtsaId=22V648000,"FORD, LINCOLN","EXPEDITION, NAVIGATOR","2015, 2016, 2017",VISIBILITY:DEFROSTER/DEFOGGER/HVAC SYSTEM:FAN/MOTOR,20220826,20230804,198482,ODI,No,No
22V646000,https://www.nhtsa.gov/vehicle/recalls#?nhtsaId=22V646000,FORD,MUSTANG MACH E,2022,POWER TRAIN:AXLE ASSEMBLY:AXLE SHAFT,20220826,20220919,1175,MFR,No,No
22V644000,https://www.nhtsa.gov/vehicle/recalls#?nhtsaId=22V644000,"FORD, LINCOLN","CONTINENTAL, F-250 SD, F-350 SD, F-450 SD","2017, 2018, 2019, 2020",BACK OVER PREVENTION: SENSING SYSTEM: CAMERA,20220826,20230714,277040,MFR,No,No
22V642000,https://www.nhtsa.gov/vehicle/recalls#?nhtsaId=22V642000,RAM,"2500, 3500, 4500, 5500",2022,ENGINE AND ENGINE COOLING:ENGINE:ENGINE CONTROL MODULE (ECU/ECM),20220826,20221020,4907,MFR,No,No
22V641000,https://www.nhtsa.gov/vehicle/recalls#?nhtsaId=22V641000,RIVIAN,"R1S, R1T",2022,SEAT BELTS:FRONT:ANCHORAGE,20220825,20220930,207,MFR,No,No
22V640000,https://www.nhtsa.gov/vehicle/recalls#?nhtsaId=22V640000,CHEVROLET,"SPARK, SPARK EV","2013, 2014, 2015",LATCHES/LOCKS/LINKAGES:HOOD:LATCH,20220825,20230612,120688,MFR,No,No
22V639000,https://www.nhtsa.gov/vehicle/recalls#?nhtsaId=22V639000,JEEP,GLADIATOR,2022,POWER TRAIN:AUTOMATIC TRANSMISSION:INTERNAL:PARK PAWL,20220825,20220908,11,MFR,No,No
22V638000,https://www.nhtsa.gov/vehicle/recalls#?nhtsaId=22V638000,"JEEP, RAM","1500, GLADIATOR, WRANGLER","2020, 2021",BACK OVER PREVENTION:DISPLAY FUNCTION,20220825,20221006,7895,MFR,No,No
22V632000,https://www.nhtsa.gov/vehicle/recalls#?nhtsaId=22V632000,HYUNDAI,"ELANTRA, ELANTRA N","2022, 2023",AIR BAGS:FRONTAL,20220818,20221014,247,MFR,No,No
22V633000,https://www.nhtsa.gov/vehicle/recalls#?nhtsaId=22V633000,HYUNDAI,PALISADE,"2020, 2021, 2022",TRAILER HITCHES,20220818,20221013,244980,MFR,No,Yes
22V627000,https://www.nhtsa.gov/vehicle/recalls#?nhtsaId=22V627000,HYUNDAI,PALISADE,"2020, 2021",VISIBILITY:WINDSHIELD WIPER/WASHER:MOTOR,20220815,20221213,122949,MFR,No,No
22V626000,https://www.nhtsa.gov/vehicle/recalls#?nhtsaId=22V626000,KIA,TELLURIDE,"2020, 2021, 2022",TRAILER HITCHES,20220815,20230412,36417,MFR,No,Yes
22V623000,https://www.nhtsa.gov/vehicle/recalls#?nhtsaId=22V623000,FORD,F-150,"2021, 2022",STRUCTURE:FRAME AND MEMBERS:UNDERBODY SHIELDS,20220812,20220901,58203,MFR,No,No
22V621000,https://www.nhtsa.gov/vehicle/recalls#?nhtsaId=22V621000,FORD,TRANSIT,2022,BACK OVER PREVENTION:DISPLAY FUNCTION,20220812,20221007,46,MFR,No,No
22V619000,https://www.nhtsa.gov/vehicle/recalls#?nhtsaId=22V619000,CHRYSLER,"PACIFICA, VOYAGER",2022,VISIBILITY:WINDSHIELD WIPER/WASHER:LINKAGES,20220811,20220830,508,MFR,No,No
22V617000,https://www.nhtsa.gov/vehicle/recalls#?nhtsaId=22V617000,"CADILLAC, CHEVROLET, GMC","ESCALADE, ESCALADE ESV, SUBURBAN, TAHOE, YUKON, YUKON XL","2021, 2022",SEAT BELTS:CRITICAL FASTENERS,20220811,20221101,484155,MFR,No,No
22V615000,https://www.nhtsa.gov/vehicle/recalls#?nhtsaId=22V615000,LEXUS,RC F,"2020, 2021, 2022",EQUIPMENT:OTHER:LABELS,20220810,20220928,13,MFR,No,No
22V614000,https://www.nhtsa.gov/vehicle/recalls#?nhtsaId=22V614000,BMW,540D,2018,ENGINE AND ENGINE COOLING:EXHAUST SYSTEM:EMISSION CONTROL:GAS RECIRCULATION VALVE (EGR VALVE),20220810,20221230,298,MFR,No,No
22V612000,https://www.nhtsa.gov/vehicle/recalls#?nhtsaId=22V612000,KIA,"SEDONA, SORENTO",2016,POWER TRAIN:AUTOMATIC TRANSMISSION:LEVER AND LINKAGE:COLUMN SHIFT,20220810,20221007,28065,MFR,No,No
22V594000,https://www.nhtsa.gov/vehicle/recalls#?nhtsaId=22V594000,FORD,MAVERICK,2022,AIR BAGS:SIDE/WINDOW:CURTAIN,20220808,20230130,64974,OVSC,No,No
22V567000,https://www.nhtsa.gov/vehicle/recalls#?nhtsaId=22V567000,AUDI,SQ5,2022,STRUCTURE:BODY:TAILGATE ,20220803,20220928,1,MFR,No,No
22V560000,https://www.nhtsa.gov/vehicle/recalls#?nhtsaId=22V560000,KIA,OPTIMA,"2012, 2013",STRUCTURE:BODY:ROOF AND PILLARS,20220801,20220926,257998,MFR,No,No
22V544000,https://www.nhtsa.gov/vehicle/recalls#?nhtsaId=22V544000,JEEP,"GRAND CHEROKEE, GRAND CHEROKEE 4XE","2021, 2022",EXTERIOR LIGHTING:TAIL LIGHTS,20220728,20230608,99186,MFR,No,No
22V541000,https://www.nhtsa.gov/vehicle/recalls#?nhtsaId=22V541000,BMW,"I4, IX","2022, 2023",ELECTRICAL SYSTEM:PROPULSION SYSTEM:TRACTION BATTERY,20220727,20221223,367,MFR,Yes,Yes
22V543000,https://www.nhtsa.gov/vehicle/recalls#?nhtsaId=22V543000,"AUDI, VOLKSWAGEN","A3, A3 SPORTBACK E-TRON, E-GOLF, GOLF, GOLF R, GOLF SPORTWAGEN, GTI, R8, S3, TT",2016,AIR BAGS:FRONTAL:PASSENGER SIDE:INFLATOR MODULE,20220727,20221216,1216,ODI,No,No
22V542000,https://www.nhtsa.gov/vehicle/recalls#?nhtsaId=22V542000,VOLKSWAGEN,"GOLF R, GTI",2022,VISIBILITY:SUN/MOON ROOF ASSEMBLY,20220727,20220922,2238,MFR,No,No
22V528000,https://www.nhtsa.gov/vehicle/recalls#?nhtsaId=22V528000,FORD,"F-53, F-59",2022,STEERING: STEERING WHEEL/HANDLE BAR,20220722,20220919,692,MFR,No,No
22V533000,https://www.nhtsa.gov/vehicle/recalls#?nhtsaId=22V533000,MERCEDES-BENZ,"AMG CLS53, AMG E53, AMG GT43, AMG GT53","2019, 2020, 2021, 2022",ELECTRICAL SYSTEM:WIRING,20220722,20221014,16977,MFR,No,No
22V526000,https://www.nhtsa.gov/vehicle/recalls#?nhtsaId=22V526000,TESLA,MODEL S,2022,AIR BAGS:FRONTAL,20220721,20220919,5,MFR,No,No
22V520000,https://www.nhtsa.gov/vehicle/recalls#?nhtsaId=22V520000,TOYOTA,TACOMA,"2022, 2023",CHILD SEAT:VEHICLE LATCH ANCHOR,20220721,20220915,75316,MFR,No,No
22V519000,https://www.nhtsa.gov/vehicle/recalls#?nhtsaId=22V519000,TOYOTA,"RAV4, RAV4 HYBRID, RAV4 PRIME",2022,AIR BAGS:SENSOR:OCCUPANT CLASSIFICATION:FRONT PASSENGER,20220721,20220912,3533,MFR,No,No
22V514000,https://www.nhtsa.gov/vehicle/recalls#?nhtsaId=22V514000,VOLKSWAGEN,"ARTEON, ATLAS, ATLAS CROSS SPORT, GLI, GTI, JETTA, TAOS, TIGUAN","2021, 2022",EQUIPMENT:ELECTRICAL:INFOTAINMENT:SOFTWARE,20220720,20220802,43091,MFR,No,No
22V513000,https://www.nhtsa.gov/vehicle/recalls#?nhtsaId=22V513000,BMW,"228I, X1, X3",2022,"FUEL SYSTEM, GASOLINE:FUEL INJECTION SYSTEM:FUEL RAIL",20220720,20220919,5,MFR,No,No
22V515000,https://www.nhtsa.gov/vehicle/recalls#?nhtsaId=22V515000,AUDI,"A3, S3",2022,SEAT BELTS:PRETENSIONER,20220720,20221115,2584,MFR,No,No
22V516000,https://www.nhtsa.gov/vehicle/recalls#?nhtsaId=22V516000,AUDI,"Q7, Q8","2019, 2020, 2021","FUEL SYSTEM, GASOLINE:DELIVERY:FUEL PUMP",20220720,20221222,49443,MFR,No,No
22V509000,https://www.nhtsa.gov/vehicle/recalls#?nhtsaId=22V509000,KIA,"SORENTO, TELLURIDE",2022,TIRES:TEMPORARY/EMERGENCY SPARE TIRE,20220719,20220727,8,MFR,No,No
22V504000,https://www.nhtsa.gov/vehicle/recalls#?nhtsaId=22V504000,"CHRYSLER, DODGE","300, CHALLENGER, CHARGER",2022,TIRES:PRESSURE MONITORING AND REGULATING SYSTEMS,20220714,20220802,52340,MFR,No,No
22V501000,https://www.nhtsa.gov/vehicle/recalls#?nhtsaId=22V501000,TOYOTA,"TUNDRA, TUNDRA HYBRID",2022,BACK OVER PREVENTION:DISPLAY FUNCTION,20220713,20220805,31428,MFR,No,No
22V494000,https://www.nhtsa.gov/vehicle/recalls#?nhtsaId=22V494000,MERCEDES-BENZ,GLC 350 E,2020,POWER TRAIN:AUTOMATIC TRANSMISSION,20220711,20220826,1168,MFR,No,No
22V493000,https://www.nhtsa.gov/vehicle/recalls#?nhtsaId=22V493000,MERCEDES-BENZ,"AMG EQS 53, EQS 450, EQS 580, S 500, S 580","2021, 2022",BACK OVER PREVENTION:DISPLAY FUNCTION,20220711,20220819,8530,MFR,No,No
22V491000,https://www.nhtsa.gov/vehicle/recalls#?nhtsaId=22V491000,MERCEDES-BENZ,SPRINTER 2500,2021,ELECTRICAL SYSTEM:WIRING,20220711,20220810,2,MFR,No,No
22V484000,https://www.nhtsa.gov/vehicle/recalls#?nhtsaId=22V484000,"FORD, LINCOLN","CORSAIR, ESCAPE, MAVERICK","2020, 2021, 2022",STRUCTURE:BODY:BUMPERS:ACTIVE SHUTTERS/GRILL,20220707,20220819,100689,MFR,No,No
22V483000,https://www.nhtsa.gov/vehicle/recalls#?nhtsaId=22V483000,BMW,"I4, IX","2022, 2023",ELECTRICAL SYSTEM: INSTRUMENT CLUSTER/PANEL,20220707,20220906,6930,MFR,No,No
22V482000,https://www.nhtsa.gov/vehicle/recalls#?nhtsaId=22V482000,MERCEDES-BENZ,METRIS,"2016, 2017, 2018",TIRES,20220707,20240419,24359,MFR,No,No
22V480000,https://www.nhtsa.gov/vehicle/recalls#?nhtsaId=22V480000,TOYOTA,4RUNNER,"2020, 2021, 2022",EQUIPMENT:OTHER:LABELS,20220706,20220901,280,MFR,No,No
22V467000,https://www.nhtsa.gov/vehicle/recalls#?nhtsaId=22V467000,MERCEDES-BENZ,"AMG EQS 53, EQS 450, EQS 580",2022,STRUCTURE:BODY:BUMPERS,20220701,20220824,2526,MFR,No,No
22V466000,https://www.nhtsa.gov/vehicle/recalls#?nhtsaId=22V466000,MERCEDES-BENZ,"GLS 450, GLS 580 4MATIC",2020,AIR BAGS:FRONTAL,20220701,20220822,81,MFR,No,No
22V471000,https://www.nhtsa.gov/vehicle/recalls#?nhtsaId=22V471000,AUDI,"A4, A8","1997, 1998",AIR BAGS:FRONTAL:DRIVER SIDE:INFLATOR MODULE,20220701,20210921,28624,ODI,No,No
22V463000,https://www.nhtsa.gov/vehicle/recalls#?nhtsaId=22V463000,"CHEVROLET, GMC","SIERRA 1500, SILVERADO 1500",2022,EXTERIOR LIGHTING:BRAKE LIGHTS,20220630,20230127,242,MFR,No,No
22V465000,https://www.nhtsa.gov/vehicle/recalls#?nhtsaId=22V465000,BUICK,REGAL,"2018, 2019, 2020","SERVICE BRAKES, HYDRAULIC:POWER ASSIST:ELECTRIC:CONTROL MODULE:SOFTWARE",20220630,20220916,23734,MFR,No,No
22V459000,https://www.nhtsa.gov/vehicle/recalls#?nhtsaId=22V459000,HYUNDAI,"IONIQ HYBRID, IONIQ PLUG-IN HYBRID","2017, 2018",HYBRID PROPULSION SYSTEM: INVERTER,20220628,20220823,10575,MFR,No,No
22V458000,https://www.nhtsa.gov/vehicle/recalls#?nhtsaId=22V458000,HYUNDAI,VENUE,"2020, 2021, 2026",SEAT BELTS:FRONT,20220627,20221025,72142,MFR,No,No
22V455000,https://www.nhtsa.gov/vehicle/recalls#?nhtsaId=22V455000,LINCOLN,NAVIGATOR,2022,EXTERIOR LIGHTING:LIGHTING CONTROL MODULE:SOFTWARE,20220624,20220713,965,MFR,No,No
22V454000,https://www.nhtsa.gov/vehicle/recalls#?nhtsaId=22V454000,"FORD, LINCOLN","AVIATOR, EXPLORER",2022,ENGINE,20220624,20220822,776,MFR,No,No
22V453000,https://www.nhtsa.gov/vehicle/recalls#?nhtsaId=22V453000,FORD,F-150 LIGHTNING BEV,2022,TIRES:PRESSURE MONITORING AND REGULATING SYSTEMS,20220624,20220720,2666,MFR,No,No
22V451000,https://www.nhtsa.gov/vehicle/recalls#?nhtsaId=22V451000,FORD,"BRONCO, RANGER",2022,VISIBILITY:WINDSHIELD,20220624,20220718,63294,MFR,No,No
22V446000,https://www.nhtsa.gov/vehicle/recalls#?nhtsaId=22V446000,"CADILLAC, GMC","ACADIA, XT5, XT6",2022,"FUEL SYSTEM, GASOLINE:STORAGE:TANK ASSEMBLY",20220623,20220727,228,MFR,No,No
22V444000,https://www.nhtsa.gov/vehicle/recalls#?nhtsaId=22V444000,TOYOTA,BZ4X,2023,WHEELS:HUB,20220623,20221130,661,MFR,Yes,No
22V445000,https://www.nhtsa.gov/vehicle/recalls#?nhtsaId=22V445000,TOYOTA,"TUNDRA, TUNDRA HYBRID",2022,POWER TRAIN:AXLE ASSEMBLY:AXLE SHAFT,20220623,20220805,46176,MFR,No,No
22V447000,https://www.nhtsa.gov/vehicle/recalls#?nhtsaId=22V447000,KIA,"SORENTO HYBRID, SORENTO PHEV","2021, 2022",SEAT BELTS:PRETENSIONER,20220623,20220817,17199,MFR,No,No
22V449000,https://www.nhtsa.gov/vehicle/recalls#?nhtsaId=22V449000,HONDA,GL1800,"2020, 2021, 2022",ENGINE AND ENGINE COOLING:ENGINE:ENGINE CONTROL MODULE (ECU/ECM):SOFTWARE,20220623,20220728,1740,MFR,No,No
22V430000,https://www.nhtsa.gov/vehicle/recalls#?nhtsaId=22V430000,HONDA,RIDGELINE,"2006, 2007, 2008, 2009, 2010, 2011, 2012, 2013, 2014",STRUCTURE:FRAME AND MEMBERS,20220616,20220809,132882,MFR,No,No
22V427000,https://www.nhtsa.gov/vehicle/recalls#?nhtsaId=22V427000,"CADILLAC, GMC","ACADIA, XT5, XT6",2022,SUSPENSION:REAR,20220616,20220711,736,MFR,No,No
22V415000,https://www.nhtsa.gov/vehicle/recalls#?nhtsaId=22V415000,FORD,TRANSIT,2022,ELECTRICAL SYSTEM: INSTRUMENT CLUSTER/PANEL,20220610,20220728,30467,MFR,No,No
22V414000,https://www.nhtsa.gov/vehicle/recalls#?nhtsaId=22V414000,FORD,F-150,2021,"FUEL SYSTEM, GASOLINE:STORAGE",20220610,20220701,1,MFR,No,No
22V413000,https://www.nhtsa.gov/vehicle/recalls#?nhtsaId=22V413000,FORD,"C-MAX, EDGE, ESCAPE, FUSION, TRANSIT CONNECT","2013, 2014, 2015, 2016, 2017, 2018, 2019, 2020, 2021",POWER TRAIN:SHIFT LINKAGE/CABLE/ROD,20220610,20221027,2925968,MFR,No,No
22V412000,https://www.nhtsa.gov/vehicle/recalls#?nhtsaId=22V412000,FORD,MUSTANG MACH E,"2021, 2022",ELECTRICAL SYSTEM:PROPULSION SYSTEM:TRACTION BATTERY:MANAGEMENT SYSTEM/ENERGY CONTROL MODULE (BMS/BECM):SOFTWARE,20220610,20220708,48924,MFR,No,No
22V411000,https://www.nhtsa.gov/vehicle/recalls#?nhtsaId=22V411000,FORD,BRONCO,"2021, 2022",LATCHES/LOCKS/LINKAGES:DOORS:LOCK,20220610,20220628,53103,MFR,No,No
22V426000,https://www.nhtsa.gov/vehicle/recalls#?nhtsaId=22V426000,"DODGE, JEEP","DURANGO, GRAND CHEROKEE","2018, 2019","SERVICE BRAKES, HYDRAULIC:ANTILOCK/TRACTION CONTROL/ELECTRONIC LIMITED SLIP:CONTROL UNIT/MODULE ",20220609,20221129,206502,MFR,No,No
22V407000,https://www.nhtsa.gov/vehicle/recalls#?nhtsaId=22V407000,RAM,"1500, 2500, 3500",2022,BACK OVER PREVENTION:DISPLAY FUNCTION,20220609,20220705,117413,MFR,No,No
22V406000,https://www.nhtsa.gov/vehicle/recalls#?nhtsaId=22V406000,"JEEP, RAM","1500, GRAND CHEROKEE","2014, 2015, 2016, 2017, 2018, 2019, 2020","FUEL SYSTEM, DIESEL:DELIVERY:FUEL PUMP",20220609,20240111,138645,MFR,No,No
22V404000,https://www.nhtsa.gov/vehicle/recalls#?nhtsaId=22V404000,PORSCHE,TAYCAN,"2020, 2021, 2022",BACK OVER PREVENTION: SENSING SYSTEM: CAMERA,20220608,20220805,12490,MFR,No,No
22V392000,https://www.nhtsa.gov/vehicle/recalls#?nhtsaId=22V392000,CADILLAC,XT6,2022,"SERVICE BRAKES, HYDRAULIC:FLUID",20220602,20220630,237,MFR,No,No
22V384000,https://www.nhtsa.gov/vehicle/recalls#?nhtsaId=22V384000,FORD,"E-150, E-250, E-350, E-450, F-250 SD, F-350 SD, F-450 SD, F-550 SD, F-600 SD, TRANSIT","2022, 2023",EQUIPMENT:OTHER:LABELS,20220527,20220706,5247,MFR,No,No
22V382000,https://www.nhtsa.gov/vehicle/recalls#?nhtsaId=22V382000,FORD,MUSTANG,"2019, 2020",POWER TRAIN:AUTOMATIC TRANSMISSION:CONTROL MODULE (TCM/PCM/TECM),20220527,20220615,25032,MFR,No,No
22V380000,https://www.nhtsa.gov/vehicle/recalls#?nhtsaId=22V380000,HONDA,CR-V,2020,"FUEL SYSTEM, GASOLINE:STORAGE:TANK ASSEMBLY",20220526,20220705,212,MFR,No,No
22V375000,https://www.nhtsa.gov/vehicle/recalls#?nhtsaId=22V375000,"CHEVROLET, GMC","CANYON, COLORADO",2022,SEATS:CRITICAL FASTENERS,20220526,20220706,1631,MFR,No,No
22V368000,https://www.nhtsa.gov/vehicle/recalls#?nhtsaId=22V368000,AUDI,"A4, A6, Q5 SPORTBACK",2022,ENGINE AND ENGINE COOLING:ENGINE:ENGINE CONTROL MODULE (ECU/ECM),20220523,20220718,72,MFR,No,No
22V365000,https://www.nhtsa.gov/vehicle/recalls#?nhtsaId=22V365000,MERCEDES-BENZ,"A 220, AMG A35, AMG C43, AMG C63, AMG CLA35, AMG CLA45, AMG CLS53, AMG E53, AMG E63, AMG G63, AMG GLA35, AMG GLA45, AMG GLB35, AMG GLC43, AMG GLC63, AMG GLE43, AMG GLE53, AMG GLE63, AMG GLS63, AMG GT, AMG GT C, AMG GT R, AMG GT S, AMG S63, AMG S65, AMG SL63, AMG SLC43, C 300, CLA 250, CLA250, CLS 450, E 300, E 350, E 450, G 550, GLA 250, GLB 250, GLC 300, GLC 350, GLE 350, GLE 400, GLE 450, GLE 580, GLS 450, GLS 450 4MATIC, GLS 550, GLS 580 4MATIC, GLS450, GLS580, S 450, S 500, S 560, S 580, S560, SL 450, SL 550, SLC 300","2017, 2018, 2019, 2020, 2021, 2022",ELECTRICAL SYSTEM:SOFTWARE,20220520,20220708,242722,MFR,No,No
22V364000,https://www.nhtsa.gov/vehicle/recalls#?nhtsaId=22V364000,CHEVROLET,"4500HD, 5500HD, 6500HD",2022,PARKING BRAKE,20220520,20220623,39,MFR,No,No
22V360000,https://www.nhtsa.gov/vehicle/recalls#?nhtsaId=22V360000,MERCEDES-BENZ,"METRIS, SPRINTER 1500, SPRINTER 2500, SPRINTER 3500, SPRINTER 4500","2019, 2020, 2021",COMMUNICATION: AUTO CRASH NOTIFICATION,20220520,20221013,19937,MFR,No,No
22V359000,https://www.nhtsa.gov/vehicle/recalls#?nhtsaId=22V359000,"CADILLAC, CHEVROLET","BLAZER, EQUINOX, MALIBU, XT4","2021, 2022",SEATS,20220519,20220623,221,MFR,No,No
22V354000,https://www.nhtsa.gov/vehicle/recalls#?nhtsaId=22V354000,HYUNDAI,"ACCENT, ELANTRA, ELANTRA HYBRID","2020, 2021, 2022",SEAT BELTS:FRONT,20220519,20220829,230233,MFR,No,No
22V353000,https://www.nhtsa.gov/vehicle/recalls#?nhtsaId=22V353000,HYUNDAI,PALISADE,2022,ELECTRICAL SYSTEM: INSTRUMENT CLUSTER/PANEL,20220518,20220715,158,MFR,No,No
22V346000,https://www.nhtsa.gov/vehicle/recalls#?nhtsaId=22V346000,"FORD, LINCOLN","EXPEDITION, NAVIGATOR",2021,ENGINE,20220517,20220721,66221,MFR,No,Yes
22V344000,https://www.nhtsa.gov/vehicle/recalls#?nhtsaId=22V344000,KIA,TELLURIDE,2022,ELECTRICAL SYSTEM: INSTRUMENT CLUSTER/PANEL,20220517,20220715,3596,MFR,No,No
22V333000,https://www.nhtsa.gov/vehicle/recalls#?nhtsaId=22V333000,FORD,MUSTANG MACH E,2021,POWER TRAIN:AUTOMATIC TRANSMISSION:CONTROL MODULE:SOFTWARE,20220513,20220609,464,MFR,No,No
22V331000,https://www.nhtsa.gov/vehicle/recalls#?nhtsaId=22V331000,"FORD, LINCOLN","CORSAIR, ESCAPE","2020, 2021",ELECTRICAL SYSTEM:PROPULSION SYSTEM:TRACTION BATTERY,20220513,20220808,27,MFR,No,No
22V334000,https://www.nhtsa.gov/vehicle/recalls#?nhtsaId=22V334000,FORD,MUSTANG,2022,FORWARD COLLISION AVOIDANCE: SENSING SYSTEM: CAMERA,20220513,20220527,32,MFR,No,No
22V337000,https://www.nhtsa.gov/vehicle/recalls#?nhtsaId=22V337000,FORD,"F-250 SD, F-350 SD, F-450 SD, F-550 SD",2016,AIR BAGS:FRONTAL:DRIVER CLOCKSPRING/SPIRAL CASSETTE,20220513,20230710,310203,MFR,No,No
22V327000,https://www.nhtsa.gov/vehicle/recalls#?nhtsaId=22V327000,JEEP,GRAND CHEROKEE 4XE,2022,EXTERIOR LIGHTING:HAZARD FLASHING WARNING LIGHTS,20220512,20220526,20,MFR,No,No
22V326000,https://www.nhtsa.gov/vehicle/recalls#?nhtsaId=22V326000,JEEP,WRANGLER,2022,EXTERIOR LIGHTING,20220512,20220526,16,MFR,No,No
22V324000,https://www.nhtsa.gov/vehicle/recalls#?nhtsaId=22V324000,HYUNDAI,IONIQ 5,2022,PARKING BRAKE:ELECTRICAL:CONTROL MODULE:SOFTWARE,20220511,20220714,10729,MFR,No,No
22V322000,https://www.nhtsa.gov/vehicle/recalls#?nhtsaId=22V322000,KIA,EV6,2022,PARKING BRAKE:ELECTRICAL:CONTROL MODULE:SOFTWARE,20220511,20220525,9014,MFR,No,No
22V319000,https://www.nhtsa.gov/vehicle/recalls#?nhtsaId=22V319000,RIVIAN,R1T,2022,AIR BAGS:SENSOR:OCCUPANT CLASSIFICATION:FRONT PASSENGER,20220510,20220706,473,MFR,No,No
22V317000,https://www.nhtsa.gov/vehicle/recalls#?nhtsaId=22V317000,TESLA,"MODEL 3, MODEL Y",2021,FORWARD COLLISION AVOIDANCE: AUTOMATIC EMERGENCY BRAKING,20220509,20220708,7,MFR,No,No
22V315000,https://www.nhtsa.gov/vehicle/recalls#?nhtsaId=22V315000,MERCEDES-BENZ,"AMG ML63, GL350, GL450, GL550, ML350, ML450, ML550, R350, R550","2006, 2007, 2008, 2009, 2010, 2011, 2012","SERVICE BRAKES, HYDRAULIC:POWER ASSIST:VACUUM",20220509,20220630,350294,MFR,Yes,No
22V314000,https://www.nhtsa.gov/vehicle/recalls#?nhtsaId=22V314000,MERCEDES-BENZ,GLB 250,2021,SUSPENSION:REAR,20220509,20220610,88,MFR,No,No
22V310000,https://www.nhtsa.gov/vehicle/recalls#?nhtsaId=22V310000,TOYOTA,"4RUNNER, HIGHLANDER, HIGHLANDER HYBRID, TACOMA",2022,EQUIPMENT:OTHER:LABELS,20220506,20220630,661,MFR,No,No
22V312000,https://www.nhtsa.gov/vehicle/recalls#?nhtsaId=22V312000,HYUNDAI,SONATA,"2013, 2014","FUEL SYSTEM, GASOLINE:DELIVERY:HOSES, LINES/PIPING, AND FITTINGS",20220506,20221010,215171,MFR,No,No
22V311000,https://www.nhtsa.gov/vehicle/recalls#?nhtsaId=22V311000,HYUNDAI,ACCENT,"2021, 2022",STEERING:COLUMN,20220506,20220705,2,MFR,No,No
22V304000,https://www.nhtsa.gov/vehicle/recalls#?nhtsaId=22V304000,KIA,"FORTE, RIO","2021, 2022",STEERING:COLUMN,20220505,20220527,30,MFR,No,No
22V296000,https://www.nhtsa.gov/vehicle/recalls#?nhtsaId=22V296000,TESLA,"MODEL 3, MODEL S, MODEL X, MODEL Y","2021, 2022",EQUIPMENT:ELECTRICAL:INFOTAINMENT:VIDEO (TOUCH)SCREEN/MONITOR/UNIT,20220503,20220701,129960,MFR,No,No
22V285000,https://www.nhtsa.gov/vehicle/recalls#?nhtsaId=22V285000,TOYOTA,TUNDRA,2022,BACK OVER PREVENTION:DISPLAY FUNCTION,20220428,20220602,18101,MFR,No,No
22V284000,https://www.nhtsa.gov/vehicle/recalls#?nhtsaId=22V284000,"DODGE, JEEP","DURANGO, GRAND CHEROKEE, GRAND CHEROKEE 4XE","2021, 2022",ENGINE AND ENGINE COOLING:EXHAUST SYSTEM:EMISSION CONTROL:GAS RECIRCULATION VALVE (EGR VALVE),20220428,20220623,1308,MFR,No,No
22V281000,https://www.nhtsa.gov/vehicle/recalls#?nhtsaId=22V281000,MERCEDES-BENZ,"SPRINTER 1500, SPRINTER 2500, SPRINTER 3500, SPRINTER 4500","2019, 2020, 2021",BACK OVER PREVENTION:DISPLAY FUNCTION,20220427,20220720,12086,MFR,No,No
22V278000,https://www.nhtsa.gov/vehicle/recalls#?nhtsaId=22V278000,PORSCHE,TAYCAN,"2020, 2021",SEATS,20220426,20220722,9570,MFR,No,No
22V267000,https://www.nhtsa.gov/vehicle/recalls#?nhtsaId=22V267000,BMW,"430I, M440I, X5, X6, X7","2019, 2020, 2021, 2022, 2023",VISIBILITY:SUN/MOON ROOF ASSEMBLY,20220420,20220620,61221,MFR,No,No
22V264000,https://www.nhtsa.gov/vehicle/recalls#?nhtsaId=22V264000,TESLA,MODEL X,2022,SEATS:MID/REAR ASSEMBLY,20220418,20220428,1,MFR,No,No
22V263000,https://www.nhtsa.gov/vehicle/recalls#?nhtsaId=22V263000,TESLA,MODEL 3,"2018, 2019, 2020, 2021, 2022",ELECTRICAL SYSTEM: INSTRUMENT CLUSTER/PANEL,20220418,20220617,48184,MFR,No,No
22V261000,https://www.nhtsa.gov/vehicle/recalls#?nhtsaId=22V261000,MERCEDES-BENZ,"AMG GLC43, AMG GLC63, AMG GLC63 S, GLC 300",2021,EXTERIOR LIGHTING:HEADLIGHTS,20220415,20220603,129,MFR,No,No
22V250000,https://www.nhtsa.gov/vehicle/recalls#?nhtsaId=22V250000,"FORD, LINCOLN","EXPEDITION, F-150, F-250 SD, F-350 SD, F-450 SD, F-550 SD, NAVIGATOR","2020, 2021, 2022",VISIBILITY:WINDSHIELD WIPER/WASHER:LINKAGES,20220414,20221021,652996,MFR,No,No
22V246000,https://www.nhtsa.gov/vehicle/recalls#?nhtsaId=22V246000,"BUICK, CHEVROLET, GMC","ACADIA, ENCLAVE, TRAVERSE",2015,AIR BAGS:FRONTAL:DRIVER SIDE:INFLATOR MODULE,20220414,20230223,2687,ODI,No,No
22V247000,https://www.nhtsa.gov/vehicle/recalls#?nhtsaId=22V247000,LINCOLN,AVIATOR,2022,SEATS:FRONT ASSEMBLY:HEAD RESTRAINT,20220414,20220729,933,MFR,No,No
22V248000,https://www.nhtsa.gov/vehicle/recalls#?nhtsaId=22V248000,JEEP,COMPASS,2022,SEATS:FRONT ASSEMBLY:HEAD RESTRAINT,20220414,20220603,114,MFR,No,No
22V249000,https://www.nhtsa.gov/vehicle/recalls#?nhtsaId=22V249000,JEEP,GRAND CHEROKEE 4XE,2022,EXTERIOR LIGHTING:TURN SIGNAL,20220414,20220428,65,MFR,No,No
22V256000,https://www.nhtsa.gov/vehicle/recalls#?nhtsaId=22V256000,FORD,"F-250 SD, F-350 SD, F-450 SD, F-550 SD",2020,POWER TRAIN:AUTOMATIC TRANSMISSION,20220414,20230419,23165,MFR,No,No
22V252000,https://www.nhtsa.gov/vehicle/recalls#?nhtsaId=22V252000,FORD,"F-150, F-250 SD, F-350 SD, F-450 SD, F-550 SD",2019,BACK OVER PREVENTION: SENSING SYSTEM: CAMERA,20220414,20220602,21904,MFR,No,No
22V253000,https://www.nhtsa.gov/vehicle/recalls#?nhtsaId=22V253000,FORD,F-150,2022,STEERING:COLUMN,20220414,20220728,19175,MFR,No,No
22V254000,https://www.nhtsa.gov/vehicle/recalls#?nhtsaId=22V254000,FORD,ESCAPE,2015,POWER TRAIN:SHIFT LINKAGE/CABLE/ROD,20220414,20220527,96015,MFR,No,No
22V255000,https://www.nhtsa.gov/vehicle/recalls#?nhtsaId=22V255000,FORD,"EXPLORER HYBRID, EXPLORER INTERCEPT HYBRID, EXPLORER PHEV, EXPLORER POLICE INTERCEPT","2020, 2021, 2022",POWER TRAIN:AXLE ASSEMBLY,20220414,20220609,252936,MFR,No,No
22V258000,https://www.nhtsa.gov/vehicle/recalls#?nhtsaId=22V258000,HYUNDAI,NEXO,"2019, 2020, 2021",ELECTRICAL SYSTEM:PROPULSION SYSTEM:FUEL CELL,20220414,20220812,922,MFR,No,Yes
22V238000,https://www.nhtsa.gov/vehicle/recalls#?nhtsaId=22V238000,LEXUS,"NX250, NX350, NX350H, NX450H+",2022,SUSPENSION:FRONT:SHOCK ABSORBER,20220413,20220610,4215,MFR,No,No
22V239000,https://www.nhtsa.gov/vehicle/recalls#?nhtsaId=22V239000,"LEXUS, TOYOTA","HIGHLANDER HYBRID, LS HYBRID, LX600, MIRAI, NX350H, NX450H+, RAV4 HYBRID, RAV4 PRIME, SIENNA HYBRID, VENZA HYBRID, redundant SIENNA, redundant VENZA","2020, 2021, 2022",ELECTRONIC STABILITY CONTROL (ESC):CONTROL MODULE:SOFTWARE,20220413,20220527,458110,MFR,No,No
22V240000,https://www.nhtsa.gov/vehicle/recalls#?nhtsaId=22V240000,BMW,IX,"2022, 2023",AIR BAGS: AIR BAG/RESTRAINT CONTROL MODULE:SOFTWARE,20220413,20220613,3166,MFR,No,No
22V245000,https://www.nhtsa.gov/vehicle/recalls#?nhtsaId=22V245000,VOLKSWAGEN,"ATLAS, ATLAS CROSS SPORT","2021, 2022","FUEL SYSTEM, GASOLINE:FUEL INJECTION SYSTEM:INJECTORS",20220413,20220720,1382,MFR,No,No
22V235000,https://www.nhtsa.gov/vehicle/recalls#?nhtsaId=22V235000,TESLA,"MODEL 3, MODEL S, MODEL X, MODEL Y","2017, 2018, 2019, 2020, 2021, 2022",FORWARD COLLISION AVOIDANCE: WARNINGS:EXTERNAL/PEDESTRIAN ALERT,20220412,20220606,594894,OVSC,No,No
22V233000,https://www.nhtsa.gov/vehicle/recalls#?nhtsaId=22V233000,TESLA,MODEL X,"2021, 2022",AIR BAGS:SIDE/WINDOW:CURTAIN,20220408,20220816,7289,MFR,No,No
22V232000,https://www.nhtsa.gov/vehicle/recalls#?nhtsaId=22V232000,MERCEDES-BENZ,"A 220, AMG A35, AMG C43, AMG C63, AMG C63 S, AMG CLA35, AMG CLA45, AMG CLS53, AMG E53, AMG GLA35, AMG GLA45, AMG GLB35, AMG GLC43, AMG GLC63, AMG GLC63 S, C 300, C 350 E, CLA 250, CLS 450, E 300, E 350, E 400, E 450, GLA 250, GLB 250, GLC 300, GLC 350 E, GLE 350, GLE 450, GLS 450","2018, 2019, 2020, 2021",BACK OVER PREVENTION:DISPLAY FUNCTION,20220408,20220715,126443,MFR,No,No
22V231000,https://www.nhtsa.gov/vehicle/recalls#?nhtsaId=22V231000,MERCEDES-BENZ,"AMG GLE53, AMG GLE63, AMG GLS63, GLE 450, GLE 580, GLS 450, GLS 450 4MATIC, GLS 580 4MATIC, GLS450, GLS580, MAYBACH GLS600","2020, 2021, 2022",ELECTRICAL SYSTEM:WIRING:INTERIOR/UNDER DASH,20220408,20220708,21306,MFR,No,No
22V228000,https://www.nhtsa.gov/vehicle/recalls#?nhtsaId=22V228000,HYUNDAI,NEXO,2019,"FUEL SYSTEM, OTHER:STORAGE:TANK ASSEMBLY:FILLING/CHARGING",20220407,20220921,54,MFR,No,Yes
22V224000,https://www.nhtsa.gov/vehicle/recalls#?nhtsaId=22V224000,AUDI,"A3, S3",2022,CHILD SEAT:VEHICLE LATCH ANCHOR,20220406,20220524,466,MFR,No,No
22E031000,https://www.nhtsa.gov/vehicle/recalls#?nhtsaId=22E031000,VOLKSWAGEN,ACCESSORY SPOILER,9999,STRUCTURE:BODY,20220406,20220603,275,MFR,No,No
22V225000,https://www.nhtsa.gov/vehicle/recalls#?nhtsaId=22V225000,AUDI,R8,"2021, 2022",POWER TRAIN:MANUAL TRANSMISSION:LUBRICANT,20220406,20220422,8,MFR,No,No
22V226000,https://www.nhtsa.gov/vehicle/recalls#?nhtsaId=22V226000,VOLKSWAGEN,TIGUAN,"2018, 2019, 2020, 2021, 2022",STRUCTURE:BODY,20220406,20220603,6553,MFR,No,No
22V214000,https://www.nhtsa.gov/vehicle/recalls#?nhtsaId=22V214000,MERCEDES-BENZ,"S 500, S 580",2021,STEERING:COLUMN,20220401,20220513,4,MFR,No,No
22V218000,https://www.nhtsa.gov/vehicle/recalls#?nhtsaId=22V218000,HYUNDAI,"ACCENT, ELANTRA","2020, 2021, 2022",SEAT BELTS:FRONT,20220401,20220519,6240,MFR,No,No
22V210000,https://www.nhtsa.gov/vehicle/recalls#?nhtsaId=22V210000,"BUICK, CHEVROLET","ENCLAVE, TRAVERSE","2020, 2021, 2022",AIR BAGS:SIDE/WINDOW:CURTAIN,20220331,20220429,89,MFR,No,No
22V202000,https://www.nhtsa.gov/vehicle/recalls#?nhtsaId=22V202000,KIA,SORENTO,2022,ENGINE AND ENGINE COOLING:ENGINE:GASOLINE:TURBO/SUPERCHARGER,20220329,20220422,26,MFR,No,No
22V197000,https://www.nhtsa.gov/vehicle/recalls#?nhtsaId=22V197000,HYUNDAI,"SANTA CRUZ, SANTA FE",2022,"ENGINE AND ENGINE COOLING:ENGINE:OIL/LUBRICATION:PIPES, HOSES, AND FITTINGS",20220328,20220526,16,MFR,No,No
22V194000,https://www.nhtsa.gov/vehicle/recalls#?nhtsaId=22V194000,MERCEDES-BENZ,"S 500, S 580",2022,SUSPENSION:SUBFRAME/MOUNTING BRACKET,20220328,20220408,12,MFR,Yes,No
22V196000,https://www.nhtsa.gov/vehicle/recalls#?nhtsaId=22V196000,"GENESIS, HYUNDAI","G70, SONATA, SONATA HYBRID","2019, 2020",LATCHES/LOCKS/LINKAGES:TRUNK LID:LATCH,20220328,20220526,63461,MFR,No,No
22V152000,https://www.nhtsa.gov/vehicle/recalls#?nhtsaId=22V152000,VOLKSWAGEN,"ATLAS, ATLAS CROSS SPORT","2019, 2020, 2021, 2022, 2023",AIR BAGS:SIDE/WINDOW,20220328,20220622,222892,MFR,No,No
22V188000,https://www.nhtsa.gov/vehicle/recalls#?nhtsaId=22V188000,FORD,F-150,2021,POWER TRAIN:AUTOMATIC TRANSMISSION:CONTROL MODULE (TCM/PCM/TECM),20220325,20220412,47084,MFR,No,No
22V183000,https://www.nhtsa.gov/vehicle/recalls#?nhtsaId=22V183000,FORD,TRANSIT,2022,BACK OVER PREVENTION:DISPLAY FUNCTION,20220325,20220412,119,MFR,No,No
22V186000,https://www.nhtsa.gov/vehicle/recalls#?nhtsaId=22V186000,FORD,TRANSIT,2022,BACK OVER PREVENTION:DISPLAY FUNCTION,20220325,20220407,305,MFR,No,No
22V187000,https://www.nhtsa.gov/vehicle/recalls#?nhtsaId=22V187000,LINCOLN,AVIATOR PHEV,2022,HYBRID PROPULSION SYSTEM,20220325,20220502,585,MFR,No,No
22V190000,https://www.nhtsa.gov/vehicle/recalls#?nhtsaId=22V190000,MERCEDES-BENZ,"EQS 450, EQS 580",2022,COMMUNICATION: AUTO CRASH NOTIFICATION,20220325,20220401,8,MFR,No,No
22V191000,https://www.nhtsa.gov/vehicle/recalls#?nhtsaId=22V191000,FORD,"BRONCO SPORT, ESCAPE","2020, 2021, 2022",ENGINE AND ENGINE COOLING:ENGINE:OIL/LUBRICATION,20220325,20220418,345451,MFR,No,No
22V192000,https://www.nhtsa.gov/vehicle/recalls#?nhtsaId=22V192000,FORD,TRANSIT CONNECT,"2016, 2020",VISIBILITY:WINDSHIELD,20220325,20220511,39720,MFR,No,No
22V193000,https://www.nhtsa.gov/vehicle/recalls#?nhtsaId=22V193000,"FORD, LINCOLN","EXPEDITION, F-150, F-250 SD, F-350 SD, F-450 SD, F-550 SD, MAVERICK, NAVIGATOR","2021, 2022",ELECTRICAL SYSTEM: INTEGRATED TRAILER BRAKE CONTROL,20220325,20220422,391836,MFR,No,No
22V189000,https://www.nhtsa.gov/vehicle/recalls#?nhtsaId=22V189000,MERCEDES-BENZ,"AMG CLS53, AMG E53, AMG E63S, AMG EQS, AMG GT43, AMG GT53, AMG GT63 S, AMG SL55, AMG SL63, C 300, CLS 450, E 350, E 450, EQS 450, EQS 580, S 500, S 580","2021, 2022",STEERING: STEERING WHEEL/HANDLE BAR,20220325,20220509,8396,MFR,No,No
22V181000,https://www.nhtsa.gov/vehicle/recalls#?nhtsaId=22V181000,CHRYSLER,"PACIFICA, VOYAGER","2021, 2022",SEATS:MID/REAR ASSEMBLY,20220324,20220407,1160,MFR,No,No
22V180000,https://www.nhtsa.gov/vehicle/recalls#?nhtsaId=22V180000,JEEP,"GRAND CHEROKEE, GRAND CHEROKEE 4XE","2021, 2022",SEATS:CRITICAL FASTENERS,20220324,20220407,4586,MFR,No,No
22V178000,https://www.nhtsa.gov/vehicle/recalls#?nhtsaId=22V178000,AUDI,"A8, RS 7, S6, S7, S8","2013, 2014, 2015, 2016, 2017",ENGINE AND ENGINE COOLING:ENGINE:GASOLINE:TURBO/SUPERCHARGER,20220323,20220804,26093,ODI,No,No
22V176000,https://www.nhtsa.gov/vehicle/recalls#?nhtsaId=22V176000,VOLKSWAGEN,TIGUAN,2021,SUSPENSION,20220323,20220613,10119,MFR,No,No
22V168000,https://www.nhtsa.gov/vehicle/recalls#?nhtsaId=22V168000,MERCEDES-BENZ,"E350, G550","2010, 2014",ENGINE AND ENGINE COOLING:ENGINE:ENGINE CONTROL MODULE (ECU/ECM):SOFTWARE,20220318,20220503,22,MFR,No,No
22V169000,https://www.nhtsa.gov/vehicle/recalls#?nhtsaId=22V169000,TESLA,"MODEL 3, MODEL S, MODEL X","2017, 2018, 2019, 2020",BACK OVER PREVENTION:DISPLAY FUNCTION,20220318,20220517,947,MFR,No,No
22V167000,https://www.nhtsa.gov/vehicle/recalls#?nhtsaId=22V167000,MERCEDES-BENZ,"EQS 450, EQS 580, S 500, S 580","2021, 2022",EXTERIOR LIGHTING:TURN SIGNAL,20220318,20220513,9156,MFR,No,No
22V165000,https://www.nhtsa.gov/vehicle/recalls#?nhtsaId=22V165000,"CHEVROLET, GMC","EQUINOX, TERRAIN","2014, 2015",VISIBILITY:WINDSHIELD WIPER/WASHER:MOTOR,20220317,20221025,681509,ODI,No,No
22V162000,https://www.nhtsa.gov/vehicle/recalls#?nhtsaId=22V162000,VOLKSWAGEN,ID.4,2021,ELECTRICAL SYSTEM:PROPULSION SYSTEM:TRACTION BATTERY,20220316,20221206,356,MFR,No,No
22V163000,https://www.nhtsa.gov/vehicle/recalls#?nhtsaId=22V163000,VOLKSWAGEN,"GOLF R, GTI",2022,ENGINE,20220316,20220329,4269,MFR,No,No
22V158000,https://www.nhtsa.gov/vehicle/recalls#?nhtsaId=22V158000,KIA,CADENZA,"2014, 2015, 2016",VISIBILITY:WINDSHIELD,20220315,20220513,30362,MFR,No,No
22V155000,https://www.nhtsa.gov/vehicle/recalls#?nhtsaId=22V155000,AUDI,"A6, A6 ALLROAD, A7, RS 6 AVANT, RS 7, S6, S7","2019, 2020, 2021, 2022",ELECTRICAL SYSTEM:INSTRUMENT PANEL:FUEL GAUGE:FUEL LEVEL FLOAT/SENSOR/SENDING UNIT,20220314,20230217,47238,MFR,No,No
22V154000,https://www.nhtsa.gov/vehicle/recalls#?nhtsaId=22V154000,"DODGE, JEEP","DURANGO, GRAND CHEROKEE 4XE","2021, 2022",STEERING:RACK AND PINION,20220314,20220512,931,MFR,No,No
22V151000,https://www.nhtsa.gov/vehicle/recalls#?nhtsaId=22V151000,FORD,EDGE,"2021, 2022",BACK OVER PREVENTION:DISPLAY FUNCTION,20220311,20220429,78376,MFR,No,No
22V150000,https://www.nhtsa.gov/vehicle/recalls#?nhtsaId=22V150000,"FORD, LINCOLN","EXPEDITION, F-150, NAVIGATOR","2016, 2017, 2018","SERVICE BRAKES, HYDRAULIC:FOUNDATION COMPONENTS:MASTER CYLINDER",20220311,20220429,195864,MFR,No,No
22V145000,https://www.nhtsa.gov/vehicle/recalls#?nhtsaId=22V145000,FORD,F-59,"2020, 2021, 2022",STEERING:CRITICAL FASTENERS,20220311,20220401,72,MFR,No,No
22V142000,https://www.nhtsa.gov/vehicle/recalls#?nhtsaId=22V142000,FORD,F-150,2021,VISIBILITY:WINDSHIELD WIPER/WASHER:MOTOR,20220311,20230622,157306,MFR,No,No
22V149000,https://www.nhtsa.gov/vehicle/recalls#?nhtsaId=22V149000,"FORD, LINCOLN","CORSAIR, ESCAPE","2021, 2022",ELECTRICAL SYSTEM:PROPULSION SYSTEM:TRACTION BATTERY,20220311,20220328,3,MFR,No,No
22V141000,https://www.nhtsa.gov/vehicle/recalls#?nhtsaId=22V141000,GMC,HUMMER EV PICKUP,2022,EXTERIOR LIGHTING:TAIL LIGHTS,20220310,20220317,9,MFR,No,No
22V140000,https://www.nhtsa.gov/vehicle/recalls#?nhtsaId=22V140000,"DODGE, RAM","2500, 3500, DURANGO","2019, 2020, 2021, 2022",ELECTRONIC STABILITY CONTROL (ESC),20220310,20220329,370437,MFR,No,No
22V137000,https://www.nhtsa.gov/vehicle/recalls#?nhtsaId=22V137000,GMC,TERRAIN,"2010, 2011, 2012, 2013, 2014, 2015, 2016, 2017",EXTERIOR LIGHTING:HEADLIGHTS,20220308,20220908,740581,MFR,No,No
22V134000,https://www.nhtsa.gov/vehicle/recalls#?nhtsaId=22V134000,MERCEDES-BENZ,METRIS,"2017, 2018, 2019, 2020, 2021, 2022","FUEL SYSTEM, GASOLINE:DELIVERY:HOSES, LINES/PIPING, AND FITTINGS",20220308,20220505,42132,MFR,No,No
22V131000,https://www.nhtsa.gov/vehicle/recalls#?nhtsaId=22V131000,MERCEDES-BENZ,"SPRINTER 1500, SPRINTER 2500, SPRINTER 3500, SPRINTER 4500",2021,SUSPENSION:FRONT:SPRINGS:TORSION BAR,20220308,20220816,2153,MFR,No,No
22V124000,https://www.nhtsa.gov/vehicle/recalls#?nhtsaId=22V124000,MERCEDES-BENZ,S 580,2021,AIR BAGS:CRITICAL FASTENERS,20220304,20220415,14,MFR,No,No
22V125000,https://www.nhtsa.gov/vehicle/recalls#?nhtsaId=22V125000,MERCEDES-BENZ,"AMG CLA35, GLA 250","2020, 2021","SERVICE BRAKES, HYDRAULIC:FOUNDATION COMPONENTS:DISC:CALIPER",20220304,20220325,4,MFR,No,No
22V127000,https://www.nhtsa.gov/vehicle/recalls#?nhtsaId=22V127000,KIA,"SORENTO HYBRID, SORENTO PHEV",2022,SEAT BELTS:FRONT,20220304,20220503,213,MFR,No,No
22V123000,https://www.nhtsa.gov/vehicle/recalls#?nhtsaId=22V123000,HYUNDAI,"ELANTRA, ELANTRA HYBRID",2022,SEAT BELTS:PRETENSIONER,20220303,20220519,140,MFR,No,No
22V119000,https://www.nhtsa.gov/vehicle/recalls#?nhtsaId=22V119000,BMW,"128I, 3 SERIES, 5 SERIES, X3 SAV, X5 SAV, Z4","2006, 2007, 2008, 2009, 2010, 2011, 2012, 2013",ENGINE AND ENGINE COOLING:EXHAUST SYSTEM:EMISSION CONTROL:CRANKCASE (PCV),20220302,20220722,917106,MFR,No,No
22V112000,https://www.nhtsa.gov/vehicle/recalls#?nhtsaId=22V112000,MERCEDES-BENZ,"AMG EQS 53, EQS 450, EQS 580",2022,STRUCTURE:FRAME AND MEMBERS,20220225,20220415,24,MFR,No,No
22V107000,https://www.nhtsa.gov/vehicle/recalls#?nhtsaId=22V107000,TOYOTA,C-HR,2021,FORWARD COLLISION AVOIDANCE: SENSING SYSTEM: RADAR,20220224,20220422,36558,MFR,No,No
22V109000,https://www.nhtsa.gov/vehicle/recalls#?nhtsaId=22V109000,FORD,ESCAPE HYBRID,2021,ENGINE AND ENGINE COOLING:ENGINE:HARD PARTS INTERNAL/MECHANICAL,20220224,20220321,155,MFR,No,No
22V102000,https://www.nhtsa.gov/vehicle/recalls#?nhtsaId=22V102000,AUDI,RS 5,2022,EQUIPMENT:OTHER:LABELS,20220223,20220331,49,MFR,No,No
22V104000,https://www.nhtsa.gov/vehicle/recalls#?nhtsaId=22V104000,TESLA,MODEL S,"2021, 2022",AIR BAGS:SIDE/WINDOW:CURTAIN:INFLATOR,20220223,20220424,9,MFR,No,No
22V099000,https://www.nhtsa.gov/vehicle/recalls#?nhtsaId=22V099000,MERCEDES-BENZ,METRIS,"2015, 2016, 2017, 2018",BACK OVER PREVENTION: SENSING SYSTEM: CAMERA,20220222,20230210,17093,MFR,No,No
22V100000,https://www.nhtsa.gov/vehicle/recalls#?nhtsaId=22V100000,PORSCHE,TAYCAN,"2020, 2021",SEAT BELTS:REAR/OTHER:ANCHORAGE,20220222,20220407,5305,MFR,No,No
22V098000,https://www.nhtsa.gov/vehicle/recalls#?nhtsaId=22V098000,MERCEDES-BENZ,GLE 350,2020,VISIBILITY/WIPER,20220218,20220408,6,MFR,No,No
22V096000,https://www.nhtsa.gov/vehicle/recalls#?nhtsaId=22V096000,KIA,SOUL,2014,AIR BAGS: AIR BAG/RESTRAINT CONTROL MODULE:SOFTWARE,20220218,20220404,128280,MFR,No,No
22V093000,https://www.nhtsa.gov/vehicle/recalls#?nhtsaId=22V093000,KIA,OPTIMA,"2013, 2014","FUEL SYSTEM, GASOLINE:DELIVERY:HOSES, LINES/PIPING, AND FITTINGS",20220217,20220802,72848,MFR,No,No
22V091000,https://www.nhtsa.gov/vehicle/recalls#?nhtsaId=22V091000,CHEVROLET,CORVETTE,"2021, 2022",POWER TRAIN:DRIVELINE:DRIVESHAFT,20220217,20220315,22,MFR,No,No
22V084000,https://www.nhtsa.gov/vehicle/recalls#?nhtsaId=22V084000,AUDI,E-TRON GT,2022,SEAT BELTS: REAR/OTHER:BUCKLE ASSEMBLY,20220216,20220315,693,MFR,No,No
22V082000,https://www.nhtsa.gov/vehicle/recalls#?nhtsaId=22V082000,FORD,MUSTANG,"2015, 2016, 2017",BACK OVER PREVENTION: SENSING SYSTEM: CAMERA,20220216,20221223,330784,MFR,No,No
22V083000,https://www.nhtsa.gov/vehicle/recalls#?nhtsaId=22V083000,FORD,MUSTANG,"2021, 2022",AIR BAGS:KNEE BOLSTER,20220216,20220308,327,MFR,No,No
22V087000,https://www.nhtsa.gov/vehicle/recalls#?nhtsaId=22V087000,FORD,"F-250 SD, F-350 SD","2017, 2018, 2019, 2020, 2021, 2022",STRUCTURE:FRAME AND MEMBERS:UNDERBODY SHIELDS,20220216,20220407,247445,MFR,No,No
22V085000,https://www.nhtsa.gov/vehicle/recalls#?nhtsaId=22V085000,AUDI,E-TRON GT,2022,EQUIPMENT:OTHER:OWNERS/SERVICE/OTHER MANUAL ,20220216,20220307,920,MFR,No,No
22V086000,https://www.nhtsa.gov/vehicle/recalls#?nhtsaId=22V086000,VOLKSWAGEN,"ATLAS, ATLAS CROSS SPORT","2018, 2019, 2020, 2021",EQUIPMENT:OTHER:LABELS,20220216,20220331,3648,MFR,No,No
22V089000,https://www.nhtsa.gov/vehicle/recalls#?nhtsaId=22V089000,FORD,"E-350, E-450","2021, 2022","SERVICE BRAKES, HYDRAULIC:FOUNDATION COMPONENTS:HOSES, LINES/PIPING, AND FITTINGS",20220216,20220318,44219,MFR,No,No
22V088000,https://www.nhtsa.gov/vehicle/recalls#?nhtsaId=22V088000,"FORD, LINCOLN","AVIATOR, EXPLORER",2022,"FUEL SYSTEM, GASOLINE:STORAGE:TANK ASSEMBLY:FILLER PIPE AND CAP",20220216,20220404,18366,MFR,No,No
22V078000,https://www.nhtsa.gov/vehicle/recalls#?nhtsaId=22V078000,MERCEDES-BENZ,GLB 250,2021,AIR BAGS:FRONTAL,20220211,20220325,50,MFR,No,No
22V077000,https://www.nhtsa.gov/vehicle/recalls#?nhtsaId=22V077000,CHRYSLER,PACIFICA PLUG-IN HYBRID,"2017, 2018",HYBRID PROPULSION SYSTEM,20220211,20221006,16741,MFR,No,Yes
22V069000,https://www.nhtsa.gov/vehicle/recalls#?nhtsaId=22V069000,HYUNDAI,ACCENT,"2020, 2021",SEAT BELTS:PRETENSIONER,20220209,20220224,354,MFR,No,No
22V070000,https://www.nhtsa.gov/vehicle/recalls#?nhtsaId=22V070000,BMW,"330I, 530I, X3, X4",2022,POWER TRAIN:AUTOMATIC TRANSMISSION,20220209,20220404,4,MFR,No,No
22V073000,https://www.nhtsa.gov/vehicle/recalls#?nhtsaId=22V073000,MERCEDES-BENZ,"SPRINTER 1500, SPRINTER 2500, SPRINTER 3500, SPRINTER 4500",2021,EQUIPMENT:OTHER:LABELS,20220209,20220321,2564,MFR,No,No
22V066000,https://www.nhtsa.gov/vehicle/recalls#?nhtsaId=22V066000,MERCEDES-BENZ,METRIS,"2016, 2017, 2018, 2019, 2020, 2021","SERVICE BRAKES, HYDRAULIC:FLUID",20220208,20220502,28743,MFR,No,No
22V064000,https://www.nhtsa.gov/vehicle/recalls#?nhtsaId=22V064000,AUDI,Q3,2022,BACK OVER PREVENTION: SENSING SYSTEM: CAMERA,20220207,20220303,665,MFR,No,No
22V063000,https://www.nhtsa.gov/vehicle/recalls#?nhtsaId=22V063000,TESLA,"MODEL 3, MODEL S, MODEL X, MODEL Y","2017, 2018, 2019, 2020, 2021, 2022",FORWARD COLLISION AVOIDANCE: WARNINGS:EXTERNAL/PEDESTRIAN ALERT,20220204,20220412,578607,OVSC,No,No
22V056000,https://www.nhtsa.gov/vehicle/recalls#?nhtsaId=22V056000,HYUNDAI,"SANTA FE, SANTA FE SPORT, SANTA FE XL, TUCSON","2014, 2015, 2016, 2017, 2018, 2019","SERVICE BRAKES, HYDRAULIC:ANTILOCK/TRACTION CONTROL/ELECTRONIC LIMITED SLIP:CONTROL UNIT/MODULE ",20220203,20220531,357348,MFR,No,Yes
22V061000,https://www.nhtsa.gov/vehicle/recalls#?nhtsaId=22V061000,HONDA,CBR1000RR,2021,ENGINE AND ENGINE COOLING:EXHAUST SYSTEM:MANIFOLD/HEADER/MUFFLER/TAIL PIPE,20220203,20220408,331,MFR,No,No
22V052000,https://www.nhtsa.gov/vehicle/recalls#?nhtsaId=22V052000,PORSCHE,TAYCAN,2021,TIRES,20220202,20220310,1,MFR,No,No
22V051000,https://www.nhtsa.gov/vehicle/recalls#?nhtsaId=22V051000,KIA,"K900, SPORTAGE","2014, 2015, 2016, 2017, 2018","SERVICE BRAKES, HYDRAULIC:ANTILOCK/TRACTION CONTROL/ELECTRONIC LIMITED SLIP:CONTROL UNIT/MODULE ",20220202,20220426,126747,MFR,No,Yes
22V050000,https://www.nhtsa.gov/vehicle/recalls#?nhtsaId=22V050000,TESLA,"MODEL 3, MODEL S, MODEL X, MODEL Y","2020, 2021, 2022",ELECTRICAL SYSTEM:SOFTWARE,20220202,20220401,26681,OVSC,No,No
22V045000,https://www.nhtsa.gov/vehicle/recalls#?nhtsaId=22V045000,TESLA,"MODEL 3, MODEL S, MODEL X, MODEL Y","2017, 2018, 2019, 2020, 2021, 2022",SEAT BELTS:FRONT,20220201,20220401,817143,MFR,No,No
22V042000,https://www.nhtsa.gov/vehicle/recalls#?nhtsaId=22V042000,MERCEDES-BENZ,AMG GT,2021,TRACTION CONTROL SYSTEM,20220128,20220318,172,MFR,No,No
22V040000,https://www.nhtsa.gov/vehicle/recalls#?nhtsaId=22V040000,PORSCHE,CAYENNE,"2021, 2022",SUSPENSION:REAR,20220128,20220310,1241,MFR,No,No
22V035000,https://www.nhtsa.gov/vehicle/recalls#?nhtsaId=22V035000,RAM,"2500, 3500, 4500, 5500","2019, 2020",VISIBILITY:WINDSHIELD WIPER/WASHER:LINKAGES,20220127,20220215,171789,MFR,No,No
22V036000,https://www.nhtsa.gov/vehicle/recalls#?nhtsaId=22V036000,"CADILLAC, CHEVROLET, GMC","ESCALADE, ESCALADE ESV, SUBURBAN, TAHOE, YUKON, YUKON XL",2021,POWER TRAIN:DRIVELINE:DRIVESHAFT,20220127,20220314,1789,MFR,No,No
22V037000,https://www.nhtsa.gov/vehicle/recalls#?nhtsaId=22V037000,TESLA,"MODEL 3, MODEL S, MODEL X, MODEL Y","2016, 2017, 2018, 2019, 2020, 2021, 2022",STEERING:AUTOMATED/ADAPTIVE STEERING,20220127,20220328,53822,MFR,No,No
22V034000,https://www.nhtsa.gov/vehicle/recalls#?nhtsaId=22V034000,AUDI,"A4, A4 ALLROAD, A5, A5 CABRIOLET, A6, A6 ALLROAD, A7, A8, Q5, Q7, Q8, RS 5, RS 6 AVANT, RS 7, RS Q8, S4, S5, S6, S7, S8, SQ5, SQ7, SQ8","2019, 2020, 2021",SUSPENSION:REAR:AXLE:NON-POWERED AXLE ASSEMBLY,20220126,20220303,31058,MFR,No,No
22V033000,https://www.nhtsa.gov/vehicle/recalls#?nhtsaId=22V033000,TOYOTA,VENZA HYBRID,2021,EXTERIOR LIGHTING:HAZARD FLASHING WARNING LIGHTS,20220126,20220630,41544,MFR,No,No
22V031000,https://www.nhtsa.gov/vehicle/recalls#?nhtsaId=22V031000,KIA,"FORTE, FORTE KOUP, SEDONA, SOUL, SOUL EV","2017, 2018, 2019",AIR BAGS,20220125,20220321,410619,MFR,No,No
22V023000,https://www.nhtsa.gov/vehicle/recalls#?nhtsaId=22V023000,BMW,"K 1600 B, K 1600 GT, K 1600 GTL","2019, 2020",SUSPENSION:REAR,20220121,20220621,5063,MFR,No,No
22V022000,https://www.nhtsa.gov/vehicle/recalls#?nhtsaId=22V022000,KIA,CADENZA,2020,ELECTRICAL SYSTEM:SOFTWARE,20220121,20220308,451,MFR,No,No
22V013000,https://www.nhtsa.gov/vehicle/recalls#?nhtsaId=22V013000,FORD,"F-250 SD, F-350 SD, F-450 SD, F-550 SD, F-600 SD, F-650, F-750",2021,"FUEL SYSTEM, DIESEL",20220114,20220128,19697,MFR,No,No
22E002000,https://www.nhtsa.gov/vehicle/recalls#?nhtsaId=22E002000,TOYOTA,"SEQUOIA, TUNDRA","2004, 2005, 2006, 2007",SUSPENSION:FRONT:CONTROL ARM:LOWER BALL JOINT,20220114,20220315,15200,MFR,No,No
22V011000,https://www.nhtsa.gov/vehicle/recalls#?nhtsaId=22V011000,"FORD, LINCOLN","FUSION, MKZ, MUSTANG","2014, 2015","SERVICE BRAKES, HYDRAULIC:PEDALS AND LINKAGES",20220113,20220613,199085,MFR,No,No
21V00K000,https://www.nhtsa.gov/vehicle/recalls#?nhtsaId=21V00K000,HYUNDAI,"SANTA FE HYBRID, SANTA FE PLUG-IN HYBRID",2022,ELECTRICAL SYSTEM: INSTRUMENT CLUSTER/PANEL,20211228,20220223,714,MFR,No,No
21V00M000,https://www.nhtsa.gov/vehicle/recalls#?nhtsaId=21V00M000,HYUNDAI,"ELANTRA, SANTA FE, SONATA","2020, 2021",VISIBILITY:WINDSHIELD,20211228,20220620,26413,MFR,No,No
21V00J000,https://www.nhtsa.gov/vehicle/recalls#?nhtsaId=21V00J000,MERCEDES-BENZ,"EQS 450, S 500, S 580",2022,COMMUNICATION: AUTO CRASH NOTIFICATION,20211227,20220223,1239,MFR,No,No
21E103000,https://www.nhtsa.gov/vehicle/recalls#?nhtsaId=21E103000,TOYOTA,"SEQUOIA, TUNDRA","2007, 2008, 2009, 2010, 2011, 2012, 2013, 2014, 2015, 2016, 2017, 2018, 2019, 2020, 2021, 2022",STEERING:HYDRAULIC POWER ASSIST SYSTEM,20211223,20220217,151,MFR,No,No
21V00F000,https://www.nhtsa.gov/vehicle/recalls#?nhtsaId=21V00F000,"BUICK, CHEVROLET","LACROSSE, MALIBU, REGAL","2010, 2011, 2012, 2013",SUSPENSION:REAR,20211222,20220127,4271,MFR,No,No
21V00A000,https://www.nhtsa.gov/vehicle/recalls#?nhtsaId=21V00A000,JEEP,"GRAND WAGONEER, WAGONEER",2022,BACK OVER PREVENTION:DISPLAY FUNCTION,20211221,20220124,7,MFR,No,No
21V00B000,https://www.nhtsa.gov/vehicle/recalls#?nhtsaId=21V00B000,TESLA,MODEL S,"2014, 2015, 2016, 2017, 2018, 2019, 2020, 2021",LATCHES/LOCKS/LINKAGES:HOOD:LATCH,20211221,20220218,130441,MFR,No,No
21V00D000,https://www.nhtsa.gov/vehicle/recalls#?nhtsaId=21V00D000,TESLA,MODEL 3,"2017, 2018, 2019, 2020",VISIBILITY:REARVIEW MIRRORS/DEVICES:INTERIOR,20211221,20220425,356309,MFR,No,No
21V989000,https://www.nhtsa.gov/vehicle/recalls#?nhtsaId=21V989000,MERCEDES-BENZ,CLA 250,2020,STEERING:ELECTRIC POWER ASSIST SYSTEM,20211217,20220121,1,MFR,No,No
21V990000,https://www.nhtsa.gov/vehicle/recalls#?nhtsaId=21V990000,MERCEDES-BENZ,"A 220, AMG GLB35, GLB 250","2019, 2020, 2021",SUSPENSION:FRONT,20211217,20220729,38312,MFR,No,No
21V978000,https://www.nhtsa.gov/vehicle/recalls#?nhtsaId=21V978000,FORD,TRANSIT,2020,POWER TRAIN:DRIVELINE:DRIVESHAFT,20211216,20220204,4548,MFR,No,No
21V980000,https://www.nhtsa.gov/vehicle/recalls#?nhtsaId=21V980000,FORD,MUSTANG,2021,AIR BAGS:SIDE/WINDOW:CURTAIN,20211216,20220422,93,MFR,No,No
21V976000,https://www.nhtsa.gov/vehicle/recalls#?nhtsaId=21V976000,FORD,MAVERICK,2022,"FUEL SYSTEM, GASOLINE:STORAGE",20211216,20220315,5456,MFR,No,No
21V979000,https://www.nhtsa.gov/vehicle/recalls#?nhtsaId=21V979000,FORD,"MAVERICK, MUSTANG MACH E","2021, 2022",SEAT BELTS:REAR/OTHER:ANCHORAGE,20211216,20220128,2622,MFR,No,No
21V987000,https://www.nhtsa.gov/vehicle/recalls#?nhtsaId=21V987000,HONDA,REBEL 1100,2021,ENGINE AND ENGINE COOLING:COOLING SYSTEM:RADIATOR ASSEMBLY,20211216,20220222,1022,MFR,No,No
21V986000,https://www.nhtsa.gov/vehicle/recalls#?nhtsaId=21V986000,FORD,F-150,"2021, 2022",STRUCTURE:FRAME AND MEMBERS:UNDERBODY SHIELDS,20211216,20220204,184698,MFR,No,No
21V985000,https://www.nhtsa.gov/vehicle/recalls#?nhtsaId=21V985000,"CHEVROLET, GMC","SIERRA 1500, SILVERADO 1500","2019, 2020, 2021",TIRES:TEMPORARY/EMERGENCY SPARE TIRE,20211216,20220207,626,MFR,No,No
21V983000,https://www.nhtsa.gov/vehicle/recalls#?nhtsaId=21V983000,FORD,F-150,2018,LATCHES/LOCKS/LINKAGES:TAILGATE:LATCH,20211216,20220531,57591,MFR,No,No
21V977000,https://www.nhtsa.gov/vehicle/recalls#?nhtsaId=21V977000,FORD,TRANSIT CONNECT,2014,VISIBILITY:FIXED PANARAMIC ROOF/SKY LIGHT ASSEMBLY,20211216,20220121,311,MFR,No,No
21V982000,https://www.nhtsa.gov/vehicle/recalls#?nhtsaId=21V982000,FORD,"BRONCO, RANGER",2021,FORWARD COLLISION AVOIDANCE: SENSING SYSTEM: RADAR,20211216,20220121,839,MFR,No,No
21V972000,https://www.nhtsa.gov/vehicle/recalls#?nhtsaId=21V972000,MERCEDES-BENZ,"SPRINTER 1500, SPRINTER 2500, SPRINTER 3500, SPRINTER 4500","2019, 2020",ELECTRICAL SYSTEM:SOFTWARE,20211215,20220211,48400,ODI,No,No
21V963000,https://www.nhtsa.gov/vehicle/recalls#?nhtsaId=21V963000,TOYOTA,4RUNNER,2022,EXTERIOR LIGHTING:HEADLIGHTS,20211213,20220211,78,MFR,No,No
21V961000,https://www.nhtsa.gov/vehicle/recalls#?nhtsaId=21V961000,MERCEDES-BENZ,"A 220, AMG A35, AMG C43, AMG C63, AMG G63, AMG GT53, AMG GT63, C 300, C300, CLA 250, E 300, E 350, E 450, G 550, GLA 250, GLB 250, GLC 300, GLE 450, GLS 450, GLS 580 4MATIC, S 560, SL 550","2016, 2019, 2020","FUEL SYSTEM, GASOLINE:FUEL INJECTION SYSTEM:INJECTORS",20211213,20220422,139,MFR,No,No
21V950000,https://www.nhtsa.gov/vehicle/recalls#?nhtsaId=21V950000,JEEP,GRAND CHEROKEE,2021,EXTERIOR LIGHTING:LIGHTING CONTROL MODULE:SOFTWARE,20211209,20211223,36929,MFR,No,No
21V949000,https://www.nhtsa.gov/vehicle/recalls#?nhtsaId=21V949000,JEEP,WRANGLER 4XE,2021,ELECTRICAL SYSTEM: INSTRUMENT CLUSTER/PANEL,20211209,20211228,2903,MFR,No,No
21V947000,https://www.nhtsa.gov/vehicle/recalls#?nhtsaId=21V947000,AUDI,"Q5, Q5 SPORTBACK, SQ5","2018, 2019, 2020, 2021, 2022",STRUCTURE:BODY,20211208,20220121,288991,MFR,No,No
21V944000,https://www.nhtsa.gov/vehicle/recalls#?nhtsaId=21V944000,HYUNDAI,IONIQ ELECTRIC,"2017, 2018, 2019",ELECTRICAL SYSTEM:PROPULSION SYSTEM:CHARGING:MODULE:ONBOARD (OBCM),20211207,20220202,2679,MFR,No,No
21V937000,https://www.nhtsa.gov/vehicle/recalls#?nhtsaId=21V937000,HYUNDAI,ACCENT,2021,"SERVICE BRAKES, HYDRAULIC:FOUNDATION COMPONENTS:MASTER CYLINDER",20211202,20220126,76,MFR,No,No
21V938000,https://www.nhtsa.gov/vehicle/recalls#?nhtsaId=21V938000,HYUNDAI,TUCSON,2022,ELECTRICAL SYSTEM:SOFTWARE,20211202,20211202,12,MFR,No,No
21V939000,https://www.nhtsa.gov/vehicle/recalls#?nhtsaId=21V939000,"ACURA, HONDA","CR-V HYBRID, RDX","2021, 2022",POWER TRAIN:DRIVELINE:DRIVESHAFT,20211202,20220124,279,MFR,No,No
21V933000,https://www.nhtsa.gov/vehicle/recalls#?nhtsaId=21V933000,MERCEDES-BENZ,"SPRINTER 1500, SPRINTER 2500, SPRINTER 3500, SPRINTER 4500",2021,"SERVICE BRAKES, HYDRAULIC:FOUNDATION COMPONENTS:HOSES, LINES/PIPING, AND FITTINGS",20211201,20220304,98,MFR,No,No
21V934000,https://www.nhtsa.gov/vehicle/recalls#?nhtsaId=21V934000,MERCEDES-BENZ,"SPRINTER 1500, SPRINTER 2500, SPRINTER 3500, SPRINTER 4500",2021,STRUCTURE,20211201,20220211,30,MFR,No,No
21V936000,https://www.nhtsa.gov/vehicle/recalls#?nhtsaId=21V936000,KIA,RIO,"2020, 2021","SERVICE BRAKES, HYDRAULIC:FOUNDATION COMPONENTS:MASTER CYLINDER",20211201,20220111,87,MFR,No,No
21V935000,https://www.nhtsa.gov/vehicle/recalls#?nhtsaId=21V935000,AUDI,E-TRON GT,2022,SUSPENSION:FRONT,20211201,20220127,10,MFR,No,No
21V932000,https://www.nhtsa.gov/vehicle/recalls#?nhtsaId=21V932000,HONDA,"PASSPORT, PILOT, RIDGELINE","2016, 2017, 2018, 2019, 2020",LATCHES/LOCKS/LINKAGES:HOOD:LATCH,20211129,20220118,724826,MFR,No,No
21V931000,https://www.nhtsa.gov/vehicle/recalls#?nhtsaId=21V931000,MERCEDES-BENZ,"EQS 450, EQS 580, S 500, S 580","2021, 2022",ELECTRICAL SYSTEM:SOFTWARE,20211129,20220125,227,MFR,No,No
21V925000,https://www.nhtsa.gov/vehicle/recalls#?nhtsaId=21V925000,RAM,"1500, 2500, 3500","2021, 2022",AIR BAGS:SIDE/WINDOW:CURTAIN,20211124,20220117,376,MFR,No,No
21V923000,https://www.nhtsa.gov/vehicle/recalls#?nhtsaId=21V923000,FORD,"F-250 SD, F-350 SD",2022,AIR BAGS,20211124,20211216,5,MFR,No,No
21V919000,https://www.nhtsa.gov/vehicle/recalls#?nhtsaId=21V919000,JEEP,"GRAND WAGONEER, WAGONEER",2022,SEATS,20211123,20211223,793,MFR,No,No
21V922000,https://www.nhtsa.gov/vehicle/recalls#?nhtsaId=21V922000,FORD,"BRONCO SPORT, ESCAPE","2021, 2022","SERVICE BRAKES, HYDRAULIC:FOUNDATION COMPONENTS:DISC:CALIPER",20211123,20220817,114666,MFR,No,No
21V920000,https://www.nhtsa.gov/vehicle/recalls#?nhtsaId=21V920000,TOYOTA,"SEQUOIA, TUNDRA","2007, 2008, 2009, 2010, 2011, 2012, 2013, 2014, 2015, 2016, 2017, 2018, 2019, 2020, 2021, 2022",STEERING:RACK AND PINION,20211123,20220121,22462,MFR,No,No
21V918000,https://www.nhtsa.gov/vehicle/recalls#?nhtsaId=21V918000,RAM,1500,2021,STEERING:STEERING CONTROL MODULE,20211123,20220222,38157,MFR,No,No
21V912000,https://www.nhtsa.gov/vehicle/recalls#?nhtsaId=21V912000,TESLA,MODEL Y,"2020, 2021, 2022",SUSPENSION,20211121,20220118,826,MFR,No,No
21V907000,https://www.nhtsa.gov/vehicle/recalls#?nhtsaId=21V907000,BMW,"328D, 535D, 740LD, X3, X5","2013, 2014, 2015, 2016, 2017, 2018","FUEL SYSTEM, DIESEL",20211119,20220706,50404,MFR,No,No
21V908000,https://www.nhtsa.gov/vehicle/recalls#?nhtsaId=21V908000,KIA,CARNIVAL,2022,LATCHES/LOCKS/LINKAGES:ELECTRONIC LOCK/LATCH ACTUATOR,20211119,20211216,2956,MFR,No,No
21V911000,https://www.nhtsa.gov/vehicle/recalls#?nhtsaId=21V911000,PORSCHE,TAYCAN,2020,SUSPENSION:REAR,20211119,20220113,35,MFR,No,No
21V909000,https://www.nhtsa.gov/vehicle/recalls#?nhtsaId=21V909000,MERCEDES-BENZ,"AMG GLE53, GLE 450",2021,ELECTRICAL SYSTEM:WIRING:INTERIOR/UNDER DASH,20211119,20220107,17,MFR,No,No
21V901000,https://www.nhtsa.gov/vehicle/recalls#?nhtsaId=21V901000,HONDA,NC750XD,2021,"FUEL SYSTEM, GASOLINE:FUEL INJECTION SYSTEM",20211118,20220110,357,MFR,No,No
21V900000,https://www.nhtsa.gov/vehicle/recalls#?nhtsaId=21V900000,HONDA,"ACCORD, ACCORD HYBRID, CR-V, CR-V HYBRID, INSIGHT, RIDGELINE","2021, 2022",SEAT BELTS:REAR/OTHER:RETRACTOR,20211118,20220114,4346,MFR,No,No
21V890000,https://www.nhtsa.gov/vehicle/recalls#?nhtsaId=21V890000,TOYOTA,CAMRY,"2018, 2019","SERVICE BRAKES, HYDRAULIC:POWER ASSIST:VACUUM",20211117,20220516,227490,MFR,No,No
21V889000,https://www.nhtsa.gov/vehicle/recalls#?nhtsaId=21V889000,TOYOTA,"SIENNA HYBRID, redundant SIENNA",2022,SEAT BELTS:REAR/OTHER:ANCHORAGE,20211117,20220110,2259,MFR,No,No
21V892000,https://www.nhtsa.gov/vehicle/recalls#?nhtsaId=21V892000,VOLKSWAGEN,"ATLAS, ATLAS CROSS SPORT","2020, 2021",AIR BAGS: AIR BAG/RESTRAINT CONTROL MODULE,20211117,20220114,54429,MFR,No,No
21V878000,https://www.nhtsa.gov/vehicle/recalls#?nhtsaId=21V878000,ALFA ROMEO,"GIULIA, STELVIO","2020, 2021","FUEL SYSTEM, GASOLINE:DELIVERY:PRESSURE SENSOR",20211112,20220111,11419,MFR,No,No
21V879000,https://www.nhtsa.gov/vehicle/recalls#?nhtsaId=21V879000,FIAT,124 SPIDER,2019,"FUEL SYSTEM, GASOLINE:DELIVERY:FUEL PUMP",20211112,20220705,1622,MFR,No,No
21V880000,https://www.nhtsa.gov/vehicle/recalls#?nhtsaId=21V880000,RAM,"2500, 3500, 4500, 5500","2019, 2020","FUEL SYSTEM, DIESEL:DELIVERY:FUEL PUMP",20211112,20220517,222410,MFR,No,No
21V871000,https://www.nhtsa.gov/vehicle/recalls#?nhtsaId=21V871000,RAM,1500,2022,VISIBILITY:DEFROSTER/DEFOGGER/HVAC SYSTEM:WINDSHIELD:ELECTRICAL HEATING ELEMENT,20211110,20211122,22,MFR,No,No
21V874000,https://www.nhtsa.gov/vehicle/recalls#?nhtsaId=21V874000,AUDI,"A4, A5, RS 5, S4, S5","2017, 2018, 2019, 2020",AIR BAGS:SENSOR:OCCUPANT CLASSIFICATION:FRONT PASSENGER,20211110,20220107,208332,MFR,No,No
21V873000,https://www.nhtsa.gov/vehicle/recalls#?nhtsaId=21V873000,JEEP,"GRAND CHEROKEE, GRAND WAGONEER, WAGONEER","2021, 2022",AIR BAGS: AIR BAG/RESTRAINT CONTROL MODULE:SOFTWARE,20211110,20211202,99255,MFR,No,No
21V870000,https://www.nhtsa.gov/vehicle/recalls#?nhtsaId=21V870000,"FORD, LINCOLN","AVIATOR, EXPLORER",2021,SUSPENSION:REAR,20211110,20211203,20,MFR,No,No
21V869000,https://www.nhtsa.gov/vehicle/recalls#?nhtsaId=21V869000,FORD,ESCAPE,2021,HYBRID PROPULSION SYSTEM,20211110,20211201,1,MFR,No,No
21V868000,https://www.nhtsa.gov/vehicle/recalls#?nhtsaId=21V868000,TESLA,"MODEL S, MODEL X",2021,AIR BAGS:FRONTAL:DRIVER SIDE:CUSHION,20211109,20220107,7600,MFR,No,No
21V860000,https://www.nhtsa.gov/vehicle/recalls#?nhtsaId=21V860000,MERCEDES-BENZ,"AMG GLB35, GLB 250",2021,AIR BAGS:SIDE/WINDOW,20211105,20211221,46,MFR,No,No
21V861000,https://www.nhtsa.gov/vehicle/recalls#?nhtsaId=21V861000,CHEVROLET,6500XD,"2018, 2019, 2020, 2021",STEERING:CRITICAL FASTENERS,20211105,20220228,5700,MFR,No,No
21V862000,https://www.nhtsa.gov/vehicle/recalls#?nhtsaId=21V862000,KIA,STINGER,"2020, 2021",ELECTRICAL SYSTEM:INSTRUMENT PANEL:FUEL GAUGE,20211105,20211210,53,MFR,No,No
21V853000,https://www.nhtsa.gov/vehicle/recalls#?nhtsaId=21V853000,VOLKSWAGEN,TIGUAN,2022,"SERVICE BRAKES, HYDRAULIC:CRITICAL FASTENERS",20211103,20211123,1285,MFR,No,No
21V854000,https://www.nhtsa.gov/vehicle/recalls#?nhtsaId=21V854000,MERCEDES-BENZ,SPRINTER (VS30),2020,"SERVICE BRAKES, HYDRAULIC:FOUNDATION COMPONENTS:DISC",20211103,20211213,1,MFR,No,No
21V852000,https://www.nhtsa.gov/vehicle/recalls#?nhtsaId=21V852000,VOLKSWAGEN,ID.4,2021,STEERING:GEAR BOX (OTHER THAN RACK AND PINION),20211103,20211105,1,MFR,No,No
21V848000,https://www.nhtsa.gov/vehicle/recalls#?nhtsaId=21V848000,ALFA ROMEO,GIULIA,2020,TIRES:MARKINGS,20211102,20211221,185,MFR,No,No
21V844000,https://www.nhtsa.gov/vehicle/recalls#?nhtsaId=21V844000,KIA,"OPTIMA HYBRID, OPTIMA PHEV","2017, 2018",ENGINE,20211029,20211129,10731,ODI,No,No
21V843000,https://www.nhtsa.gov/vehicle/recalls#?nhtsaId=21V843000,MERCEDES-BENZ,S 580,2021,ENGINE AND ENGINE COOLING:ENGINE:ENGINE CONTROL MODULE (ECU/ECM):SOFTWARE,20211029,20220128,8669,MFR,No,No
21V846000,https://www.nhtsa.gov/vehicle/recalls#?nhtsaId=21V846000,TESLA,"MODEL 3, MODEL S, MODEL X, MODEL Y","2017, 2018, 2019, 2020, 2021",FORWARD COLLISION AVOIDANCE: SENSING SYSTEM: CAMERA,20211029,20211025,11728,MFR,No,No
21V842000,https://www.nhtsa.gov/vehicle/recalls#?nhtsaId=21V842000,DODGE,DURANGO,2021,STRUCTURE:BODY,20211028,20211221,4837,MFR,No,No
21V840000,https://www.nhtsa.gov/vehicle/recalls#?nhtsaId=21V840000,HYUNDAI,PALISADE,2021,"SERVICE BRAKES, HYDRAULIC:FLUID",20211027,20211224,995,MFR,No,No
21V835000,https://www.nhtsa.gov/vehicle/recalls#?nhtsaId=21V835000,TESLA,"MODEL 3, MODEL Y","2019, 2020, 2021",SUSPENSION:CRITICAL FASTENERS,20211025,20211220,2791,MFR,No,No
21V834000,https://www.nhtsa.gov/vehicle/recalls#?nhtsaId=21V834000,TESLA,MODEL 3,"2020, 2021, 2023",AIR BAGS:SIDE/WINDOW:CURTAIN,20211025,20211223,3,MFR,No,No
21V831000,https://www.nhtsa.gov/vehicle/recalls#?nhtsaId=21V831000,BMW,X4,2022,EXTERIOR LIGHTING,20211022,20211217,2577,MFR,No,No
21V832000,https://www.nhtsa.gov/vehicle/recalls#?nhtsaId=21V832000,MERCEDES-BENZ,"AMG GLE53, AMG GLE63 S, AMG GLS63S, GLE 350, GLE 580, GLS450, GLS580",2021,"VISIBILITY:GLASS, SIDE/REAR",20211022,20211208,23,MFR,No,No
21V825000,https://www.nhtsa.gov/vehicle/recalls#?nhtsaId=21V825000,AUDI,"A3, A4, A5, A8, E-TRON, Q3, Q5 SPORTBACK, Q7, Q8, RS 6 AVANT, RS Q8, S3, S5, S8, SQ7, SQ8","2021, 2022",BACK OVER PREVENTION: SENSING SYSTEM: CAMERA,20211020,20211109,2857,MFR,No,No
21V818000,https://www.nhtsa.gov/vehicle/recalls#?nhtsaId=21V818000,MERCEDES-BENZ,"AMG C63, AMG GLE53, GLE 350, GLE 450, GLS 450, GLS 580 4MATIC","2020, 2021",SEATS,20211018,20211208,27,MFR,No,No
21V817000,https://www.nhtsa.gov/vehicle/recalls#?nhtsaId=21V817000,CHEVROLET,TRAVERSE,"2020, 2021",POWER TRAIN:AUTOMATIC TRANSMISSION,20211018,20211129,639,MFR,No,No
21V812000,https://www.nhtsa.gov/vehicle/recalls#?nhtsaId=21V812000,VOLKSWAGEN,"ATLAS, ATLAS CROSS SPORT, PASSAT",2021,WHEELS:LUGS/NUTS/BOLTS/STUDS,20211015,20211102,30,MFR,No,No
21V811000,https://www.nhtsa.gov/vehicle/recalls#?nhtsaId=21V811000,FORD,RANGER,"2019, 2020, 2021",SEAT BELTS:FRONT:WEBBING,20211015,20211222,47683,MFR,No,No
21V809000,https://www.nhtsa.gov/vehicle/recalls#?nhtsaId=21V809000,FORD,BRONCO SPORT,2021,VISIBILITY:SUN/MOON ROOF ASSEMBLY,20211015,20211118,1036,MFR,No,No
21V805000,https://www.nhtsa.gov/vehicle/recalls#?nhtsaId=21V805000,"FORD, LINCOLN","EXPEDITION, F-150, F-250 SD, F-350 SD, NAVIGATOR","2021, 2022",AIR BAGS:SENSOR:SIDE IMPACT,20211015,20211103,777,MFR,No,No
21E089000,https://www.nhtsa.gov/vehicle/recalls#?nhtsaId=21E089000,CHEVROLET,ALL-WEATHER FLOOR LINER,9999,EQUIPMENT,20211014,20211222,3889,MFR,No,No
21V804000,https://www.nhtsa.gov/vehicle/recalls#?nhtsaId=21V804000,HONDA,CT125,2021,POWER TRAIN:CLUTCH ASSEMBLY:PEDAL/HAND LEVER(MOTORCYCLE),20211014,20211210,2181,MFR,No,No
21V797000,https://www.nhtsa.gov/vehicle/recalls#?nhtsaId=21V797000,JEEP,GRAND CHEROKEE,2021,EXTERIOR LIGHTING:HEADLIGHTS,20211014,20211028,7082,MFR,No,No
21V798000,https://www.nhtsa.gov/vehicle/recalls#?nhtsaId=21V798000,RAM,"2500, 3500, 4500, 5500","2021, 2022",ELECTRICAL SYSTEM:WIRING:RELAYS/SOLENOIDS,20211014,20211110,131177,MFR,No,Yes
21V794000,https://www.nhtsa.gov/vehicle/recalls#?nhtsaId=21V794000,PORSCHE,TAYCAN,"2020, 2021",EXTERIOR LIGHTING:HAZARD FLASHING WARNING LIGHTS,20211013,20211202,11827,MFR,No,No
21V796000,https://www.nhtsa.gov/vehicle/recalls#?nhtsaId=21V796000,"GENESIS, HYUNDAI","ELANTRA, ELANTRA HYBRID, GV70, GV80, VENUE","2021, 2022",SEAT BELTS:PRETENSIONER,20211013,20220210,978,MFR,No,No
21V789000,https://www.nhtsa.gov/vehicle/recalls#?nhtsaId=21V789000,MERCEDES-BENZ,"S 500, S 580",2021,AIR BAGS:SENSOR:OCCUPANT CLASSIFICATION:FRONT PASSENGER,20211011,20211201,1311,MFR,No,No
21V782000,https://www.nhtsa.gov/vehicle/recalls#?nhtsaId=21V782000,"BUICK, CHEVROLET","ENCLAVE, TRAVERSE","2008, 2009, 2010, 2011, 2012, 2013, 2014, 2015, 2016, 2017",AIR BAGS:FRONTAL:DRIVER SIDE:INFLATOR MODULE,20211007,20220110,555,ODI,No,No
21V779000,https://www.nhtsa.gov/vehicle/recalls#?nhtsaId=21V779000,MERCEDES-BENZ,"SPRINTER 1500, SPRINTER 2500, SPRINTER 3500, SPRINTER 4500",2021,ELECTRICAL SYSTEM:WIRING,20211006,20211102,38,MFR,No,No
21V771000,https://www.nhtsa.gov/vehicle/recalls#?nhtsaId=21V771000,MERCEDES-BENZ,GLS 580 4MATIC,2020,AIR BAGS: AIR BAG/RESTRAINT CONTROL MODULE,20211001,20211029,3,MFR,No,No
21V770000,https://www.nhtsa.gov/vehicle/recalls#?nhtsaId=21V770000,FORD,BRONCO,2021,AIR BAGS:FRONTAL,20211001,20220401,553,MFR,No,No
21V765000,https://www.nhtsa.gov/vehicle/recalls#?nhtsaId=21V765000,FORD,RANGER,"2020, 2021",CHILD SEAT:VEHICLE LATCH ANCHOR,20210930,20220317,37625,MFR,No,No
21V758000,https://www.nhtsa.gov/vehicle/recalls#?nhtsaId=21V758000,"CHEVROLET, GMC","SIERRA 2500, SIERRA 3500, SILVERADO 2500, SILVERADO 3500","2021, 2022","SERVICE BRAKES, HYDRAULIC:POWER ASSIST:ELECTRIC:CONTROL MODULE",20210929,20211020,3241,MFR,No,Yes
21V759000,https://www.nhtsa.gov/vehicle/recalls#?nhtsaId=21V759000,CADILLAC,CT6,"2016, 2017",EXTERIOR LIGHTING:HEADLIGHTS,20210929,20211103,181,MFR,No,No
21V768000,https://www.nhtsa.gov/vehicle/recalls#?nhtsaId=21V768000,HONDA,ODYSSEY,2022,TIRES:SIDEWALL,20210929,20211124,181,MFR,No,No
21V617000,https://www.nhtsa.gov/vehicle/recalls#?nhtsaId=21V617000,TOYOTA,YARIS,"2019, 2020","FUEL SYSTEM, GASOLINE:DELIVERY:FUEL PUMP",20210927,20211230,31307,MFR,No,No
21V749000,https://www.nhtsa.gov/vehicle/recalls#?nhtsaId=21V749000,HYUNDAI,"SONATA, SONATA HYBRID, SONATA PLUG-IN HYBRID","2015, 2016, 2017",ELECTRICAL SYSTEM:SOFTWARE,20210924,20211119,469377,MFR,No,No
21V739000,https://www.nhtsa.gov/vehicle/recalls#?nhtsaId=21V739000,"CADILLAC, CHEVROLET, GMC","ESCALADE, ESCALADE ESV, ESCALADE NA, SUBURBAN, TAHOE, YUKON, YUKON XL",2021,"FUEL SYSTEM, GASOLINE:DELIVERY:FUEL PUMP:CONTROL/DRIVE MODULE",20210923,20211014,14939,MFR,No,No
21V732000,https://www.nhtsa.gov/vehicle/recalls#?nhtsaId=21V732000,VOLKSWAGEN,TIGUAN,2018,STRUCTURE:BODY:ROOF AND PILLARS,20210923,20211119,2,MFR,No,No
21V746000,https://www.nhtsa.gov/vehicle/recalls#?nhtsaId=21V746000,FORD,EXPLORER,"2011, 2012, 2013",SUSPENSION:REAR,20210922,20220317,150723,MFR,No,No
21V735000,https://www.nhtsa.gov/vehicle/recalls#?nhtsaId=21V735000,"FORD, LINCOLN","AVIATOR, CORSAIR, EXPLORER","2020, 2021",BACK OVER PREVENTION: SENSING SYSTEM: CAMERA,20210922,20211116,228297,MFR,No,No
21V734000,https://www.nhtsa.gov/vehicle/recalls#?nhtsaId=21V734000,TOYOTA,"PRIUS, PRIUS PRIME",2022,HYBRID PROPULSION SYSTEM,20210922,20211118,8411,MFR,No,No
21V728000,https://www.nhtsa.gov/vehicle/recalls#?nhtsaId=21V728000,RAM,PROMASTER CITY,"2019, 2020, 2021",EXTERIOR LIGHTING:TURN SIGNAL,20210921,20211028,23853,MFR,No,No
21V729000,https://www.nhtsa.gov/vehicle/recalls#?nhtsaId=21V729000,JEEP,GRAND CHEROKEE,2021,BACK OVER PREVENTION: SENSING SYSTEM: CAMERA,20210921,20211228,69138,MFR,No,No
21V725000,https://www.nhtsa.gov/vehicle/recalls#?nhtsaId=21V725000,KIA,SEDONA,"2015, 2016, 2017",ELECTRICAL SYSTEM:SOFTWARE,20210917,20211112,88576,MFR,No,No
21V727000,https://www.nhtsa.gov/vehicle/recalls#?nhtsaId=21V727000,HYUNDAI,"SONATA HYBRID, TUCSON",2017,ENGINE,20210917,20220115,95515,ODI,No,No
21V711000,https://www.nhtsa.gov/vehicle/recalls#?nhtsaId=21V711000,FORD,MUSTANG MACH E,2021,VISIBILITY:WINDSHIELD:CRITICAL FASTENERS,20210914,20211029,17692,MFR,No,No
21V712000,https://www.nhtsa.gov/vehicle/recalls#?nhtsaId=21V712000,FORD,MUSTANG MACH E,2021,VISIBILITY:FIXED PANARAMIC ROOF/SKY LIGHT ASSEMBLY,20210914,20211029,13544,MFR,No,No
21V707000,https://www.nhtsa.gov/vehicle/recalls#?nhtsaId=21V707000,AUDI,E-TRON,2021,"SERVICE BRAKES, HYDRAULIC:ANTILOCK/TRACTION CONTROL/ELECTRONIC LIMITED SLIP",20210913,20210930,38,MFR,No,No
21V702000,https://www.nhtsa.gov/vehicle/recalls#?nhtsaId=21V702000,GMC,ACADIA,2022,AIR BAGS: AIR BAG/RESTRAINT CONTROL MODULE,20210910,20210910,2,MFR,No,No
21V704000,https://www.nhtsa.gov/vehicle/recalls#?nhtsaId=21V704000,MERCEDES-BENZ,S 580,2021,"FUEL SYSTEM, GASOLINE:DELIVERY:FUEL PUMP",20210910,20211026,7,MFR,No,No
21V698000,https://www.nhtsa.gov/vehicle/recalls#?nhtsaId=21V698000,RAM,1500,2021,TIRES:TEMPORARY/EMERGENCY SPARE TIRE,20210909,20210909,2,MFR,No,No
21V699000,https://www.nhtsa.gov/vehicle/recalls#?nhtsaId=21V699000,RAM,"PROMASTER, PROMASTER CITY",2021,SEAT BELTS:REAR/OTHER:RETRACTOR,20210909,20211028,10372,MFR,No,No
21V695000,https://www.nhtsa.gov/vehicle/recalls#?nhtsaId=21V695000,VOLKSWAGEN,ARTEON,2021,"SERVICE BRAKES, HYDRAULIC",20210908,20210928,99,MFR,No,No
21V697000,https://www.nhtsa.gov/vehicle/recalls#?nhtsaId=21V697000,PORSCHE,"911 CARRERA, TAYCAN","2020, 2021","SERVICE BRAKES, HYDRAULIC:CRITICAL FASTENERS",20210908,20211028,11,MFR,No,No
21V688000,https://www.nhtsa.gov/vehicle/recalls#?nhtsaId=21V688000,TOYOTA,TUNDRA,"2018, 2019, 2020, 2021",EXTERIOR LIGHTING:HEADLIGHTS,20210902,20220425,158489,MFR,No,No
21V690000,https://www.nhtsa.gov/vehicle/recalls#?nhtsaId=21V690000,HONDA,"CB500X, CBR500R","2019, 2020","SERVICE BRAKES, HYDRAULIC:ANTILOCK/TRACTION CONTROL/ELECTRONIC LIMITED SLIP",20210902,20211112,262,MFR,No,No
21V679000,https://www.nhtsa.gov/vehicle/recalls#?nhtsaId=21V679000,PORSCHE,"BOXSTER, BOXSTER S, CAYMAN","2013, 2014, 2015",POWER TRAIN:AXLE ASSEMBLY,20210901,20220106,4934,MFR,No,No
21V665000,https://www.nhtsa.gov/vehicle/recalls#?nhtsaId=21V665000,JEEP,WRANGLER,2020,"FUEL SYSTEM, GASOLINE:DELIVERY:HOSES, LINES/PIPING, AND FITTINGS",20210826,20210910,14410,MFR,No,No
21V664000,https://www.nhtsa.gov/vehicle/recalls#?nhtsaId=21V664000,DODGE,CHALLENGER,2021,ELECTRICAL SYSTEM: INSTRUMENT CLUSTER/PANEL,20210826,20211005,135,MFR,No,No
21V652000,https://www.nhtsa.gov/vehicle/recalls#?nhtsaId=21V652000,"FORD, LINCOLN","AVIATOR, EXPLORER",2021,AIR BAGS:SIDE/WINDOW:CURTAIN,20210823,20210910,592,MFR,No,No
21V653000,https://www.nhtsa.gov/vehicle/recalls#?nhtsaId=21V653000,FORD,F-150,2021,SEAT BELTS:FRONT:WEBBING,20210823,20211014,16430,MFR,No,No
21V650000,https://www.nhtsa.gov/vehicle/recalls#?nhtsaId=21V650000,CHEVROLET,"BOLT EUV, BOLT EV","2020, 2021, 2022",ELECTRICAL SYSTEM:PROPULSION SYSTEM:TRACTION BATTERY,20210820,20211001,52414,ODI,No,Yes
21V651000,https://www.nhtsa.gov/vehicle/recalls#?nhtsaId=21V651000,VOLKSWAGEN,TAOS,2022,"FUEL SYSTEM, GASOLINE:DELIVERY:HOSES, LINES/PIPING, AND FITTINGS",20210820,20210831,16737,MFR,No,No
21V649000,https://www.nhtsa.gov/vehicle/recalls#?nhtsaId=21V649000,"CADILLAC, CHEVROLET","MALIBU, XT4","2016, 2017, 2018, 2019, 2020, 2021",SEAT BELTS:REAR/OTHER:RETRACTOR,20210820,20210917,402,MFR,No,No
21V646000,https://www.nhtsa.gov/vehicle/recalls#?nhtsaId=21V646000,BMW,X4,2022,EQUIPMENT:OTHER:LABELS,20210818,20211013,13,MFR,No,No
21V638000,https://www.nhtsa.gov/vehicle/recalls#?nhtsaId=21V638000,MERCEDES-BENZ,"AMG C63, C250, C350, E350, E400","2011, 2012, 2013, 2014, 2015, 2016",AIR BAGS:FRONTAL,20210813,20210910,205,MFR,No,No
21V639000,https://www.nhtsa.gov/vehicle/recalls#?nhtsaId=21V639000,MERCEDES-BENZ,GLB 250,2020,AIR BAGS: AIR BAG/RESTRAINT CONTROL MODULE:SOFTWARE,20210813,20210917,66,MFR,No,No
21V632000,https://www.nhtsa.gov/vehicle/recalls#?nhtsaId=21V632000,RAM,"1500, 2500, 3500","2015, 2016, 2017, 2018, 2019, 2020",AIR BAGS:SIDE/WINDOW:CURTAIN:INFLATOR,20210812,20220526,212373,MFR,No,No
21V633000,https://www.nhtsa.gov/vehicle/recalls#?nhtsaId=21V633000,"BUICK, CHEVROLET","LACROSSE, MALIBU, REGAL",2013,SUSPENSION:REAR,20210812,20220103,32894,MFR,No,No
21V631000,https://www.nhtsa.gov/vehicle/recalls#?nhtsaId=21V631000,FORD,TRANSIT,"2015, 2016, 2017, 2018, 2019, 2020",PARKING BRAKE:CONVENTIONAL:MECHANICAL:LINKAGE AND CABLE,20210811,20220314,30,MFR,No,No
21V625000,https://www.nhtsa.gov/vehicle/recalls#?nhtsaId=21V625000,"FORD, LINCOLN","BRONCO SPORT, CORSAIR, ESCAPE","2021, 2022","FUEL SYSTEM, GASOLINE:DELIVERY:FUEL PUMP:CONTROL/DRIVE MODULE",20210810,20211214,13773,MFR,No,No
21V622000,https://www.nhtsa.gov/vehicle/recalls#?nhtsaId=21V622000,KIA,"FORTE, RIO","2016, 2017, 2018, 2019",LATCHES/LOCKS/LINKAGES:TRUNK LID:LATCH,20210809,20220210,253074,MFR,No,No
21V619000,https://www.nhtsa.gov/vehicle/recalls#?nhtsaId=21V619000,HYUNDAI,"ACCENT, AZERA, SONATA, SONATA HYBRID","2016, 2017, 2018, 2019, 2020",LATCHES/LOCKS/LINKAGES:TRUNK LID:LATCH,20210806,20211204,348158,MFR,No,No
21V615000,https://www.nhtsa.gov/vehicle/recalls#?nhtsaId=21V615000,VOLKSWAGEN,TAOS,2022,ENGINE AND ENGINE COOLING:ENGINE:ENGINE CONTROL MODULE (ECU/ECM):SOFTWARE,20210806,20211005,5092,MFR,No,No
21V616000,https://www.nhtsa.gov/vehicle/recalls#?nhtsaId=21V616000,VOLKSWAGEN,"ATLAS, ATLAS CROSS SPORT",2021,ELECTRICAL SYSTEM:WIRING:RELAYS/SOLENOIDS,20210806,20210827,33,MFR,No,No
21V612000,https://www.nhtsa.gov/vehicle/recalls#?nhtsaId=21V612000,"CHEVROLET, GMC","EQUINOX, TERRAIN, TERRAIN NA","2021, 2022",TIRES:TREAD/BELT,20210805,20210831,9597,MFR,No,No
21V611000,https://www.nhtsa.gov/vehicle/recalls#?nhtsaId=21V611000,CADILLAC,"CT4, CT5","2020, 2021, 2022",AIR BAGS:SIDE/WINDOW:CURTAIN,20210805,20210830,34157,MFR,No,No
21V606000,https://www.nhtsa.gov/vehicle/recalls#?nhtsaId=21V606000,"AUDI, VOLKSWAGEN","A4, A5, A5 CABRIOLET, A6, A6 ALLROAD, A7, A8, E-TRON, ID.4, Q3, Q5, Q7, Q8, RS 5, RS 6 AVANT, RS 7, RS Q8, S3, S4, S5, S5 CABRIOLET, S6, S7, S8, SQ5, SQ7, SQ8","2021, 2022",SEAT BELTS:REAR/OTHER:RETRACTOR,20210805,20210827,45496,MFR,No,No
21V607000,https://www.nhtsa.gov/vehicle/recalls#?nhtsaId=21V607000,VOLKSWAGEN,ID.4,2021,SEAT BELTS:REAR/OTHER:RETRACTOR,20210804,20210827,12060,MFR,No,No
21V608000,https://www.nhtsa.gov/vehicle/recalls#?nhtsaId=21V608000,PORSCHE,"911, PANAMERA, PANAMERA 4 E-HYBRID, PANAMERA 4S, PANAMERA GTS, PANAMERA TURBO S, TAYCAN",2021,SEAT BELTS:FRONT:RETRACTOR,20210804,20211001,4924,MFR,No,No
21V598000,https://www.nhtsa.gov/vehicle/recalls#?nhtsaId=21V598000,"BMW, TOYOTA","540I, 745LE, M340I, SUPRA, X3, X4, Z4","2019, 2020, 2021",ENGINE,20210802,20210917,50024,MFR,No,No
21V595000,https://www.nhtsa.gov/vehicle/recalls#?nhtsaId=21V595000,AUDI,E-TRON,2021,STRUCTURE:INTERIOR PANELS:DASHBOARD,20210802,20210827,58,MFR,No,No
21V592000,https://www.nhtsa.gov/vehicle/recalls#?nhtsaId=21V592000,FORD,"TRANSIT, TRANSIT CONNECT","2021, 2022",SEAT BELTS:FRONT:RETRACTOR,20210730,20211230,42493,MFR,No,No
21V586000,https://www.nhtsa.gov/vehicle/recalls#?nhtsaId=21V586000,BMW,"328D, 535D, 740LD, X3, X5","2014, 2015, 2016, 2017, 2018","FUEL SYSTEM, DIESEL:DELIVERY:FUEL PUMP",20210729,20220114,11216,MFR,No,No
21V578000,https://www.nhtsa.gov/vehicle/recalls#?nhtsaId=21V578000,"CHEVROLET, GMC","SIERRA 2500, SILVERADO 2500","2020, 2021",TIRES:TEMPORARY/EMERGENCY SPARE TIRE,20210729,20211018,86,MFR,No,No
21V587000,https://www.nhtsa.gov/vehicle/recalls#?nhtsaId=21V587000,TOYOTA,86,"2018, 2019","FUEL SYSTEM, GASOLINE:DELIVERY:FUEL PUMP",20210729,20210924,175968,MFR,No,No
21V579000,https://www.nhtsa.gov/vehicle/recalls#?nhtsaId=21V579000,"CHEVROLET, GMC","TAHOE, YUKON",2021,"SERVICE BRAKES, HYDRAULIC:POWER ASSIST:ELECTRIC:CONTROL MODULE:SOFTWARE",20210729,20210827,2,MFR,No,No
21V577000,https://www.nhtsa.gov/vehicle/recalls#?nhtsaId=21V577000,KIA,TELLURIDE,2022,ELECTRICAL SYSTEM: INSTRUMENT CLUSTER/PANEL,20210728,20210803,5143,MFR,No,No
21V569000,https://www.nhtsa.gov/vehicle/recalls#?nhtsaId=21V569000,AUDI,E-TRON,"2020, 2021","SERVICE BRAKES, HYDRAULIC",20210726,20210914,498,MFR,No,No
21V560000,https://www.nhtsa.gov/vehicle/recalls#?nhtsaId=21V560000,CHEVROLET,BOLT EV,"2017, 2018, 2019",ELECTRICAL SYSTEM:PROPULSION SYSTEM:TRACTION BATTERY,20210723,20210813,57414,ODI,No,Yes
21V564000,https://www.nhtsa.gov/vehicle/recalls#?nhtsaId=21V564000,MERCEDES-BENZ,G 550,2019,"FUEL SYSTEM, GASOLINE:STORAGE:TANK ASSEMBLY",20210723,20210903,3,MFR,No,No
21V554000,https://www.nhtsa.gov/vehicle/recalls#?nhtsaId=21V554000,"BMW, MINI, TOYOTA","228I, 230I, 330E, 330I, 430I, 530I, 540I, COOPER, COOPER S, COOPER S CLUBMAN, COOPER SE, COUNTRYMAN, M2, M235I, M240I, M3, M340I, M4, M440I, SUPRA, X1, X2, Z4",2021,SEAT BELTS,20210721,20210903,21537,MFR,No,No
21V539000,https://www.nhtsa.gov/vehicle/recalls#?nhtsaId=21V539000,MERCEDES-BENZ,GLK250,2013,POWER TRAIN:AUTOMATIC TRANSMISSION,20210716,20210903,371,MFR,No,No
21V533000,https://www.nhtsa.gov/vehicle/recalls#?nhtsaId=21V533000,FORD,F-150,2021,"SERVICE BRAKES, HYDRAULIC",20210715,20210728,56,MFR,No,No
21V534000,https://www.nhtsa.gov/vehicle/recalls#?nhtsaId=21V534000,LINCOLN,AVIATOR,"2020, 2021",VISIBILITY:DEFROSTER/DEFOGGER/HVAC SYSTEM:COMPRESSOR,20210715,20210730,33298,MFR,No,No
21V536000,https://www.nhtsa.gov/vehicle/recalls#?nhtsaId=21V536000,FORD,F-350 SD,"2020, 2021",POWER TRAIN:AXLE ASSEMBLY,20210715,20210903,27604,MFR,No,No
21V537000,https://www.nhtsa.gov/vehicle/recalls#?nhtsaId=21V537000,FORD,EXPLORER,"2013, 2014, 2015, 2016, 2017",SUSPENSION:REAR,20210715,20220316,631176,MFR,No,No
21V526000,https://www.nhtsa.gov/vehicle/recalls#?nhtsaId=21V526000,MERCEDES-BENZ,GLB 250,2020,ELECTRICAL SYSTEM:WIRING:CONNECTORS/PLUGS:ACCESORY POWER OUTLET/JACK/PORT/USB/SAE/CIGARETTE LIGHTER,20210712,20210903,1690,MFR,No,No
21V527000,https://www.nhtsa.gov/vehicle/recalls#?nhtsaId=21V527000,MERCEDES-BENZ,"AMG CLS53, AMG E53, AMG G63, AMG GLC63, AMG GT43, AMG GT53, CLS 450, E 350, E 450, G 550, GLC 300, S 450, S 560","2020, 2021",AIR BAGS:SENSOR:SIDE IMPACT,20210712,20210903,542,MFR,No,No
21V524000,https://www.nhtsa.gov/vehicle/recalls#?nhtsaId=21V524000,HYUNDAI,"SANTA FE, SONATA","2021, 2022","FUEL SYSTEM, GASOLINE:DELIVERY:HOSES, LINES/PIPING, AND FITTINGS",20210709,20210903,15752,MFR,No,No
21V521000,https://www.nhtsa.gov/vehicle/recalls#?nhtsaId=21V521000,BMW,"X3, X4","2018, 2019",AIR BAGS:SENSOR:OCCUPANT CLASSIFICATION:FRONT PASSENGER,20210708,20210903,138,MFR,No,No
21V520000,https://www.nhtsa.gov/vehicle/recalls#?nhtsaId=21V520000,BMW,X5,2019,ELECTRICAL SYSTEM: INSTRUMENT CLUSTER/PANEL,20210708,20210726,1,MFR,No,No
21V519000,https://www.nhtsa.gov/vehicle/recalls#?nhtsaId=21V519000,KIA,"K5, SORENTO","2021, 2022","FUEL SYSTEM, GASOLINE:DELIVERY:HOSES, LINES/PIPING, AND FITTINGS",20210708,20210721,21575,MFR,No,No
21V517000,https://www.nhtsa.gov/vehicle/recalls#?nhtsaId=21V517000,CHEVROLET,"BOLT EUV, BOLT EV",2022,AIR BAGS:CRITICAL FASTENERS,20210708,20210729,28,MFR,No,No
21V516000,https://www.nhtsa.gov/vehicle/recalls#?nhtsaId=21V516000,"CHRYSLER, DODGE","300, CHALLENGER, CHARGER","2020, 2021",VISIBILITY:WINDSHIELD,20210708,20210831,21258,MFR,No,No
21V513000,https://www.nhtsa.gov/vehicle/recalls#?nhtsaId=21V513000,MERCEDES-BENZ,"METRIS, SPRINTER 1500, SPRINTER 2500, SPRINTER 3500, SPRINTER 4500",2021,SEAT BELTS:REAR/OTHER:RETRACTOR,20210707,20211221,1514,MFR,No,No
21V509000,https://www.nhtsa.gov/vehicle/recalls#?nhtsaId=21V509000,MERCEDES-BENZ,"A 220, AMG C43, AMG C63, AMG GLE53, AMG GLE63, C 300, GLB 250, GLE 350, GLE 450, GLE 580","2018, 2019, 2020, 2021",EXTERIOR LIGHTING:HEADLIGHTS,20210702,20220107,1467,MFR,No,No
21V495000,https://www.nhtsa.gov/vehicle/recalls#?nhtsaId=21V495000,CHEVROLET,SILVERADO 1500,2021,AIR BAGS:FRONTAL,20210701,20210729,12,MFR,No,No
21V504000,https://www.nhtsa.gov/vehicle/recalls#?nhtsaId=21V504000,"CHEVROLET, GMC","SIERRA 1500, SIERRA 2500, SIERRA 3500, SILVERADO 1500, SILVERADO 2500, SILVERADO 3500","2015, 2016",AIR BAGS:SIDE/WINDOW:CURTAIN:INFLATOR,20210701,20220505,410019,MFR,No,No
21V497000,https://www.nhtsa.gov/vehicle/recalls#?nhtsaId=21V497000,GMC,CANYON,2021,EQUIPMENT:OTHER:LABELS,20210701,20210817,7199,MFR,No,No
21V496000,https://www.nhtsa.gov/vehicle/recalls#?nhtsaId=21V496000,"CHEVROLET, GMC","SIERRA 2500, SIERRA 3500, SILVERADO 2500, SILVERADO 3500","2017, 2018, 2019",EQUIPMENT:ELECTRICAL:ENGINE BLOCK HEATER,20210701,20220404,338020,MFR,No,No
21V492000,https://www.nhtsa.gov/vehicle/recalls#?nhtsaId=21V492000,VOLKSWAGEN,JETTA,"2020, 2021",AIR BAGS: AIR BAG/RESTRAINT CONTROL MODULE,20210630,20220128,379,MFR,No,No
21V493000,https://www.nhtsa.gov/vehicle/recalls#?nhtsaId=21V493000,PORSCHE,CAYENNE,2021,STEERING:COLUMN,20210630,20210824,27,MFR,No,No
21V486000,https://www.nhtsa.gov/vehicle/recalls#?nhtsaId=21V486000,PORSCHE,TAYCAN,"2020, 2021",ENGINE AND ENGINE COOLING:ENGINE:ENGINE CONTROL MODULE (ECU/ECM):SOFTWARE,20210629,20210730,10373,ODI,No,No
21V478000,https://www.nhtsa.gov/vehicle/recalls#?nhtsaId=21V478000,MERCEDES-BENZ,AMG GT,"2016, 2017, 2018",POWER TRAIN:DRIVELINE:DRIVESHAFT,20210625,20211015,1522,MFR,No,No
21V483000,https://www.nhtsa.gov/vehicle/recalls#?nhtsaId=21V483000,MERCEDES-BENZ,"AMG CLS53, AMG E53, AMG E63, AMG G63, AMG GT43, AMG GT53, AMG GT63, CLS 450, E 350, E 450, G 550","2021, 2022",SEAT BELTS:REAR/OTHER:RETRACTOR,20210625,20210924,4917,MFR,No,No
21V472000,https://www.nhtsa.gov/vehicle/recalls#?nhtsaId=21V472000,"BUICK, CHEVROLET","ENCLAVE, TRAVERSE",2021,AIR BAGS:SENSOR:FRONTAL IMPACT,20210624,20210729,6,MFR,No,No
21V473000,https://www.nhtsa.gov/vehicle/recalls#?nhtsaId=21V473000,CADILLAC,SRX,"2010, 2011, 2012, 2013, 2014, 2015, 2016",SUSPENSION:REAR,20210624,20211025,380498,ODI,Yes,No
21V467000,https://www.nhtsa.gov/vehicle/recalls#?nhtsaId=21V467000,PORSCHE,911,2021,AIR BAGS:SENSOR:OCCUPANT CLASSIFICATION:FRONT PASSENGER,20210623,20211116,149,MFR,No,No
21V470000,https://www.nhtsa.gov/vehicle/recalls#?nhtsaId=21V470000,AUDI,"A4, S4, TT","2000, 2001, 2002",AIR BAGS:FRONTAL:DRIVER SIDE:INFLATOR MODULE,20210623,20211102,62812,MFR,No,No
21V455000,https://www.nhtsa.gov/vehicle/recalls#?nhtsaId=21V455000,"CADILLAC, CHEVROLET, GMC","ESCALADE ESV, ESCALADE NA, SUBURBAN, TAHOE, YUKON, YUKON XL",2021,STEERING:STEERING CONTROL MODULE,20210617,20210713,26847,MFR,No,No
21V447000,https://www.nhtsa.gov/vehicle/recalls#?nhtsaId=21V447000,KIA,K5,"2021, 2022",LANE DEPARTURE: LANE KEEP: STEERING ASSIST,20210614,20210624,846,MFR,No,No
21V421000,https://www.nhtsa.gov/vehicle/recalls#?nhtsaId=21V421000,"BUICK, CADILLAC, CHEVROLET, GMC","CORVETTE, CT4, CT5, ENVISION, ESCALADE, ESCALADE ESV, SUBURBAN, TAHOE, YUKON, YUKON XL",2021,AIR BAGS:SRS MALFUNCTION WARNING LAMP/LIGHT,20210610,20210701,285622,MFR,No,No
21V438000,https://www.nhtsa.gov/vehicle/recalls#?nhtsaId=21V438000,RAM,1500,2021,BACK OVER PREVENTION:DISPLAY FUNCTION,20210610,20210624,14096,MFR,No,No
21V439000,https://www.nhtsa.gov/vehicle/recalls#?nhtsaId=21V439000,RAM,"3500, 4500, 5500","2019, 2020",ENGINE AND ENGINE COOLING:ENGINE:OIL/LUBRICATION,20210610,20210625,32002,MFR,No,No
21V440000,https://www.nhtsa.gov/vehicle/recalls#?nhtsaId=21V440000,"BUICK, CHEVROLET","ENCORE GX, TRAILBLAZER","2020, 2021, 2022",EQUIPMENT:MECHANICAL:ACCESSORY SCISSOR/SCREW/BOTTLE JACK/LIFT:STAND,20210610,20210729,135400,MFR,No,No
21V432000,https://www.nhtsa.gov/vehicle/recalls#?nhtsaId=21V432000,HONDA,ODYSSEY,2022,SEATS,20210607,20210804,649,MFR,No,No
21V422000,https://www.nhtsa.gov/vehicle/recalls#?nhtsaId=21V422000,"CADILLAC, GMC","ACADIA, XT5, XT6",2021,"FUEL SYSTEM, GASOLINE:DELIVERY:HOSES, LINES/PIPING, AND FITTINGS",20210603,20210701,572,MFR,No,No
21V423000,https://www.nhtsa.gov/vehicle/recalls#?nhtsaId=21V423000,"CHEVROLET, GMC","SIERRA 1500, SILVERADO 1500",2019,TIRES:SIDEWALL,20210603,20210625,896,MFR,No,No
21V413000,https://www.nhtsa.gov/vehicle/recalls#?nhtsaId=21V413000,VOLKSWAGEN,ID.4,2021,EXTERIOR LIGHTING:HEADLIGHTS,20210602,20210618,3240,MFR,No,No
21V410000,https://www.nhtsa.gov/vehicle/recalls#?nhtsaId=21V410000,MERCEDES-BENZ,"SPRINTER 1500, SPRINTER 2500, SPRINTER 3500, SPRINTER 4500","2019, 2020, 2021",AIR BAGS:PASSENGER SIDE FRONTAL:CUSHION,20210602,20210811,4078,MFR,No,No
21V411000,https://www.nhtsa.gov/vehicle/recalls#?nhtsaId=21V411000,MERCEDES-BENZ,"SPRINTER 1500, SPRINTER 2500, SPRINTER 3500, SPRINTER 4500","2019, 2020, 2021",ELECTRICAL SYSTEM:SOFTWARE,20210602,20210817,33437,MFR,No,No
21V407000,https://www.nhtsa.gov/vehicle/recalls#?nhtsaId=21V407000,FORD,F-150,2021,STEERING:RACK AND PINION,20210529,20210604,223,MFR,Yes,No
21V404000,https://www.nhtsa.gov/vehicle/recalls#?nhtsaId=21V404000,MERCEDES-BENZ,GLB 250,2020,AIR BAGS:SIDE/WINDOW:CURTAIN,20210528,20210924,16,MFR,No,No
21V406000,https://www.nhtsa.gov/vehicle/recalls#?nhtsaId=21V406000,MERCEDES-BENZ,"AMG C43, AMG C63, AMG C63 S, AMG E53, C 300, E 450",2021,SEATS:MID/REAR ASSEMBLY:HEAD RESTRAINT,20210528,20210716,218,MFR,No,No
21V405000,https://www.nhtsa.gov/vehicle/recalls#?nhtsaId=21V405000,MERCEDES-BENZ,GLB 250,2020,AIR BAGS:PASSENGER SIDE FRONTAL:CUSHION,20210528,20210716,17,MFR,No,No
21V403000,https://www.nhtsa.gov/vehicle/recalls#?nhtsaId=21V403000,MERCEDES-BENZ,GLB 250,2020,STRUCTURE,20210528,20210720,5680,MFR,No,No
21V401000,https://www.nhtsa.gov/vehicle/recalls#?nhtsaId=21V401000,BMW,"3 SERIES, 323CI, 323I, 325CI, 328CI, 328I, 330CI, 330I, 330XI","1999, 2000, 2001",AIR BAGS:FRONTAL:DRIVER SIDE:INFLATOR MODULE,20210527,20210712,4511,MFR,No,No
21V398000,https://www.nhtsa.gov/vehicle/recalls#?nhtsaId=21V398000,"DODGE, RAM","3500, 4500, 5500, RAM 3500, RAM 4500, RAM 5500","2012, 2013, 2014, 2015, 2016, 2017, 2018, 2019, 2020, 2021",WHEELS:LUGS/NUTS/BOLTS/STUDS,20210527,20210826,447985,MFR,No,No
21V387000,https://www.nhtsa.gov/vehicle/recalls#?nhtsaId=21V387000,TESLA,"MODEL 3, MODEL Y","2019, 2020, 2021","SERVICE BRAKES, HYDRAULIC:CRITICAL FASTENERS",20210525,20210723,5974,MFR,No,No
21V388000,https://www.nhtsa.gov/vehicle/recalls#?nhtsaId=21V388000,TESLA,MODEL Y,"2019, 2020, 2021",SEAT BELTS:CRITICAL FASTENERS,20210525,20210723,2166,MFR,No,No
21V390000,https://www.nhtsa.gov/vehicle/recalls#?nhtsaId=21V390000,FORD,"F-350 SD, F-450 SD, F-550 SD, F-600 SD",2021,POWER TRAIN:AXLE HUBS,20210525,20210618,17616,MFR,Yes,No
21V389000,https://www.nhtsa.gov/vehicle/recalls#?nhtsaId=21V389000,TESLA,"MODEL 3, MODEL Y","2018, 2019, 2020, 2021",SEAT BELTS:CRITICAL FASTENERS,20210525,20210723,5530,MFR,No,No
21V382000,https://www.nhtsa.gov/vehicle/recalls#?nhtsaId=21V382000,HONDA,"C125, CB500F, CB500X, CB650R, CBR300R, CBR500R, CBR650R, CMX300, CMX500, CRF250L, CRF300L, GROM125, MONKEY125","2020, 2021",EXTERIOR LIGHTING,20210524,20210707,28528,MFR,No,No
21V376000,https://www.nhtsa.gov/vehicle/recalls#?nhtsaId=21V376000,FORD,TRANSIT CONNECT,"2013, 2014, 2015, 2016, 2017, 2018, 2019, 2020, 2021",POWER TRAIN:SHIFT LINKAGE/CABLE/ROD,20210524,20210630,192080,MFR,No,No
21V377000,https://www.nhtsa.gov/vehicle/recalls#?nhtsaId=21V377000,FORD,EDGE,2021,SEAT BELTS:PRETENSIONER,20210524,20210615,82,MFR,No,No
21V379000,https://www.nhtsa.gov/vehicle/recalls#?nhtsaId=21V379000,FORD,"F-350 SD, F-450 SD",2021,TRAILER HITCHES:FIFTH WHEEL ASSEMBLY,20210524,20210616,1796,MFR,No,No
21V381000,https://www.nhtsa.gov/vehicle/recalls#?nhtsaId=21V381000,FORD,F-150,2021,POWER TRAIN:DRIVELINE:DRIVESHAFT,20210524,20210615,4436,MFR,No,No
21V359000,https://www.nhtsa.gov/vehicle/recalls#?nhtsaId=21V359000,MERCEDES-BENZ,"SPRINTER 1500, SPRINTER 2500, SPRINTER 3500, SPRINTER 4500",2020,STRUCTURE:BODY:DOOR:HINGE AND ATTACHMENTS,20210517,20210618,2016,MFR,No,No
21V360000,https://www.nhtsa.gov/vehicle/recalls#?nhtsaId=21V360000,MERCEDES-BENZ,SPRINTER (VS30),2019,ELECTRONIC STABILITY CONTROL (ESC):CONTROL MODULE:SOFTWARE,20210517,20210702,168,MFR,No,No
21V362000,https://www.nhtsa.gov/vehicle/recalls#?nhtsaId=21V362000,PORSCHE,"PANAMERA, PANAMERA 4, PANAMERA 4 E-HYBRID, PANAMERA 4S, PANAMERA 4S E-HYBRID, PANAMERA GTS, PANAMERA TURBO S, TAYCAN",2021,SUSPENSION:FRONT,20210517,20211001,565,MFR,No,No
21V354000,https://www.nhtsa.gov/vehicle/recalls#?nhtsaId=21V354000,MERCEDES-BENZ,"A 220, AMG A35, AMG CLA35, AMG CLA45, AMG CLS53, AMG E53, AMG E63S, AMG GLA35, AMG GLA45, AMG GLB35, AMG GLC43, AMG GLC63, AMG GLE53, AMG GLE63 S, AMG GLS63, AMG GT43, AMG GT53, AMG GT63, AMG GT63S, CLA 250, CLS 450, E 350, E 450, GLA 250, GLB 250, GLC 300, GLC 350 E, GLE 350, GLE 450, GLE 580, GLS 450, GLS 580 4MATIC, GLS450, GLS580, MAYBACH GLS600","2019, 2020, 2021",BACK OVER PREVENTION: SENSING SYSTEM: CAMERA,20210514,20210628,343191,MFR,No,No
21V353000,https://www.nhtsa.gov/vehicle/recalls#?nhtsaId=21V353000,MERCEDES-BENZ,"AMG G63, G 550","2019, 2020, 2021",LATCHES/LOCKS/LINKAGES:DOORS:LATCH,20210514,20210709,17800,MFR,No,No
21V346000,https://www.nhtsa.gov/vehicle/recalls#?nhtsaId=21V346000,CHEVROLET,"6500, SILVERADO 6500",2019,ENGINE AND ENGINE COOLING:ENGINE:ENGINE CONTROL MODULE (ECU/ECM):SOFTWARE,20210513,20210607,196,MFR,No,No
21V342000,https://www.nhtsa.gov/vehicle/recalls#?nhtsaId=21V342000,BMW,"230I, M240I",2021,STRUCTURE:BODY:ROOF AND PILLARS,20210512,20210615,2,MFR,No,No
21V341000,https://www.nhtsa.gov/vehicle/recalls#?nhtsaId=21V341000,PORSCHE,CAYENNE GTS,2021,ENGINE,20210512,20210709,12,MFR,No,No
21V339000,https://www.nhtsa.gov/vehicle/recalls#?nhtsaId=21V339000,AUDI,"RS 6 AVANT, RS 7, RS Q8, SQ7, SQ8",2021,ENGINE,20210512,20210709,15,MFR,No,No
21V331000,https://www.nhtsa.gov/vehicle/recalls#?nhtsaId=21V331000,KIA,"OPTIMA, SORENTO","2013, 2014, 2015","SERVICE BRAKES, HYDRAULIC:ANTILOCK/TRACTION CONTROL/ELECTRONIC LIMITED SLIP:CONTROL UNIT/MODULE ",20210510,20210702,440370,ODI,No,Yes
21V324000,https://www.nhtsa.gov/vehicle/recalls#?nhtsaId=21V324000,FORD,TRANSIT,2019,SUSPENSION:REAR:AXLE:NON-POWERED AXLE ASSEMBLY,20210507,20210628,2503,MFR,No,No
21V321000,https://www.nhtsa.gov/vehicle/recalls#?nhtsaId=21V321000,VOLKSWAGEN,"ATLAS, CC, E-GOLF, GOLF, GOLF R, PASSAT, TIGUAN, TOUAREG","2016, 2017, 2018, 2019",UNKNOWN OR OTHER,20210505,20210520,46,MFR,No,No
21V318000,https://www.nhtsa.gov/vehicle/recalls#?nhtsaId=21V318000,PORSCHE,"CAYENNE, CAYENNE E-HYBRID, CAYENNE GTS, CAYENNE S, redundant CAYENNE E-HYBRID","2020, 2021",SEATS,20210505,20210625,136,MFR,No,No
21V316000,https://www.nhtsa.gov/vehicle/recalls#?nhtsaId=21V316000,FORD,EXPLORER,"2016, 2017, 2018, 2019",STRUCTURE:BODY,20210505,20211001,616967,MFR,No,No
21V310000,https://www.nhtsa.gov/vehicle/recalls#?nhtsaId=21V310000,JEEP,CHEROKEE,2021,POWER TRAIN:AUTOMATIC TRANSMISSION:COOLER/RADIATOR:HOSES AND FITTINGS,20210504,20210518,18800,MFR,No,No
21V309000,https://www.nhtsa.gov/vehicle/recalls#?nhtsaId=21V309000,ALFA ROMEO,"GIULIA, STELVIO","2019, 2020, 2021","SERVICE BRAKES, HYDRAULIC",20210504,20210629,9,MFR,No,No
21V308000,https://www.nhtsa.gov/vehicle/recalls#?nhtsaId=21V308000,HYUNDAI,SANTA FE,2021,"FUEL SYSTEM, GASOLINE:DELIVERY:HOSES, LINES/PIPING, AND FITTINGS",20210503,20210503,2,MFR,No,No
21V303000,https://www.nhtsa.gov/vehicle/recalls#?nhtsaId=21V303000,HYUNDAI,SANTA FE SPORT,"2013, 2014, 2015","SERVICE BRAKES, HYDRAULIC:ANTILOCK/TRACTION CONTROL/ELECTRONIC LIMITED SLIP:CONTROL UNIT/MODULE ",20210428,20210825,151205,ODI,No,Yes
21V298000,https://www.nhtsa.gov/vehicle/recalls#?nhtsaId=21V298000,BMW,"330E, 330I, M3, M340I",2021,SEAT BELTS:FRONT:BUCKLE ASSEMBLY,20210428,20210625,12,MFR,No,No
21V301000,https://www.nhtsa.gov/vehicle/recalls#?nhtsaId=21V301000,HYUNDAI,"ELANTRA, KONA, VELOSTER","2019, 2020, 2021",ENGINE,20210428,20210824,158493,MFR,No,No
21V302000,https://www.nhtsa.gov/vehicle/recalls#?nhtsaId=21V302000,HYUNDAI,ELANTRA,2021,SEATS:FRONT ASSEMBLY:RECLINER,20210428,20210621,1464,MFR,No,No
21V295000,https://www.nhtsa.gov/vehicle/recalls#?nhtsaId=21V295000,AUDI,"A4, A5, A6, A7, A8, Q5, Q7, Q8, RS 5, RS 6 AVANT, RS 7, RS Q8, S4, S5, S5 CABRIOLET, S6, S7, S8, SQ5","2019, 2020, 2021",SUSPENSION:REAR:AXLE:NON-POWERED AXLE ASSEMBLY,20210426,20210604,40993,MFR,No,No
21V288000,https://www.nhtsa.gov/vehicle/recalls#?nhtsaId=21V288000,MERCEDES-BENZ,"AMG GLE53, GLE 350, GLE 450, GLE 580, GLS 450, GLS 580 4MATIC","2020, 2021",EQUIPMENT:APPLIANCE:AIR CONDITIONER,20210423,20210604,6331,MFR,No,No
21V280000,https://www.nhtsa.gov/vehicle/recalls#?nhtsaId=21V280000,DODGE,DURANGO,"2020, 2021",AIR BAGS:CRITICAL FASTENERS,20210422,20210507,2721,MFR,No,No
21V277000,https://www.nhtsa.gov/vehicle/recalls#?nhtsaId=21V277000,KIA,CARNIVAL,2022,"FUEL SYSTEM, GASOLINE:FUEL INJECTION SYSTEM:FUEL RAIL",20210421,20210430,2744,MFR,No,No
21V274000,https://www.nhtsa.gov/vehicle/recalls#?nhtsaId=21V274000,VOLKSWAGEN,ARTEON,2021,TIRES:PRESSURE MONITORING AND REGULATING SYSTEMS,20210421,20210525,149,MFR,No,No
21V271000,https://www.nhtsa.gov/vehicle/recalls#?nhtsaId=21V271000,PORSCHE,CAYENNE,2021,SUSPENSION:REAR:AXLE:NON-POWERED AXLE ASSEMBLY,20210421,20210618,1568,MFR,No,No
21V257000,https://www.nhtsa.gov/vehicle/recalls#?nhtsaId=21V257000,TOYOTA,VENZA,"2009, 2010, 2011, 2012, 2013, 2014, 2015",AIR BAGS:SIDE/WINDOW:CURTAIN,20210413,20211019,279040,MFR,No,No
21V259000,https://www.nhtsa.gov/vehicle/recalls#?nhtsaId=21V259000,KIA,"SELTOS, SOUL","2020, 2021",ENGINE,20210413,20210611,147249,MFR,No,No
21V260000,https://www.nhtsa.gov/vehicle/recalls#?nhtsaId=21V260000,KIA,FORTE,"2017, 2018",ENGINE AND ENGINE COOLING:ENGINE:OIL/LUBRICATION:PUMP,20210413,20210816,4069,MFR,No,No
21E027000,https://www.nhtsa.gov/vehicle/recalls#?nhtsaId=21E027000,FORD,F-150,"2015, 2016, 2017, 2018",SUSPENSION:FRONT:CONTROL ARM:UPPER BALL JOINT,20210412,20210505,2394,MFR,No,No
21E026000,https://www.nhtsa.gov/vehicle/recalls#?nhtsaId=21E026000,FORD,START STOP ACCUMULATOR,9999,POWER TRAIN:AUTOMATIC TRANSMISSION,20210409,20200921,515,MFR,No,No
21V245000,https://www.nhtsa.gov/vehicle/recalls#?nhtsaId=21V245000,"CHEVROLET, GMC","SIERRA 1500, SILVERADO 1500, TAHOE","2014, 2015, 2016",SEAT BELTS:FRONT,20210408,20210505,2568,ODI,No,No
21V246000,https://www.nhtsa.gov/vehicle/recalls#?nhtsaId=21V246000,"BUICK, CHEVROLET, GMC","ACADIA, ENCLAVE, TRAVERSE","2010, 2011, 2012, 2013, 2014, 2015, 2016, 2017, 2018, 2019",AIR BAGS:CRITICAL FASTENERS,20210408,20210524,108,MFR,No,No
21V249000,https://www.nhtsa.gov/vehicle/recalls#?nhtsaId=21V249000,HONDA,CBR1000RR,2021,STRUCTURE,20210408,20210607,89,MFR,No,No
21V241000,https://www.nhtsa.gov/vehicle/recalls#?nhtsaId=21V241000,MERCEDES-BENZ,"SPRINTER (VS30), SPRINTER 1500, SPRINTER 2500, SPRINTER 3500, SPRINTER 4500","2019, 2020","STEERING:HYDRAULIC POWER ASSIST:HOSE, PIPING, AND CONNECTIONS",20210406,20210528,4444,MFR,No,No
21V235000,https://www.nhtsa.gov/vehicle/recalls#?nhtsaId=21V235000,MERCEDES-BENZ,"SPRINTER 1500, SPRINTER 2500, SPRINTER 3500, SPRINTER 4500","2019, 2020",ELECTRICAL SYSTEM: INSTRUMENT CLUSTER/PANEL,20210405,20210528,1285,MFR,No,No
21V237000,https://www.nhtsa.gov/vehicle/recalls#?nhtsaId=21V237000,MERCEDES-BENZ,SPRINTER (VS30),2019,EQUIPMENT:OTHER:LABELS,20210405,20210511,1,MFR,No,No
21V228000,https://www.nhtsa.gov/vehicle/recalls#?nhtsaId=21V228000,MERCEDES-BENZ,"AMG E63, E 350, E 450",2021,BACK OVER PREVENTION:WARNINGS:EXTERNAL/PEDESTRIAN ALERT,20210401,20210408,6,MFR,No,No
21V229000,https://www.nhtsa.gov/vehicle/recalls#?nhtsaId=21V229000,MERCEDES-BENZ,"AMG CLA45, AMG GLA45, B 250E, CLA250, GLA 250","2017, 2018",STEERING:GEAR BOX:SHAFT SECTOR,20210401,20210723,4992,MFR,No,No
21V230000,https://www.nhtsa.gov/vehicle/recalls#?nhtsaId=21V230000,MERCEDES-BENZ,"AMG C43, AMG C63, AMG C63 S, AMG CLS53, AMG E53, AMG G63, AMG GLC43, AMG GLC63, AMG GLC63 S, AMG GT43, AMG GT53, AMG GT63, AMG GT63S, C 300, CLS 450, E 350, E 450, G 550, GLC 300",2021,SEAT BELTS:PRETENSIONER,20210401,20210521,8634,MFR,No,No
21V231000,https://www.nhtsa.gov/vehicle/recalls#?nhtsaId=21V231000,MERCEDES-BENZ,"AMG GLB35, GLB 250","2020, 2021",STRUCTURE:BODY:TAILGATE ,20210401,20210702,5215,MFR,No,No
21V232000,https://www.nhtsa.gov/vehicle/recalls#?nhtsaId=21V232000,MERCEDES-BENZ,GLB 250,"2020, 2021",STRUCTURE:BODY,20210401,20210521,2362,MFR,No,No
21V224000,https://www.nhtsa.gov/vehicle/recalls#?nhtsaId=21V224000,PORSCHE,MACAN,2021,SUSPENSION:REAR:SHOCK ABSORBER,20210331,20210507,10,MFR,Yes,No
21V221000,https://www.nhtsa.gov/vehicle/recalls#?nhtsaId=21V221000,ALFA ROMEO,STELVIO,2021,AIR BAGS:SIDE/WINDOW:CURTAIN,20210330,20210506,1222,MFR,No,No
21V223000,https://www.nhtsa.gov/vehicle/recalls#?nhtsaId=21V223000,LINCOLN,AVIATOR,"2020, 2021",BACK OVER PREVENTION:DISPLAY FUNCTION,20210330,20210521,34952,MFR,No,No
21V216000,https://www.nhtsa.gov/vehicle/recalls#?nhtsaId=21V216000,MERCEDES-BENZ,"AMG E53, AMG E63S, E 350, E 450, E63 AMG","2020, 2021",SEATS,20210326,20210429,109,MFR,No,No
21V217000,https://www.nhtsa.gov/vehicle/recalls#?nhtsaId=21V217000,MERCEDES-BENZ,"AMG E63S, AMG GT63, AMG GT63S","2018, 2019, 2020, 2021",ELECTRICAL SYSTEM:WIRING,20210326,20210518,493,MFR,No,No
21V215000,https://www.nhtsa.gov/vehicle/recalls#?nhtsaId=21V215000,"ACURA, HONDA","ACCORD, ACCORD HYBRID, CIVIC, CIVIC TYPE R, CR-V, FIT, HR-V, ILX, INSIGHT, MDX, MDX SPORT HYBRID, ODYSSEY, PASSPORT, PILOT, RDX, RIDGELINE, TLX","2018, 2019, 2020","FUEL SYSTEM, GASOLINE:DELIVERY:FUEL PUMP",20210325,20210518,624552,MFR,No,No
21V211000,https://www.nhtsa.gov/vehicle/recalls#?nhtsaId=21V211000,CHEVROLET,CAMARO,"2017, 2018, 2019, 2020, 2021",AIR BAGS:FRONTAL,20210325,20210414,30,MFR,No,No
21V210000,https://www.nhtsa.gov/vehicle/recalls#?nhtsaId=21V210000,CHEVROLET,TAHOE,2021,SEAT BELTS:REAR/OTHER,20210325,20210414,5,MFR,No,No
21V213000,https://www.nhtsa.gov/vehicle/recalls#?nhtsaId=21V213000,"CHEVROLET, GMC","CANYON, COLORADO",2015,STEERING:ELECTRIC POWER ASSIST SYSTEM,20210325,20210806,60681,ODI,No,No
21V202000,https://www.nhtsa.gov/vehicle/recalls#?nhtsaId=21V202000,FORD,"F-53, F-59","2020, 2021",POWER TRAIN:DRIVELINE:DRIVESHAFT,20210324,20210512,16128,MFR,No,No
21V208000,https://www.nhtsa.gov/vehicle/recalls#?nhtsaId=21V208000,GENESIS,"G80, GV80",2021,"FUEL SYSTEM, GASOLINE:DELIVERY:HOSES, LINES/PIPING, AND FITTINGS",20210324,20210521,147,MFR,No,No
21V201000,https://www.nhtsa.gov/vehicle/recalls#?nhtsaId=21V201000,PORSCHE,"911, 911 CARRERA","2019, 2020",SUSPENSION:REAR,20210324,20210521,7,MFR,No,No
21V200000,https://www.nhtsa.gov/vehicle/recalls#?nhtsaId=21V200000,PORSCHE,"718 SPYDER, redundant BOXSTER, redundant CAYMAN",2021,ENGINE,20210324,20210521,193,MFR,No,No
21V199000,https://www.nhtsa.gov/vehicle/recalls#?nhtsaId=21V199000,BMW,"X3, X4",2021,"FUEL SYSTEM, GASOLINE:STORAGE:TANK ASSEMBLY",20210324,20210510,17,MFR,No,No
21V198000,https://www.nhtsa.gov/vehicle/recalls#?nhtsaId=21V198000,AUDI,"A3, A3 SPORTBACK E-TRON, RS 3, S3","2015, 2016, 2017, 2018, 2019, 2020",AIR BAGS:SENSOR:OCCUPANT CLASSIFICATION:FRONT PASSENGER,20210322,20211223,153152,MFR,No,No
21V194000,https://www.nhtsa.gov/vehicle/recalls#?nhtsaId=21V194000,CHEVROLET,"4500HD, 4500XD, 5500HD, 5500XD","2017, 2018, 2019, 2020","SUSPENSION:REAR:SPRINGS:LEAF SPRING ASSEMBLY:U-BOLT, LEAF SPRING TO AXLE",20210319,20210423,258,MFR,No,No
21V196000,https://www.nhtsa.gov/vehicle/recalls#?nhtsaId=21V196000,MERCEDES-BENZ,"AMG C55, AMG CLS55, AMG CLS63, AMG E55, AMG E63, E350","2006, 2007",VISIBILITY:SUN/MOON ROOF ASSEMBLY,20210319,20210507,11356,MFR,No,No
21V197000,https://www.nhtsa.gov/vehicle/recalls#?nhtsaId=21V197000,MERCEDES-BENZ,"AMG C43, AMG C63, AMG CLA45, AMG GLA45, AMG GLC43, AMG GLC63, AMG GLE43, AMG GLE63, AMG S63, AMG S65, C 300, C 350 E, C300, C350E, C400, C450, CLA 250, CLA250, GLA 250, GLC 300, GLC300, GLC350E, GLE450, S 450, S550, S560, S600","2014, 2015, 2016, 2017, 2018, 2019, 2020",STRUCTURE:BODY:ROOF AND PILLARS,20210319,20210903,15096,ODI,No,No
21V190000,https://www.nhtsa.gov/vehicle/recalls#?nhtsaId=21V190000,"CADILLAC, CHEVROLET, GMC","ESCALADE, ESCALADE ESV, SUBURBAN, TAHOE, YUKON, YUKON XL",2021,SEAT BELTS,20210318,20210421,94641,MFR,No,No
21V189000,https://www.nhtsa.gov/vehicle/recalls#?nhtsaId=21V189000,"CHEVROLET, GMC","EXPRESS, SAVANA",2021,ELECTRICAL SYSTEM:12V/24V/48V BATTERY:CABLES,20210318,20210416,10154,MFR,No,Yes
21V188000,https://www.nhtsa.gov/vehicle/recalls#?nhtsaId=21V188000,CHEVROLET,CAMARO,2021,POWER TRAIN:AXLE ASSEMBLY:AXLE SHAFT,20210318,20210421,8,MFR,No,No
21V185000,https://www.nhtsa.gov/vehicle/recalls#?nhtsaId=21V185000,HYUNDAI,SANTA FE,2021,AIR BAGS:SENSOR:OCCUPANT CLASSIFICATION:FRONT PASSENGER,20210317,20210512,10,MFR,No,No
21V176000,https://www.nhtsa.gov/vehicle/recalls#?nhtsaId=21V176000,BMW,"430I, M440I",2021,AIR BAGS:SIDE/WINDOW:HEAD,20210315,20210309,1850,MFR,No,No
20V675000,https://www.nhtsa.gov/vehicle/recalls#?nhtsaId=20V675000,FORD,EXPLORER,"2013, 2014, 2015, 2016, 2017",SUSPENSION:REAR,20210312,20201127,454941,MFR,No,No
21V163000,https://www.nhtsa.gov/vehicle/recalls#?nhtsaId=21V163000,RAM,"2500, 3500, 4500, 5500",2021,ELECTRICAL SYSTEM,20210311,20210503,19214,MFR,No,No
21V164000,https://www.nhtsa.gov/vehicle/recalls#?nhtsaId=21V164000,KIA,"FORTE, K5, TELLURIDE",2021,AIR BAGS:SENSOR:OCCUPANT CLASSIFICATION:FRONT PASSENGER,20210311,20210318,142,MFR,No,No
21V165000,https://www.nhtsa.gov/vehicle/recalls#?nhtsaId=21V165000,HONDA,"PASSPORT, PILOT","2019, 2020",TIRES,20210311,20210422,1093,MFR,No,No
21V155000,https://www.nhtsa.gov/vehicle/recalls#?nhtsaId=21V155000,FORD,"ESCAPE, F-150, F-250 SD, F-350 SD","2018, 2019, 2020",TIRES,20210310,20210427,15769,MFR,No,No
21V161000,https://www.nhtsa.gov/vehicle/recalls#?nhtsaId=21V161000,GENESIS,G70,"2019, 2020, 2021","SERVICE BRAKES, HYDRAULIC:ANTILOCK/TRACTION CONTROL/ELECTRONIC LIMITED SLIP:CONTROL UNIT/MODULE ",20210310,20210706,552,MFR,No,Yes
21V160000,https://www.nhtsa.gov/vehicle/recalls#?nhtsaId=21V160000,"GENESIS, HYUNDAI","G80, GENESIS","2015, 2016, 2017, 2018, 2019, 2020","SERVICE BRAKES, HYDRAULIC:ANTILOCK/TRACTION CONTROL/ELECTRONIC LIMITED SLIP:CONTROL UNIT/MODULE ",20210310,20210706,94646,MFR,No,Yes
21V159000,https://www.nhtsa.gov/vehicle/recalls#?nhtsaId=21V159000,AUDI,"A6, A6 ALLROAD, A7, RS 6 AVANT, RS 7, S6, S7","2019, 2020, 2021",AIR BAGS,20210310,20210326,3421,MFR,No,No
21V158000,https://www.nhtsa.gov/vehicle/recalls#?nhtsaId=21V158000,"FORD, LINCOLN","EDGE, FUSION, MKX, MKZ, RANGER, ZEPHYR","2006, 2007, 2008, 2009, 2010, 2011, 2012",AIR BAGS:FRONTAL:DRIVER SIDE:INFLATOR MODULE,20210310,20210409,2602668,ODI,No,No
21V157000,https://www.nhtsa.gov/vehicle/recalls#?nhtsaId=21V157000,PORSCHE,"718 SPYDER, 911, TAYCAN, redundant BOXSTER, redundant CAYMAN",2021,SUSPENSION:CRITICAL FASTENERS,20210310,20210507,396,MFR,No,No
21V156000,https://www.nhtsa.gov/vehicle/recalls#?nhtsaId=21V156000,BMW,"X5, X5 HYBRID, X7, XB7",2021,SEATS:MID/REAR ASSEMBLY:HEAD RESTRAINT,20210310,20210503,258,MFR,No,No
21V154000,https://www.nhtsa.gov/vehicle/recalls#?nhtsaId=21V154000,"FORD, LINCOLN","AVIATOR, EXPLORER",2020,SUSPENSION:REAR,20210310,20210402,49,MFR,No,No
21V153000,https://www.nhtsa.gov/vehicle/recalls#?nhtsaId=21V153000,MERCEDES-BENZ,"SPRINTER 1500, SPRINTER 2500, SPRINTER 3500, SPRINTER 4500","2019, 2020",LATCHES/LOCKS/LINKAGES:DOORS:LOCK,20210310,20230120,56,MFR,No,No
21V152000,https://www.nhtsa.gov/vehicle/recalls#?nhtsaId=21V152000,MERCEDES-BENZ,"SPRINTER 1500, SPRINTER 2500, SPRINTER 3500, SPRINTER 4500","2019, 2020","SERVICE BRAKES, HYDRAULIC:PEDALS AND LINKAGES",20210310,20210604,56534,MFR,No,No
21V147000,https://www.nhtsa.gov/vehicle/recalls#?nhtsaId=21V147000,RAM,PROMASTER CITY,"2020, 2021","SERVICE BRAKES, HYDRAULIC:ANTILOCK/TRACTION CONTROL/ELECTRONIC LIMITED SLIP:CONTROL UNIT/MODULE ",20210309,20210330,4,MFR,No,No
21V142000,https://www.nhtsa.gov/vehicle/recalls#?nhtsaId=21V142000,VOLKSWAGEN,ATLAS,"2018, 2019",TIRES:SIDEWALL,20210305,20210324,2535,MFR,No,No
21V140000,https://www.nhtsa.gov/vehicle/recalls#?nhtsaId=21V140000,FORD,MUSTANG MACH E,2021,SUSPENSION:SUBFRAME/MOUNTING BRACKET,20210305,20210402,1258,MFR,No,No
21V137000,https://www.nhtsa.gov/vehicle/recalls#?nhtsaId=21V137000,KIA,"CADENZA, SPORTAGE","2017, 2018, 2019, 2020, 2021","SERVICE BRAKES, HYDRAULIC:ANTILOCK/TRACTION CONTROL/ELECTRONIC LIMITED SLIP:CONTROL UNIT/MODULE ",20210304,20210430,379931,MFR,No,Yes
21V131000,https://www.nhtsa.gov/vehicle/recalls#?nhtsaId=21V131000,PORSCHE,"MACAN, MACAN GTS, MACAN S, MACAN TURBO","2015, 2016, 2017, 2018",AIR BAGS:SENSOR:OCCUPANT CLASSIFICATION:FRONT PASSENGER,20210303,20211025,39547,MFR,No,No
21V132000,https://www.nhtsa.gov/vehicle/recalls#?nhtsaId=21V132000,VOLKSWAGEN,"ATLAS, ATLAS CROSS SPORT",2021,WHEELS:LUGS/NUTS/BOLTS/STUDS,20210303,20210312,128,MFR,No,No
21V127000,https://www.nhtsa.gov/vehicle/recalls#?nhtsaId=21V127000,HYUNDAI,"IONIQ ELECTRIC, KONA ELECTRIC","2019, 2020",ELECTRICAL SYSTEM:PROPULSION SYSTEM:TRACTION BATTERY,20210301,20210617,4696,MFR,No,Yes
21V123000,https://www.nhtsa.gov/vehicle/recalls#?nhtsaId=21V123000,MERCEDES-BENZ,"AMG GLE43, GLE 350, GLE 400",2018,TIRES,20210226,20210423,2529,MFR,No,No
21V124000,https://www.nhtsa.gov/vehicle/recalls#?nhtsaId=21V124000,MERCEDES-BENZ,AMG CLA45,2020,ELECTRICAL SYSTEM:IGNITION:COIL:SPARK PLUGS,20210226,20210414,7,MFR,No,No
21V114000,https://www.nhtsa.gov/vehicle/recalls#?nhtsaId=21V114000,FORD,F-450,2019,EXTERIOR LIGHTING,20210225,20210315,2,MFR,No,No
21V115000,https://www.nhtsa.gov/vehicle/recalls#?nhtsaId=21V115000,"BUICK, CADILLAC, CHEVROLET, GMC","ACADIA, BLAZER, ENCLAVE, ESCALADE, ESCALADE ESV, EXPRESS, SAVANA, SIERRA 1500, SILVERADO 1500, SUBURBAN, TAHOE, TRAVERSE, XT4, XT5, YUKON, YUKON XL","2018, 2019, 2020, 2021",TIRES,20210225,20210322,33838,MFR,No,No
21V111000,https://www.nhtsa.gov/vehicle/recalls#?nhtsaId=21V111000,AUDI,"A8, S8","2019, 2020, 2021",ENGINE AND ENGINE COOLING:ENGINE:ENGINE CONTROL MODULE (ECU/ECM),20210224,20210312,238,MFR,No,No
21V106000,https://www.nhtsa.gov/vehicle/recalls#?nhtsaId=21V106000,MERCEDES-BENZ,METRIS,2021,SEATS,20210223,20210513,4,MFR,No,No
21V102000,https://www.nhtsa.gov/vehicle/recalls#?nhtsaId=21V102000,MERCEDES-BENZ,GLA 250,2021,AIR BAGS:FRONTAL,20210222,20210326,36,MFR,No,No
21V096000,https://www.nhtsa.gov/vehicle/recalls#?nhtsaId=21V096000,BMW,"330E, 330I, 430I, 530E, 530I, 540I, 740I, 745LE, 750LI, 840I, M340I, M440I, M550I, M760I, M8, M850I, X3, X4, X5, X6, X7","2019, 2020, 2021",BACK OVER PREVENTION:SOFTWARE,20210219,20210416,13858,MFR,No,No
21V091000,https://www.nhtsa.gov/vehicle/recalls#?nhtsaId=21V091000,BMW,"228I, M235I","2020, 2021",VISIBILITY:SUN/MOON ROOF ASSEMBLY,20210218,20210416,14011,MFR,No,No
21V087000,https://www.nhtsa.gov/vehicle/recalls#?nhtsaId=21V087000,FORD,F-350 SD,2020,EQUIPMENT:OTHER:LABELS,20210218,20210323,9979,MFR,No,No
21V089000,https://www.nhtsa.gov/vehicle/recalls#?nhtsaId=21V089000,BMW,X5,2021,"SERVICE BRAKES, HYDRAULIC:CRITICAL FASTENERS",20210218,20210302,9,MFR,No,No
21V090000,https://www.nhtsa.gov/vehicle/recalls#?nhtsaId=21V090000,FORD,"F-150, F-250 SD, F-350 SD, F-450 SD, F-550 SD","2020, 2021",VISIBILITY:WINDSHIELD:CRITICAL FASTENERS,20210218,20210416,79017,MFR,No,No
21V076000,https://www.nhtsa.gov/vehicle/recalls#?nhtsaId=21V076000,FORD,RANGER,"2004, 2005, 2006",AIR BAGS:FRONTAL:PASSENGER SIDE:INFLATOR MODULE,20210217,20210317,144340,ODI,No,No
21V077000,https://www.nhtsa.gov/vehicle/recalls#?nhtsaId=21V077000,MERCEDES-BENZ,"SPRINTER 1500, SPRINTER 2500, SPRINTER 3500, SPRINTER 4500","2019, 2020",BACK OVER PREVENTION: SENSING SYSTEM: CAMERA,20210217,20210305,198,MFR,No,No
21V078000,https://www.nhtsa.gov/vehicle/recalls#?nhtsaId=21V078000,AUDI,Q7,"2020, 2021",AIR BAGS: AIR BAG/RESTRAINT CONTROL MODULE:SOFTWARE,20210217,20210305,26967,MFR,No,No
21V074000,https://www.nhtsa.gov/vehicle/recalls#?nhtsaId=21V074000,FORD,BRONCO SPORT,2021,SUSPENSION:FRONT:CONTROL ARM,20210216,20210409,106,MFR,No,No
21V075000,https://www.nhtsa.gov/vehicle/recalls#?nhtsaId=21V075000,FORD,BRONCO SPORT,2021,SUSPENSION:REAR,20210216,20210310,1638,MFR,No,No
21V081000,https://www.nhtsa.gov/vehicle/recalls#?nhtsaId=21V081000,"FORD, LINCOLN","EDGE, FUSION, GT, MKX, MKZ, MUSTANG, RANGER","2004, 2005, 2006, 2007, 2008, 2009, 2010, 2011, 2012, 2013, 2014",AIR BAGS:FRONTAL:PASSENGER SIDE:INFLATOR MODULE,20210216,20210317,1067,ODI,No,No
21E013000,https://www.nhtsa.gov/vehicle/recalls#?nhtsaId=21E013000,"FORD, LINCOLN","AIR BAG, FUSION, MKX, MKZ, MUSTANG, RANGER","2005, 2006, 2007, 2008, 2009, 2010, 2011, 2012, 2013, 2014, 9999",AIR BAGS:FRONTAL:PASSENGER SIDE:INFLATOR MODULE,20210216,20210317,249,ODI,No,No
21V071000,https://www.nhtsa.gov/vehicle/recalls#?nhtsaId=21V071000,MERCEDES-BENZ,"GLE 350, GLE 450, GLE 580, GLS 450, GLS 580 4MATIC","2020, 2021",ELECTRONIC STABILITY CONTROL (ESC):CONTROL MODULE:SOFTWARE,20210212,20210331,41838,MFR,No,No
21V072000,https://www.nhtsa.gov/vehicle/recalls#?nhtsaId=21V072000,MERCEDES-BENZ,"AMG E53, AMG E63, AMG GLC43, AMG GT53, AMG GTA, C 300, CLA 250, CLA250, CLS 450, E 300, E 400, E300, GLA 250, GLC 300, GLC 350, GLC300, GLE 350, GLE 400, GLE 450, GLE350, GLS450, S 450, S550, S560","2017, 2018, 2019, 2020, 2021",COMMUNICATION: AUTO CRASH NOTIFICATION,20210212,20210331,67,MFR,No,No
21V064000,https://www.nhtsa.gov/vehicle/recalls#?nhtsaId=21V064000,"CHEVROLET, GMC","TAHOE, YUKON",2021,"FUEL SYSTEM, GASOLINE:STORAGE:TANK ASSEMBLY",20210211,20210306,18,MFR,No,No
21V062000,https://www.nhtsa.gov/vehicle/recalls#?nhtsaId=21V062000,BMW,"740LI, 745LE, 750LI, 840I, M3, M4, M760LI, M8, M850I, X5, X6, X7","2019, 2020, 2021","SERVICE BRAKES, HYDRAULIC:POWER ASSIST:HYDRAULIC",20210210,20210525,893,MFR,No,No
21V060000,https://www.nhtsa.gov/vehicle/recalls#?nhtsaId=21V060000,BMW,"HP4, K 1300 S, K 1600 GT, K 1600 GTL, R 1200 GS, R 1200 GS ADVENTURE, R 1200 R, R 1200 RT, R NINE T, S 1000 R, S 1000 RR, S1000 RR","2011, 2012, 2013, 2014","FUEL SYSTEM, GASOLINE:DELIVERY:FUEL PUMP",20210208,20210317,20963,MFR,No,No
21V050000,https://www.nhtsa.gov/vehicle/recalls#?nhtsaId=21V050000,"CADILLAC, CHEVROLET, GMC","AVALANCHE, ESCALADE, ESCALADE ESV, ESCALADE EXT, SIERRA 1500, SIERRA 2500, SIERRA 3500, SILVERADO 1500, SILVERADO 2500, SILVERADO 3500, SUBURBAN, TAHOE, YUKON, YUKON XL","2007, 2008, 2009, 2010, 2011",AIR BAGS:FRONTAL:PASSENGER SIDE:INFLATOR MODULE,20210205,20210301,2641272,ODI,No,No
21V051000,https://www.nhtsa.gov/vehicle/recalls#?nhtsaId=21V051000,"CADILLAC, CHEVROLET, GMC","AVALANCHE, ESCALADE, ESCALADE ESV, ESCALADE EXT, SIERRA 1500, SIERRA 2500, SIERRA 3500, SILVERADO 1500, SILVERADO 2500, SILVERADO 3500, SUBURBAN, TAHOE, YUKON, YUKON XL",2012,AIR BAGS:FRONTAL:PASSENGER SIDE:INFLATOR MODULE,20210205,20210511,284645,ODI,No,No
21V052000,https://www.nhtsa.gov/vehicle/recalls#?nhtsaId=21V052000,"CADILLAC, CHEVROLET, GMC","AVALANCHE, ESCALADE, ESCALADE ESV, ESCALADE EXT, SIERRA 1500, SIERRA 2500, SIERRA 3500, SILVERADO 1500, SILVERADO 2500, SILVERADO 3500, SUBURBAN, TAHOE, YUKON, YUKON XL","2007, 2008, 2009",AIR BAGS:FRONTAL:PASSENGER SIDE:INFLATOR MODULE,20210205,20210920,557023,ODI,No,No
21V053000,https://www.nhtsa.gov/vehicle/recalls#?nhtsaId=21V053000,"CADILLAC, CHEVROLET, GMC","AVALANCHE, ESCALADE, ESCALADE ESV, ESCALADE EXT, SIERRA 1500, SIERRA 2500, SIERRA 3500, SILVERADO 1500, SILVERADO 2500, SILVERADO 3500, SUBURBAN, TAHOE, YUKON, YUKON XL","2009, 2010, 2013",AIR BAGS:FRONTAL:PASSENGER SIDE:INFLATOR MODULE,20210205,20210511,692526,ODI,No,No
21V055000,https://www.nhtsa.gov/vehicle/recalls#?nhtsaId=21V055000,MERCEDES-BENZ,"METRIS, SPRINTER 1500, SPRINTER 2500, SPRINTER 3500, SPRINTER 4500","2016, 2017, 2018, 2019, 2020",ELECTRICAL SYSTEM:SOFTWARE,20210205,20210505,84345,MFR,No,No
21V056000,https://www.nhtsa.gov/vehicle/recalls#?nhtsaId=21V056000,MERCEDES-BENZ,"GLE 350, GLE 450",2020,EXTERIOR LIGHTING:BACK UP LIGHTS,20210205,20220610,8199,MFR,No,No
21V057000,https://www.nhtsa.gov/vehicle/recalls#?nhtsaId=21V057000,MERCEDES-BENZ,"AMG GLE53, GLE 350, GLE 450, GLS 450","2020, 2021",STRUCTURE:INTERIOR PANELS:DASHBOARD,20210205,20210416,8,MFR,No,No
21V058000,https://www.nhtsa.gov/vehicle/recalls#?nhtsaId=21V058000,MERCEDES-BENZ,"A 220, AMG A35, AMG C43, AMG C63, AMG CLA35, AMG CLA45, AMG CLS53, AMG CLS63, AMG E43, AMG E53, AMG E63, AMG G63, AMG G65, AMG GLA35, AMG GLA45, AMG GLB35, AMG GLC43, AMG GLC63, AMG GLE43, AMG GLE53, AMG GLE63, AMG GLS63, AMG GT, AMG GT C, AMG GT R, AMG GT S, AMG GT43, AMG GT53, AMG GT63, AMG S63, AMG S65, AMG SL63, AMG SL65, AMG SLC 43, AMG SLC43, B 250E, C 300, C 350 E, C300, C350E, CLA 250, CLA250, CLS 450, CLS 550, CLS550, E 300, E 350, E 350 E, E 400, E 450, E300, E400, E550, G 550, G550, GLA 250, GLB 250, GLC 300, GLC 350, GLC300, GLE 350, GLE 350 E, GLE 400, GLE 450, GLE 550 E, GLE 580, GLE350, GLE400, GLE550E, GLS 450, GLS 550, GLS 580 4MATIC, GLS450, GLS550, GLS580, S 450, S 560, S 560 E, S550, S550E, S560, S600, S65 AMG, S650, SL 450, SL 550, SL450, SL550, SL63, SLC 300, SLC 43 AMG, SLC300","2016, 2017, 2018, 2019, 2020, 2021",ELECTRICAL SYSTEM:SOFTWARE,20210205,20210312,1292258,MFR,No,No
21V054000,https://www.nhtsa.gov/vehicle/recalls#?nhtsaId=21V054000,"CADILLAC, CHEVROLET, GMC","AVALANCHE, ESCALADE, ESCALADE ESV, ESCALADE EXT, SIERRA 1500, SIERRA 2500, SIERRA 3500, SILVERADO 1500, SILVERADO 2500, SILVERADO 3500, SUBURBAN, TAHOE, YUKON, YUKON XL","2010, 2011, 2012, 2013, 2014",AIR BAGS:FRONTAL:PASSENGER SIDE:INFLATOR MODULE,20210205,20210511,1778128,ODI,No,No
21V042000,https://www.nhtsa.gov/vehicle/recalls#?nhtsaId=21V042000,MERCEDES-BENZ,SPRINTER 3500,"2012, 2013, 2014, 2015, 2016, 2017, 2018",ELECTRONIC STABILITY CONTROL (ESC):CONTROL MODULE,20210203,20210820,48667,ODI,No,No
21V043000,https://www.nhtsa.gov/vehicle/recalls#?nhtsaId=21V043000,LEXUS,RX350,"2019, 2021","FUEL SYSTEM, GASOLINE:STORAGE:TANK ASSEMBLY:FILLER PIPE AND CAP",20210203,20210401,1081,MFR,No,No
21V046000,https://www.nhtsa.gov/vehicle/recalls#?nhtsaId=21V046000,BMW,"530I, 540I, 740LI","2020, 2021",POWER TRAIN:DRIVELINE:DRIVESHAFT,20210203,20210324,28,MFR,No,No
21V037000,https://www.nhtsa.gov/vehicle/recalls#?nhtsaId=21V037000,RAM,1500,2021,"SERVICE BRAKES, HYDRAULIC:FOUNDATION COMPONENTS:MASTER CYLINDER",20210201,20210209,683,MFR,Yes,No
21V038000,https://www.nhtsa.gov/vehicle/recalls#?nhtsaId=21V038000,VOLKSWAGEN,"JETTA, TIGUAN",2021,SEATS:CRITICAL FASTENERS,20210201,20210218,57,MFR,No,No
21V031000,https://www.nhtsa.gov/vehicle/recalls#?nhtsaId=21V031000,BMW,"X5, X6, X7",2021,STEERING:COLUMN,20210129,20210330,21,MFR,No,No
21V032000,https://www.nhtsa.gov/vehicle/recalls#?nhtsaId=21V032000,MERCEDES-BENZ,"AMG C43, AMG C63, C 300","2017, 2018, 2019, 2020, 2021",SEAT BELTS:FRONT:RETRACTOR,20210129,20210226,24550,MFR,No,No
21V033000,https://www.nhtsa.gov/vehicle/recalls#?nhtsaId=21V033000,MERCEDES-BENZ,GLA 250,2019,POWER TRAIN:AUTOMATIC TRANSMISSION:CONTROL MODULE (TCM/PCM/TECM),20210129,20210319,4,MFR,No,No
21V034000,https://www.nhtsa.gov/vehicle/recalls#?nhtsaId=21V034000,MERCEDES-BENZ,"A 220, AMG A35, CLA 250",2021,CHILD SEAT:VEHICLE LATCH ANCHOR,20210129,20210316,231,MFR,No,No
21V035000,https://www.nhtsa.gov/vehicle/recalls#?nhtsaId=21V035000,TESLA,"MODEL S, MODEL X","2012, 2013, 2014, 2015, 2016, 2017, 2018",VISIBILITY:DEFROSTER/DEFOGGER/HVAC SYSTEM,20210129,20210329,134951,ODI,No,No
21V028000,https://www.nhtsa.gov/vehicle/recalls#?nhtsaId=21V028000,JEEP,"GLADIATOR, WRANGLER","2018, 2019, 2020, 2021",POWER TRAIN:CLUTCH ASSEMBLY,20210128,20210304,42887,MFR,No,No
21V026000,https://www.nhtsa.gov/vehicle/recalls#?nhtsaId=21V026000,VOLKSWAGEN,"ATLAS, ATLAS CROSS SPORT","2020, 2021",STEERING,20210127,20210216,10303,MFR,No,No
21V027000,https://www.nhtsa.gov/vehicle/recalls#?nhtsaId=21V027000,AUDI,Q3,2019,STEERING:CRITICAL FASTENERS,20210127,20210228,1,MFR,No,No
21V023000,https://www.nhtsa.gov/vehicle/recalls#?nhtsaId=21V023000,RAM,"4500, 5500","2019, 2020","SERVICE BRAKES, HYDRAULIC:FOUNDATION COMPONENTS:HOSES, LINES/PIPING, AND FITTINGS",20210126,20210507,4,MFR,No,No
21V016000,https://www.nhtsa.gov/vehicle/recalls#?nhtsaId=21V016000,RAM,"4500, 5500",2020,SERVICE BRAKES,20210120,20210115,6,MFR,No,No
21V011000,https://www.nhtsa.gov/vehicle/recalls#?nhtsaId=21V011000,"FORD, LINCOLN","BRONCO SPORT, CORSAIR, EDGE, ESCAPE, NAUTILUS","2020, 2021",POWER TRAIN:DRIVELINE:DRIVESHAFT,20210115,20210312,147,MFR,No,No
21V014000,https://www.nhtsa.gov/vehicle/recalls#?nhtsaId=21V014000,"FORD, LINCOLN","AVIATOR, EXPLORER POLICE INTERCEPT",2020,VISIBILITY:WINDSHIELD WIPER/WASHER,20210115,20210302,283,MFR,No,No
21V010000,https://www.nhtsa.gov/vehicle/recalls#?nhtsaId=21V010000,HONDA,ODYSSEY,"2018, 2019, 2020, 2021","FUEL SYSTEM, GASOLINE:STORAGE",20210114,20210222,1258,MFR,No,No
21V008000,https://www.nhtsa.gov/vehicle/recalls#?nhtsaId=21V008000,RAM,"4500, 5500","2019, 2020","SERVICE BRAKES, HYDRAULIC:POWER ASSIST:VACUUM:HOSES, LINES/PIPING, AND FITTINGS",20210113,20200608,23,MFR,No,No
20V811000,https://www.nhtsa.gov/vehicle/recalls#?nhtsaId=20V811000,"CADILLAC, CHEVROLET, GMC","BLAZER, BOLT EV, CAMARO, CANYON, COLORADO, EQUINOX, ESCALADE ESV, ESCALADE NA, SIERRA 1500, SIERRA 2500, SIERRA 3500, SILVERADO 1500, SILVERADO 2500, SILVERADO 3500, SUBURBAN, TAHOE, YUKON, YUKON XL","2020, 2021",SEAT BELTS:CRITICAL FASTENERS,20201223,20210129,470,MFR,No,No
20V808000,https://www.nhtsa.gov/vehicle/recalls#?nhtsaId=20V808000,CHEVROLET,BOLT EV,2020,"SERVICE BRAKES, HYDRAULIC:FOUNDATION COMPONENTS:DISC:CALIPER",20201222,20210129,464,MFR,No,No
20V802000,https://www.nhtsa.gov/vehicle/recalls#?nhtsaId=20V802000,MERCEDES-BENZ,"SPRINTER 1500, SPRINTER 2500, SPRINTER 3500, SPRINTER 4500","2019, 2020","SERVICE BRAKES, HYDRAULIC:FOUNDATION COMPONENTS:DISC:CALIPER",20201221,20220105,9094,MFR,No,No
20V764000,https://www.nhtsa.gov/vehicle/recalls#?nhtsaId=20V764000,"BUICK, CHEVROLET","LACROSSE, MALIBU, REGAL","2010, 2011, 2012, 2013",SUSPENSION:REAR,20201221,20210819,220006,MFR,No,No
20V800000,https://www.nhtsa.gov/vehicle/recalls#?nhtsaId=20V800000,MERCEDES-BENZ,"AMG GT53, AMG GT63","2019, 2020",WHEELS:HUBCAP/COVER,20201218,20210507,1142,MFR,No,No
20V798000,https://www.nhtsa.gov/vehicle/recalls#?nhtsaId=20V798000,HONDA,"ACCORD HYBRID, CR-V HYBRID, INSIGHT","2020, 2021",ELECTRICAL SYSTEM:PROPULSION SYSTEM:CHARGING:MODULE:SOFTWARE,20201217,20210212,27838,MFR,No,No
20V797000,https://www.nhtsa.gov/vehicle/recalls#?nhtsaId=20V797000,HONDA,"CRF1000L, CRF1100L","2018, 2019, 2020","FUEL SYSTEM, GASOLINE:STORAGE:TANK ASSEMBLY",20201217,20210204,2690,ODI,No,No
20V795000,https://www.nhtsa.gov/vehicle/recalls#?nhtsaId=20V795000,FORD,"E-350, E-450",2021,ENGINE,20201217,20210215,29344,MFR,No,No
20V792000,https://www.nhtsa.gov/vehicle/recalls#?nhtsaId=20V792000,"CHEVROLET, GMC","SIERRA 1500, SIERRA 2500, SIERRA 3500, SILVERADO 1500, SILVERADO 2500, SILVERADO 3500, SUBURBAN, TAHOE, YUKON XL","2019, 2020, 2021",SEAT BELTS:CRITICAL FASTENERS,20201217,20210126,624216,MFR,No,No
20V791000,https://www.nhtsa.gov/vehicle/recalls#?nhtsaId=20V791000,FORD,"ECOSPORT, TRANSIT CONNECT","2019, 2020",AIR BAGS:FRONTAL:PASSENGER SIDE:INFLATOR MODULE,20201217,20210218,12,MFR,No,No
20V790000,https://www.nhtsa.gov/vehicle/recalls#?nhtsaId=20V790000,CADILLAC,ESCALADE NA,2021,ELECTRICAL SYSTEM: INSTRUMENT CLUSTER/PANEL,20201217,20210201,3203,MFR,No,No
20V788000,https://www.nhtsa.gov/vehicle/recalls#?nhtsaId=20V788000,"FORD, LINCOLN","AVIATOR, EXPLORER","2020, 2021",ENGINE,20201217,20210203,1405,MFR,No,No
20V786000,https://www.nhtsa.gov/vehicle/recalls#?nhtsaId=20V786000,AUDI,Q3,2020,"SERVICE BRAKES, HYDRAULIC:PEDALS AND LINKAGES",20201216,20210112,313,MFR,No,No
20V785000,https://www.nhtsa.gov/vehicle/recalls#?nhtsaId=20V785000,VOLKSWAGEN,"BEETLE, BEETLE CONVERTIBLE","2012, 2013, 2014",AIR BAGS:FRONTAL,20201216,20210319,105652,ODI,No,No
20V772000,https://www.nhtsa.gov/vehicle/recalls#?nhtsaId=20V772000,MERCEDES-BENZ,SPRINTER 2500,2019,STRUCTURE:BODY:HOOD,20201211,20210201,1,MFR,No,No
20E091000,https://www.nhtsa.gov/vehicle/recalls#?nhtsaId=20E091000,PORSCHE,"911 CARRERA, 911 TURBO","1999, 2000, 2001, 2002, 2003, 2004, 2005, 2006, 2007, 2008, 2009, 2010, 2011, 2012, 2013",SUSPENSION:FRONT:MACPHERSON STRUT,20201211,20201222,584,MFR,No,No
20V776000,https://www.nhtsa.gov/vehicle/recalls#?nhtsaId=20V776000,MERCEDES-BENZ,AMG GLC63,"2018, 2019, 2020",ELECTRICAL SYSTEM:STARTER ASSEMBLY,20201211,20210318,2563,MFR,No,No
20V775000,https://www.nhtsa.gov/vehicle/recalls#?nhtsaId=20V775000,MERCEDES-BENZ,AMG GT,2020,EXTERIOR LIGHTING:HEADLIGHTS,20201211,20210120,9,MFR,No,No
20V771000,https://www.nhtsa.gov/vehicle/recalls#?nhtsaId=20V771000,HONDA,"ACCORD, ACCORD HYBRID, INSIGHT","2018, 2019, 2020",VISIBILITY/WIPER,20201210,20210222,737233,MFR,No,No
20V769000,https://www.nhtsa.gov/vehicle/recalls#?nhtsaId=20V769000,HONDA,ACCORD,"2013, 2014, 2015",POWER TRAIN:DRIVELINE:DRIVESHAFT,20201210,20210204,235034,MFR,No,No
20V768000,https://www.nhtsa.gov/vehicle/recalls#?nhtsaId=20V768000,HONDA,CR-V,"2002, 2003, 2004, 2005, 2006",VISIBILITY:POWER WINDOW DEVICES AND CONTROLS,20201210,20210129,268655,MFR,No,No
20V770000,https://www.nhtsa.gov/vehicle/recalls#?nhtsaId=20V770000,"ACURA, HONDA","CIVIC HYBRID, FIT, ILX, ILX HYBRID","2007, 2008, 2009, 2010, 2011, 2012, 2013, 2014, 2015",POWER TRAIN:DRIVELINE:DRIVESHAFT,20201210,20210308,248358,MFR,No,No
20E090000,https://www.nhtsa.gov/vehicle/recalls#?nhtsaId=20E090000,FORD,"F-250 SD, F-350 SD","2005, 2006, 2007, 2008, 2009, 2010, 2011, 2012, 2013, 2014, 2015, 2016, 2017, 2018, 2019, 2020, 2021",EQUIPMENT,20201209,20201221,102,MFR,No,No
20V761000,https://www.nhtsa.gov/vehicle/recalls#?nhtsaId=20V761000,BMW,"530I, 540I, 740LI, 840I, M340I, M440I, X5, X6, X7",2021,ELECTRICAL SYSTEM:12V/24V/48V BATTERY,20201209,20210330,812,MFR,No,No
20V760000,https://www.nhtsa.gov/vehicle/recalls#?nhtsaId=20V760000,AUDI,RS 5,"2018, 2019",ELECTRICAL SYSTEM:12V/24V/48V BATTERY,20201209,20210119,2355,MFR,No,No
20V756000,https://www.nhtsa.gov/vehicle/recalls#?nhtsaId=20V756000,MERCEDES-BENZ,"SPRINTER (VS30), SPRINTER 1500, SPRINTER 2500, SPRINTER 3500, SPRINTER 4500",2019,EQUIPMENT:OTHER:OWNERS/SERVICE/OTHER MANUAL ,20201208,20210317,9,MFR,No,No
20V753000,https://www.nhtsa.gov/vehicle/recalls#?nhtsaId=20V753000,MERCEDES-BENZ,A 220,2019,EQUIPMENT:OTHER:LABELS,20201204,20210326,26,MFR,No,No
20V750000,https://www.nhtsa.gov/vehicle/recalls#?nhtsaId=20V750000,KIA,"FORTE, FORTE KOUP, OPTIMA HYBRID, SORENTO, SOUL, SPORTAGE","2011, 2012, 2013, 2014, 2015",ENGINE,20201202,20210125,294756,ODI,No,No
20V749000,https://www.nhtsa.gov/vehicle/recalls#?nhtsaId=20V749000,AUDI,"A6, Q7, RS 6 AVANT, RS 7",2021,AIR BAGS:SENSOR:SIDE IMPACT,20201202,20201223,166,MFR,No,No
20V748000,https://www.nhtsa.gov/vehicle/recalls#?nhtsaId=20V748000,HYUNDAI,"KONA ELECTRIC, NEXO","2019, 2020, 2021","SERVICE BRAKES, HYDRAULIC:POWER ASSIST:ELECTRIC:CONTROL MODULE:SOFTWARE",20201201,20210125,8176,MFR,No,No
20V746000,https://www.nhtsa.gov/vehicle/recalls#?nhtsaId=20V746000,HYUNDAI,"SANTA FE, SONATA HYBRID, VELOSTER","2011, 2012, 2013, 2015, 2016",ENGINE,20201201,20210331,128948,ODI,No,No
20V737000,https://www.nhtsa.gov/vehicle/recalls#?nhtsaId=20V737000,AUDI,"A5, RS 5, S5","2020, 2021",EXTERIOR LIGHTING:TAIL LIGHTS,20201125,20210121,5426,MFR,No,No
20V736000,https://www.nhtsa.gov/vehicle/recalls#?nhtsaId=20V736000,"CHEVROLET, GMC","SIERRA 1500, SIERRA 2500, SIERRA 3500, SILVERADO 1500, SILVERADO 2500, SILVERADO 3500","2015, 2016",AIR BAGS:SIDE/WINDOW:CURTAIN:INFLATOR,20201125,,9279,MFR,No,No
20V735000,https://www.nhtsa.gov/vehicle/recalls#?nhtsaId=20V735000,"CHEVROLET, GMC","SUBURBAN, TAHOE, YUKON, YUKON XL",2021,SEATS:CRITICAL FASTENERS,20201125,20201221,94,MFR,No,No
20V734000,https://www.nhtsa.gov/vehicle/recalls#?nhtsaId=20V734000,TOYOTA,"AVALON, AVALON HYBRID, RAV4, RAV4 HYBRID","2020, 2021",AIR BAGS:FRONTAL,20201125,20201218,161,MFR,No,No
20V730000,https://www.nhtsa.gov/vehicle/recalls#?nhtsaId=20V730000,FORD,EXPLORER,2020,"FUEL SYSTEM, GASOLINE:STORAGE",20201124,20201208,17,MFR,No,No
20V729000,https://www.nhtsa.gov/vehicle/recalls#?nhtsaId=20V729000,MERCEDES-BENZ,METRIS,"2019, 2020","SERVICE BRAKES, HYDRAULIC:FOUNDATION COMPONENTS:HOSES, LINES/PIPING, AND FITTINGS",20201124,20201210,562,MFR,No,No
20V720000,https://www.nhtsa.gov/vehicle/recalls#?nhtsaId=20V720000,CHEVROLET,LOW CAB FORWARD 4500,2020,ELECTRICAL SYSTEM:12V/24V/48V BATTERY:CABLES,20201120,20201211,46,MFR,No,No
20V721000,https://www.nhtsa.gov/vehicle/recalls#?nhtsaId=20V721000,CHEVROLET,LOW CAB FORWARD 4500,2020,ELECTRICAL SYSTEM:WIRING,20201120,20201211,46,MFR,No,No
20V725000,https://www.nhtsa.gov/vehicle/recalls#?nhtsaId=20V725000,HONDA,PILOT,2021,TIRES,20201120,20210111,214,MFR,No,No
20V724000,https://www.nhtsa.gov/vehicle/recalls#?nhtsaId=20V724000,VOLKSWAGEN,TIGUAN,2018,SEAT BELTS:FRONT:WEBBING,20201120,20210413,10835,ODI,No,No
20V726000,https://www.nhtsa.gov/vehicle/recalls#?nhtsaId=20V726000,LINCOLN,AVIATOR,2021,STEERING,20201120,20201216,690,MFR,No,No
20V714000,https://www.nhtsa.gov/vehicle/recalls#?nhtsaId=20V714000,ALFA ROMEO,GIULIA,2020,"SERVICE BRAKES, HYDRAULIC:FOUNDATION COMPONENTS:DISC",20201118,20201217,8,MFR,No,No
20V716000,https://www.nhtsa.gov/vehicle/recalls#?nhtsaId=20V716000,VOLKSWAGEN,"ARTEON, ATLAS, ATLAS CROSS SPORT, GOLF, JETTA, TIGUAN",2021,BACK OVER PREVENTION: SENSING SYSTEM: CAMERA,20201118,20201211,32048,MFR,No,No
20V712000,https://www.nhtsa.gov/vehicle/recalls#?nhtsaId=20V712000,VOLKSWAGEN,"ATLAS, ATLAS CROSS SPORT","2020, 2021",STEERING,20201117,20201119,776,MFR,Yes,No
20V710000,https://www.nhtsa.gov/vehicle/recalls#?nhtsaId=20V710000,TESLA,MODEL X,2016,STRUCTURE:BODY,20201117,20210115,9136,MFR,No,No
20V709000,https://www.nhtsa.gov/vehicle/recalls#?nhtsaId=20V709000,TESLA,MODEL Y,2020,SUSPENSION:FRONT:CONTROL ARM,20201117,20210115,401,MFR,No,No
20V705000,https://www.nhtsa.gov/vehicle/recalls#?nhtsaId=20V705000,HYUNDAI,VERACRUZ,"2007, 2008, 2009, 2010, 2011, 2012",ENGINE AND ENGINE COOLING:ENGINE:OIL/LUBRICATION:SEALS/GASKETS,20201113,20210907,60097,MFR,No,No
20V702000,https://www.nhtsa.gov/vehicle/recalls#?nhtsaId=20V702000,VOLKSWAGEN,"ATLAS, ATLAS CROSS SPORT","2020, 2021",TIRES:SIDEWALL,20201113,20201130,760,MFR,No,No
20V701000,https://www.nhtsa.gov/vehicle/recalls#?nhtsaId=20V701000,CHEVROLET,BOLT EV,"2017, 2018, 2019",ELECTRICAL SYSTEM:PROPULSION SYSTEM:TRACTION BATTERY,20201113,20210511,50932,ODI,No,Yes
20V699000,https://www.nhtsa.gov/vehicle/recalls#?nhtsaId=20V699000,JEEP,GRAND CHEROKEE,"2014, 2015, 2016, 2017, 2018, 2019",ENGINE AND ENGINE COOLING:EXHAUST SYSTEM:EMISSION CONTROL:GAS RECIRCULATION VALVE (EGR VALVE),20201112,20210311,28884,MFR,No,No
20V698000,https://www.nhtsa.gov/vehicle/recalls#?nhtsaId=20V698000,TOYOTA,RAV4 PRIME,2021,EXTERIOR LIGHTING:HEADLIGHTS,20201112,20210106,413,MFR,No,No
20V700000,https://www.nhtsa.gov/vehicle/recalls#?nhtsaId=20V700000,"BMW, TOYOTA","SUPRA, Z4","2020, 2021","FUEL SYSTEM, GASOLINE:STORAGE:TANK ASSEMBLY",20201112,20201218,49,MFR,No,No
20V693000,https://www.nhtsa.gov/vehicle/recalls#?nhtsaId=20V693000,"FORD, LINCOLN","AVIATOR, EXPLORER",2020,POWER TRAIN:DRIVELINE:DRIVESHAFT,20201110,20201211,10905,MFR,No,No
20V692000,https://www.nhtsa.gov/vehicle/recalls#?nhtsaId=20V692000,FORD,"EDGE, EXPLORER, TAURUS","2014, 2015, 2016",POWER TRAIN:AXLE ASSEMBLY:AXLE SHAFT,20201110,20210202,15587,MFR,No,No
20V691000,https://www.nhtsa.gov/vehicle/recalls#?nhtsaId=20V691000,FORD,"F-650, F-750",2021,POWER TRAIN:AUTOMATIC TRANSMISSION:COOLING UNIT AND LINES,20201110,20201221,225,MFR,No,No
20V684000,https://www.nhtsa.gov/vehicle/recalls#?nhtsaId=20V684000,"BUICK, CADILLAC, CHEVROLET, GMC","ACADIA, ENCLAVE, SIERRA 1500, SILVERADO 1500, TRAVERSE, XT5","2020, 2021",TIRES,20201105,20201217,7516,MFR,No,No
20V682000,https://www.nhtsa.gov/vehicle/recalls#?nhtsaId=20V682000,"LEXUS, TOYOTA","4RUNNER, AVALON, CAMRY, COROLLA, COROLLA HATCHBACK, ES350, GS 200T, GS 350, GS300, GX460, HIGHLANDER, IS 300, IS 350, IS200T, LAND CRUISER, LC HYBRID, LC500, LS HYBRID, LS500, LX570, NX300, RAV4, RC 200T, RC 300, RC 350, RX350, RX350L, SEQUOIA, SIENNA, TACOMA, TUNDRA, UX200","2017, 2018, 2019, 2020","FUEL SYSTEM, GASOLINE:DELIVERY:FUEL PUMP",20201104,20210121,1525742,MFR,No,No
20V678000,https://www.nhtsa.gov/vehicle/recalls#?nhtsaId=20V678000,BMW,"X5, X6, X6 M, X7","2020, 2021",SUSPENSION:FRONT:CONTROL ARM,20201104,20201218,83,MFR,No,No
20V671000,https://www.nhtsa.gov/vehicle/recalls#?nhtsaId=20V671000,MERCEDES-BENZ,"AMG GLE53, AMG GLE63, GLE 350, GLE 450, GLE 580","2020, 2021",SEAT BELTS: REAR/OTHER:BUCKLE ASSEMBLY,20201030,20201218,55326,MFR,No,No
20V673000,https://www.nhtsa.gov/vehicle/recalls#?nhtsaId=20V673000,MERCEDES-BENZ,"AMG E53, AMG E63, E 350, E 450, E63 AMG","2019, 2020, 2021",SEATS,20201030,20201218,1337,MFR,No,No
20V672000,https://www.nhtsa.gov/vehicle/recalls#?nhtsaId=20V672000,MERCEDES-BENZ,GLA 250,2019,FORWARD COLLISION AVOIDANCE: DYNAMIC BRAKE SUPPORT/BRAKE ASSIST,20201030,20201211,47,MFR,No,No
20V668000,https://www.nhtsa.gov/vehicle/recalls#?nhtsaId=20V668000,"BUICK, CADILLAC, CHEVROLET, GMC","ACADIA, BLAZER, CRUZE, ENCLAVE, ENCORE, EQUINOX, LACROSSE, MALIBU, TERRAIN, TRAVERSE, XT4, XT6","2018, 2019, 2020",POWER TRAIN:AUTOMATIC TRANSMISSION,20201029,20201215,194105,MFR,No,No
20V666000,https://www.nhtsa.gov/vehicle/recalls#?nhtsaId=20V666000,BMW,"M2, M4","2020, 2021","FUEL SYSTEM, GASOLINE:FUEL INJECTION SYSTEM",20201029,20201218,21,MFR,No,No
20V663000,https://www.nhtsa.gov/vehicle/recalls#?nhtsaId=20V663000,MERCEDES-BENZ,"SPRINTER 1500, SPRINTER 2500, SPRINTER 3500, SPRINTER 4500","2015, 2016, 2017, 2018, 2019, 2020","STEERING:HYDRAULIC POWER ASSIST:HOSE, PIPING, AND CONNECTIONS",20201028,20201223,47667,MFR,No,No
20V658000,https://www.nhtsa.gov/vehicle/recalls#?nhtsaId=20V658000,AUDI,Q7,"2018, 2019, 2020",STRUCTURE:BODY:ROOF AND PILLARS,20201027,20201117,94144,MFR,No,No
20V657000,https://www.nhtsa.gov/vehicle/recalls#?nhtsaId=20V657000,JEEP,CHEROKEE,2021,SUSPENSION:FRONT:CONTROL ARM:LOWER ARM,20201027,20201030,698,MFR,No,No
20V651000,https://www.nhtsa.gov/vehicle/recalls#?nhtsaId=20V651000,MERCEDES-BENZ,"AMG GLC43, AMG GLC63, GLC 300, GLC 350 E",2020,STEERING:ELECTRIC POWER ASSIST SYSTEM,20201023,20201211,2533,MFR,No,No
20V650000,https://www.nhtsa.gov/vehicle/recalls#?nhtsaId=20V650000,"CHEVROLET, GMC","SIERRA 1500, SILVERADO 1500, SILVERADO 2500","2019, 2020",POWER TRAIN:DRIVELINE:DRIVESHAFT,20201022,20201210,42,MFR,No,No
20V648000,https://www.nhtsa.gov/vehicle/recalls#?nhtsaId=20V648000,VOLKSWAGEN,JETTA,"2016, 2017, 2018","FUEL SYSTEM, GASOLINE:FUEL INJECTION SYSTEM:FUEL RAIL",20201021,20210331,218192,MFR,No,No
20V644000,https://www.nhtsa.gov/vehicle/recalls#?nhtsaId=20V644000,AUDI,Q3,2020,SEATS:CRITICAL FASTENERS,20201019,20201110,1,MFR,No,No
20V635000,https://www.nhtsa.gov/vehicle/recalls#?nhtsaId=20V635000,FORD,ESCAPE,2020,ELECTRICAL SYSTEM:BODY CONTROL MODULE/BCM,20201015,20201201,689,MFR,No,No
20V582000,https://www.nhtsa.gov/vehicle/recalls#?nhtsaId=20V582000,RAM,PROMASTER,"2014, 2015, 2016, 2017, 2018, 2019",POWER TRAIN:AUTOMATIC TRANSMISSION:LEVER AND LINKAGE:COLUMN SHIFT,20201015,,20,MFR,No,No
20V636000,https://www.nhtsa.gov/vehicle/recalls#?nhtsaId=20V636000,FORD,TRANSIT CONNECT,"2019, 2020",POWER TRAIN:AUTOMATIC TRANSMISSION:CONTROL MODULE (TCM/PCM/TECM),20201015,20201110,2903,MFR,No,No
20V638000,https://www.nhtsa.gov/vehicle/recalls#?nhtsaId=20V638000,CHEVROLET,"CAPRICE POLICE PURSUIT, CHEVEROLET SS","2014, 2015, 2016",SEAT BELTS:FRONT,20201015,20201117,1788,MFR,No,No
20V639000,https://www.nhtsa.gov/vehicle/recalls#?nhtsaId=20V639000,"BUICK, CADILLAC, CHEVROLET, GMC","ACADIA, ENCLAVE, TRAVERSE, XT5, XT6",2020,"FUEL SYSTEM, GASOLINE:DELIVERY:FUEL PUMP",20201015,20201116,2781,MFR,No,No
20V631000,https://www.nhtsa.gov/vehicle/recalls#?nhtsaId=20V631000,MERCEDES-BENZ,"SPRINTER 1500, SPRINTER 2500, SPRINTER 3500, SPRINTER 4500",2020,"SERVICE BRAKES, HYDRAULIC:FOUNDATION COMPONENTS:HOSES, LINES/PIPING, AND FITTINGS",20201014,20201124,463,MFR,No,No
20V633000,https://www.nhtsa.gov/vehicle/recalls#?nhtsaId=20V633000,TOYOTA,"HIGHLANDER, HIGHLANDER HYBRID",2020,SEATS,20201014,20201211,3121,MFR,No,No
20V630000,https://www.nhtsa.gov/vehicle/recalls#?nhtsaId=20V630000,HYUNDAI,KONA ELECTRIC,"2019, 2020",ELECTRICAL SYSTEM:PROPULSION SYSTEM:TRACTION BATTERY:MANAGEMENT SYSTEM/ENERGY CONTROL MODULE (BMS/BECM):SOFTWARE,20201013,20201113,6707,MFR,No,Yes
20V628000,https://www.nhtsa.gov/vehicle/recalls#?nhtsaId=20V628000,MERCEDES-BENZ,GLB 250,2020,AIR BAGS:SIDE/WINDOW,20201009,20201030,7,MFR,No,No
20V627000,https://www.nhtsa.gov/vehicle/recalls#?nhtsaId=20V627000,MERCEDES-BENZ,GLE 350,2020,POWER TRAIN:DRIVELINE:DRIVESHAFT,20201009,20201208,2,MFR,No,No
20V626000,https://www.nhtsa.gov/vehicle/recalls#?nhtsaId=20V626000,MERCEDES-BENZ,"GLE 350, GLE 450, GLE 580, GLS 450, GLS 580 4MATIC",2020,STEERING:ELECTRIC POWER ASSIST SYSTEM,20201009,20201113,12799,MFR,No,No
20V622000,https://www.nhtsa.gov/vehicle/recalls#?nhtsaId=20V622000,RAM,"1500, 2500",2020,VISIBILITY:REARVIEW MIRRORS/DEVICES:EXTERIOR,20201008,20201105,19075,MFR,No,No
20V608000,https://www.nhtsa.gov/vehicle/recalls#?nhtsaId=20V608000,MERCEDES-BENZ,C 300,2019,LATCHES/LOCKS/LINKAGES,20201002,20201030,7,MFR,No,No
20V607000,https://www.nhtsa.gov/vehicle/recalls#?nhtsaId=20V607000,MERCEDES-BENZ,GLC 350 E,2020,ELECTRICAL SYSTEM:PROPULSION SYSTEM: CABLES,20201002,20201211,7,MFR,No,No
20V603000,https://www.nhtsa.gov/vehicle/recalls#?nhtsaId=20V603000,"CADILLAC, CHEVROLET, GMC","ESCALADE, SIERRA 1500, SILVERADO 1500, TAHOE, YUKON",2018,"SERVICE BRAKES, HYDRAULIC:POWER ASSIST:VACUUM",20201001,20201111,14620,MFR,No,No
20V598000,https://www.nhtsa.gov/vehicle/recalls#?nhtsaId=20V598000,BMW,"530I, 540I, 550E, M5, M550I, X3, X4","2020, 2021",BACK OVER PREVENTION: SENSING SYSTEM: CAMERA,20200930,20201118,312,MFR,No,No
20V609000,https://www.nhtsa.gov/vehicle/recalls#?nhtsaId=20V609000,TESLA,MODEL Y,2020,EXTERIOR LIGHTING:BRAKE LIGHTS,20200930,20200923,2567,MFR,No,No
20V599000,https://www.nhtsa.gov/vehicle/recalls#?nhtsaId=20V599000,FORD,redundant F-350,2020,POWER TRAIN:AXLE ASSEMBLY,20200930,20210111,52,MFR,No,No
20V601000,https://www.nhtsa.gov/vehicle/recalls#?nhtsaId=20V601000,"BMW, MINI","330E, 530E, 745LE, COUNTRYMAN, I8, X3, X5","2020, 2021",ELECTRICAL SYSTEM:PROPULSION SYSTEM:TRACTION BATTERY,20200930,20201124,4509,MFR,No,No
20V595000,https://www.nhtsa.gov/vehicle/recalls#?nhtsaId=20V595000,MERCEDES-BENZ,"SPRINTER 1500, SPRINTER 2500, SPRINTER 3500, SPRINTER 4500","2019, 2020","FUEL SYSTEM, GASOLINE:DELIVERY:HOSES, LINES/PIPING, AND FITTINGS",20200929,20210119,4010,MFR,No,No
20V588000,https://www.nhtsa.gov/vehicle/recalls#?nhtsaId=20V588000,"BUICK, CADILLAC, CHEVROLET","CORVETTE, CT4, CT5, ENCORE GX, TRAILBLAZER, XT4","2020, 2021",SERVICE BRAKES,20200924,20201209,3677,MFR,No,No
20V581000,https://www.nhtsa.gov/vehicle/recalls#?nhtsaId=20V581000,CHEVROLET,CORVETTE,2020,SEAT BELTS,20200924,20201015,5,MFR,No,No
20V580000,https://www.nhtsa.gov/vehicle/recalls#?nhtsaId=20V580000,"JEEP, RAM","1500, 2500, GLADIATOR, WRANGLER","2019, 2020",SEAT BELTS:FRONT:RETRACTOR,20200924,20201112,2114,MFR,No,No
20V579000,https://www.nhtsa.gov/vehicle/recalls#?nhtsaId=20V579000,VOLKSWAGEN,TIGUAN,2020,SEAT BELTS:REAR/OTHER,20200923,20201007,6,MFR,No,No
20V576000,https://www.nhtsa.gov/vehicle/recalls#?nhtsaId=20V576000,FORD,"redundant F-250, redundant F-350",2019,POWER TRAIN:AXLE ASSEMBLY,20200923,20201016,9628,MFR,No,No
20V575000,https://www.nhtsa.gov/vehicle/recalls#?nhtsaId=20V575000,"FORD, LINCOLN","CORSAIR, EDGE, ESCAPE, EXPEDITION, EXPLORER, F-150, F-250 SD, F-350 SD, F-450 SD, F-550 SD, MUSTANG, NAUTILUS, RANGER, TRANSIT",2020,BACK OVER PREVENTION: SENSING SYSTEM: CAMERA,20200923,20210201,620246,MFR,No,No
20V574000,https://www.nhtsa.gov/vehicle/recalls#?nhtsaId=20V574000,FORD,EXPEDITION,2020,SEAT BELTS,20200923,20201016,123,MFR,No,No
20V573000,https://www.nhtsa.gov/vehicle/recalls#?nhtsaId=20V573000,FORD,MUSTANG,2020,"SERVICE BRAKES, HYDRAULIC:PEDALS AND LINKAGES",20200923,20210126,38005,MFR,No,No
20E069000,https://www.nhtsa.gov/vehicle/recalls#?nhtsaId=20E069000,FORD,BRAKE PEDAL BRACKET,9999,"SERVICE BRAKES, HYDRAULIC:PEDALS AND LINKAGES",20200923,20210126,62,MFR,No,No
20E064000,https://www.nhtsa.gov/vehicle/recalls#?nhtsaId=20E064000,VOLKSWAGEN,"BEETLE, JETTA","2004, 2005, 2006, 2007, 2008, 2009, 2010, 2011, 2012, 2013, 2014, 2015, 2016, 2017, 2018, 2019","SERVICE BRAKES, HYDRAULIC:FOUNDATION COMPONENTS:MASTER CYLINDER",20200923,20201030,38,MFR,No,No
20V569000,https://www.nhtsa.gov/vehicle/recalls#?nhtsaId=20V569000,GENESIS,G70,2021,"FUEL SYSTEM, GASOLINE:DELIVERY:FUEL PUMP",20200921,20201110,319,MFR,No,No
20E068000,https://www.nhtsa.gov/vehicle/recalls#?nhtsaId=20E068000,HONDA,"HARD TONNEAU COVERS, RIDGELINE","2017, 2018, 2019, 2020, 9999",EQUIPMENT,20200917,20201026,151343,MFR,No,No
20V561000,https://www.nhtsa.gov/vehicle/recalls#?nhtsaId=20V561000,VOLKSWAGEN,"ATLAS, EGOLF, GOLF ALLTRACK, GOLF R, PASSAT","2016, 2017, 2018",UNKNOWN OR OTHER,20200916,20201006,23,MFR,No,No
20V560000,https://www.nhtsa.gov/vehicle/recalls#?nhtsaId=20V560000,KIA,STINGER,"2020, 2021","FUEL SYSTEM, GASOLINE:DELIVERY:FUEL PUMP",20200916,20201029,635,MFR,No,No
20V558000,https://www.nhtsa.gov/vehicle/recalls#?nhtsaId=20V558000,MERCEDES-BENZ,GLB 250,2020,SEATS:MID/REAR ASSEMBLY,20200914,20201023,36,MFR,No,No
20V554000,https://www.nhtsa.gov/vehicle/recalls#?nhtsaId=20V554000,CHEVROLET,6500XD,"2018, 2019, 2020, 2021",ELECTRICAL SYSTEM:STARTER ASSEMBLY,20200911,20201009,4352,MFR,No,No
20V549000,https://www.nhtsa.gov/vehicle/recalls#?nhtsaId=20V549000,FORD,EXPLORER,2020,SEAT BELTS: REAR/OTHER:BUCKLE ASSEMBLY,20200910,20201106,29,MFR,No,No
20V191000,https://www.nhtsa.gov/vehicle/recalls#?nhtsaId=20V191000,"CHRYSLER, DODGE, JEEP, RAM","1500, 2500, 3500, CHALLENGER, CHEROKEE, DURANGO, GLADIATOR, GRAND CHEROKEE, PACIFICA, RENEGADE, WRANGLER","2019, 2020",BACK OVER PREVENTION: SENSING SYSTEM: CAMERA,20200910,20200427,319610,MFR,No,No
20V550000,https://www.nhtsa.gov/vehicle/recalls#?nhtsaId=20V550000,"FORD, LINCOLN","CORSAIR, EDGE, ESCAPE, NAUTILUS, TRANSIT CONNECT","2019, 2020",POWER TRAIN:AUTOMATIC TRANSMISSION,20200910,20200923,97,MFR,No,No
20V543000,https://www.nhtsa.gov/vehicle/recalls#?nhtsaId=20V543000,HYUNDAI,TUCSON,"2016, 2017, 2018, 2019, 2020, 2021","SERVICE BRAKES, HYDRAULIC:ANTILOCK/TRACTION CONTROL/ELECTRONIC LIMITED SLIP:CONTROL UNIT/MODULE ",20200904,20201102,652024,ODI,No,Yes
20V537000,https://www.nhtsa.gov/vehicle/recalls#?nhtsaId=20V537000,"BUICK, CHEVROLET","ENCORE, TRAILBLAZER","2020, 2021",SEATS:CRITICAL FASTENERS,20200903,20201001,105,MFR,No,No
20V533000,https://www.nhtsa.gov/vehicle/recalls#?nhtsaId=20V533000,VOLKSWAGEN,PASSAT,2020,AIR BAGS:PASSENGER SIDE FRONTAL:CUSHION,20200902,20201014,1829,MFR,No,No
20V528000,https://www.nhtsa.gov/vehicle/recalls#?nhtsaId=20V528000,BMW,"X5, X6, X7","2020, 2021",EXTERIOR LIGHTING:HEADLIGHTS,20200901,20201030,307,MFR,No,No
20V512000,https://www.nhtsa.gov/vehicle/recalls#?nhtsaId=20V512000,DODGE,CHARGER,"2018, 2019, 2020",BACK OVER PREVENTION: SENSING SYSTEM: CAMERA,20200827,20201022,26361,MFR,No,No
20V511000,https://www.nhtsa.gov/vehicle/recalls#?nhtsaId=20V511000,RAM,"3500, 4500, 5500","2019, 2020",ENGINE AND ENGINE COOLING:ENGINE:OIL/LUBRICATION,20200827,20200910,32318,MFR,No,No
20V514000,https://www.nhtsa.gov/vehicle/recalls#?nhtsaId=20V514000,BMW,X7,2021,EQUIPMENT:OTHER:LABELS,20200827,20201026,397,MFR,No,No
20V513000,https://www.nhtsa.gov/vehicle/recalls#?nhtsaId=20V513000,RAM,1500,"2019, 2020",VEHICLE SPEED CONTROL:ACCELERATOR PEDAL,20200827,20200910,160229,MFR,No,No
20V515000,https://www.nhtsa.gov/vehicle/recalls#?nhtsaId=20V515000,CHEVROLET,CAPRICE POLICE PURSUIT,"2014, 2015, 2016",STEERING:ELECTRIC POWER ASSIST SYSTEM,20200827,20200923,95,MFR,No,No
20V518000,https://www.nhtsa.gov/vehicle/recalls#?nhtsaId=20V518000,KIA,STINGER,"2018, 2019, 2020, 2021","SERVICE BRAKES, HYDRAULIC:ANTILOCK/TRACTION CONTROL/ELECTRONIC LIMITED SLIP:CONTROL UNIT/MODULE ",20200827,20201130,28200,ODI,No,Yes
20V519000,https://www.nhtsa.gov/vehicle/recalls#?nhtsaId=20V519000,KIA,"OPTIMA, SORENTO","2013, 2014, 2015","SERVICE BRAKES, HYDRAULIC:ANTILOCK/TRACTION CONTROL/ELECTRONIC LIMITED SLIP:CONTROL UNIT/MODULE ",20200827,20201020,440370,ODI,No,Yes
20V520000,https://www.nhtsa.gov/vehicle/recalls#?nhtsaId=20V520000,HYUNDAI,SANTA FE SPORT,"2013, 2014, 2015","SERVICE BRAKES, HYDRAULIC:ANTILOCK/TRACTION CONTROL/ELECTRONIC LIMITED SLIP:CONTROL UNIT/MODULE ",20200827,20201222,151205,ODI,No,Yes
20V516000,https://www.nhtsa.gov/vehicle/recalls#?nhtsaId=20V516000,"BMW, TOYOTA","SUPRA, Z4","2019, 2020",EXTERIOR LIGHTING:HEADLIGHTS,20200827,20201223,4265,MFR,No,No
20V505000,https://www.nhtsa.gov/vehicle/recalls#?nhtsaId=20V505000,"AUDI, VOLKSWAGEN","ATLAS, ATLAS CROSS SPORT, JETTA, Q5, SQ5, TIGUAN","2020, 2021",SEATS,20200826,20200911,5376,MFR,No,No
20V504000,https://www.nhtsa.gov/vehicle/recalls#?nhtsaId=20V504000,VOLKSWAGEN,"ATLAS, ATLAS CROSS SPORT","2020, 2021",EXTERIOR LIGHTING:HEADLIGHTS,20200826,20200909,11,MFR,No,No
20V497000,https://www.nhtsa.gov/vehicle/recalls#?nhtsaId=20V497000,"FORD, LINCOLN","AVIATOR, EXPLORER",2020,AIR BAGS:CRITICAL FASTENERS,20200821,20200910,488,MFR,No,No
20V495000,https://www.nhtsa.gov/vehicle/recalls#?nhtsaId=20V495000,BMW,"R 1250 GS, R 1250 GS ADVENTURE, R 1250 R, R 1250 RS, R 1250 RT",2021,EQUIPMENT:OTHER:LABELS,20200820,20201019,447,MFR,No,No
20V489000,https://www.nhtsa.gov/vehicle/recalls#?nhtsaId=20V489000,CHEVROLET,CORVETTE,2020,ELECTRICAL SYSTEM:SOFTWARE,20200818,20200924,7071,MFR,No,No
20V490000,https://www.nhtsa.gov/vehicle/recalls#?nhtsaId=20V490000,"BMW, MINI","330E, COUNTRYMAN, X3, X5","2020, 2021",ELECTRICAL SYSTEM:PROPULSION SYSTEM:TRACTION BATTERY,20200818,20201012,713,MFR,No,No
20V484000,https://www.nhtsa.gov/vehicle/recalls#?nhtsaId=20V484000,BMW,"X6, X6 M",2020,STRUCTURE:BODY,20200814,20201013,43,MFR,No,No
20V480000,https://www.nhtsa.gov/vehicle/recalls#?nhtsaId=20V480000,MERCEDES-BENZ,GLB 250,2020,STRUCTURE:BODY,20200814,20201023,10644,MFR,No,No
20V483000,https://www.nhtsa.gov/vehicle/recalls#?nhtsaId=20V483000,BMW,"X5, X6",2021,TIRES,20200814,20200822,42,MFR,No,No
20V475000,https://www.nhtsa.gov/vehicle/recalls#?nhtsaId=20V475000,"JEEP, RAM","1500, GRAND CHEROKEE","2014, 2015, 2016, 2017, 2018",ENGINE AND ENGINE COOLING:ENGINE:DIESEL,20200813,20210218,58016,MFR,No,No
20V476000,https://www.nhtsa.gov/vehicle/recalls#?nhtsaId=20V476000,BMW,"R 1250 GS, R 1250 GS ADVENTURE, R 1250 RT, S 1000 RR, S 1000 XR","2019, 2020",SERVICE BRAKES,20200813,20210308,9392,ODI,No,No
20V470000,https://www.nhtsa.gov/vehicle/recalls#?nhtsaId=20V470000,LINCOLN,CORSAIR,2020,SUSPENSION:REAR:SPRINGS:COIL SPRINGS,20200810,20201104,2965,MFR,No,No
20V469000,https://www.nhtsa.gov/vehicle/recalls#?nhtsaId=20V469000,"FORD, LINCOLN","EDGE, MKX","2015, 2016, 2017, 2018",SERVICE BRAKES,20200810,20210513,488594,MFR,No,No
20V467000,https://www.nhtsa.gov/vehicle/recalls#?nhtsaId=20V467000,FORD,F-150,2020,ELECTRICAL SYSTEM:STARTER ASSEMBLY,20200810,20200825,431,MFR,No,No
20V471000,https://www.nhtsa.gov/vehicle/recalls#?nhtsaId=20V471000,BMW,"HP2 ENDURO, HP2 MEGA MOTO US, HP2 MEGAMOTO, HP2 SPORT, K 1300 GT, K 1300 S, K 1600 GT, K 1600 GTL, K1200 GT, K1200 R, K1200 R SPORT, K1200 S, R 1200 GS ADVENTURE, R 1200 R, R1200 GS, R1200 GS ADVENTURE, R1200 HP2, R1200 R, R1200 RT, R1200 S, R1200 ST, S1000 RR","2005, 2006, 2007, 2008, 2009, 2010, 2011, 2012","FUEL SYSTEM, GASOLINE:DELIVERY:FUEL PUMP",20200810,20210118,16926,MFR,No,No
20V464000,https://www.nhtsa.gov/vehicle/recalls#?nhtsaId=20V464000,MERCEDES-BENZ,GLE 450,2020,AIR BAGS:PASSENGER SIDE FRONTAL:CUSHION,20200807,20200831,1,MFR,No,No
20V465000,https://www.nhtsa.gov/vehicle/recalls#?nhtsaId=20V465000,BMW,"X5, X7",2020,ELECTRICAL SYSTEM:STARTER ASSEMBLY,20200807,20201002,21,MFR,No,No
20V461000,https://www.nhtsa.gov/vehicle/recalls#?nhtsaId=20V461000,CHEVROLET,CORVETTE,2020,ELECTRICAL SYSTEM:SOFTWARE,20200806,20200903,5141,MFR,No,No
20V459000,https://www.nhtsa.gov/vehicle/recalls#?nhtsaId=20V459000,KIA,FORTE,2019,POWER TRAIN:AXLE ASSEMBLY:AXLE SHAFT,20200805,20200902,834,MFR,No,No
20V453000,https://www.nhtsa.gov/vehicle/recalls#?nhtsaId=20V453000,MERCEDES-BENZ,SPRINTER (VS30),2019,"FUEL SYSTEM, GASOLINE:DELIVERY:FUEL PUMP",20200804,20200918,46,MFR,No,No
20V447000,https://www.nhtsa.gov/vehicle/recalls#?nhtsaId=20V447000,HYUNDAI,GENESIS G70,2020,STEERING,20200731,20200925,2,MFR,No,No
20V449000,https://www.nhtsa.gov/vehicle/recalls#?nhtsaId=20V449000,MERCEDES-BENZ,"C 300, CLS 450, E 300, E 400, E 450, E300, S 450, S560","2017, 2018, 2019",ELECTRICAL SYSTEM:SOFTWARE,20200731,20200908,56,MFR,No,No
20V446000,https://www.nhtsa.gov/vehicle/recalls#?nhtsaId=20V446000,"BUICK, CADILLAC, CHEVROLET, GMC","ACADIA, BLAZER, ENCLAVE, SIERRA 1500, SIERRA 2500, SIERRA 3500, SILVERADO 1500, SILVERADO 2500, SILVERADO 3500, TRAVERSE, XT5, XT6",2020,AIR BAGS:SIDE/WINDOW:CURTAIN:INFLATOR,20200730,20200903,769,MFR,No,No
20V443000,https://www.nhtsa.gov/vehicle/recalls#?nhtsaId=20V443000,BMW,X3,2020,BACK OVER PREVENTION: SENSING SYSTEM: CAMERA,20200729,20200814,5,MFR,No,No
20V438000,https://www.nhtsa.gov/vehicle/recalls#?nhtsaId=20V438000,HONDA,ODYSSEY,"2019, 2020",BACK OVER PREVENTION: SENSING SYSTEM: CAMERA,20200728,20200923,212070,MFR,No,No
20V437000,https://www.nhtsa.gov/vehicle/recalls#?nhtsaId=20V437000,HONDA,ODYSSEY,"2018, 2019, 2020",LATCHES/LOCKS/LINKAGES:DOORS:LATCH,20200728,20200923,324196,MFR,No,No
20V439000,https://www.nhtsa.gov/vehicle/recalls#?nhtsaId=20V439000,HONDA,"ODYSSEY, PASSPORT, PILOT","2018, 2019, 2020, 2021",ELECTRICAL SYSTEM:SOFTWARE,20200728,20200923,607786,MFR,No,No
20V440000,https://www.nhtsa.gov/vehicle/recalls#?nhtsaId=20V440000,HONDA,"ODYSSEY, PASSPORT, PILOT","2019, 2020, 2021",BACK OVER PREVENTION: SENSING SYSTEM: CAMERA,20200728,20200923,499344,MFR,No,No
20V434000,https://www.nhtsa.gov/vehicle/recalls#?nhtsaId=20V434000,BMW,"X5, X6 M","2019, 2020",STEERING:COLUMN,20200728,20200823,7,MFR,No,No
20V436000,https://www.nhtsa.gov/vehicle/recalls#?nhtsaId=20V436000,KIA,TELLURIDE,2020,FORWARD COLLISION AVOIDANCE: ADAPTIVE CRUISE CONTROL,20200728,20200910,86921,MFR,No,No
20V426000,https://www.nhtsa.gov/vehicle/recalls#?nhtsaId=20V426000,MERCEDES-BENZ,SPRINTER (VS30),2019,SUSPENSION:REAR:SPRINGS:LEAF SPRING ASSEMBLY:LEAF,20200727,20201001,26,MFR,No,No
20V427000,https://www.nhtsa.gov/vehicle/recalls#?nhtsaId=20V427000,MERCEDES-BENZ,SPRINTER (VS30),2019,SUSPENSION:REAR,20200727,20201001,4,MFR,No,No
20V430000,https://www.nhtsa.gov/vehicle/recalls#?nhtsaId=20V430000,MERCEDES-BENZ,GLE 350,2020,SEATS,20200724,20200831,1,MFR,No,No
20V422000,https://www.nhtsa.gov/vehicle/recalls#?nhtsaId=20V422000,KIA,STINGER,2020,STEERING,20200722,20200828,104,MFR,No,No
20V416000,https://www.nhtsa.gov/vehicle/recalls#?nhtsaId=20V416000,MERCEDES-BENZ,A 220,2019,ELECTRICAL SYSTEM,20200717,20200831,3615,MFR,No,No
20V414000,https://www.nhtsa.gov/vehicle/recalls#?nhtsaId=20V414000,LINCOLN,"MKX, NAUTILUS","2016, 2017, 2018, 2019, 2020",SEATS:FRONT ASSEMBLY:POWER ADJUST,20200717,20200812,19299,MFR,No,No
20V413000,https://www.nhtsa.gov/vehicle/recalls#?nhtsaId=20V413000,FORD,"F-650 SD, F-750 SD",2021,STRUCTURE:FRAME AND MEMBERS:UNDERBODY SHIELDS,20200717,20200928,1229,MFR,No,No
20V415000,https://www.nhtsa.gov/vehicle/recalls#?nhtsaId=20V415000,FORD,"ESCAPE, TRANSIT",2020,AIR BAGS:SIDE/WINDOW,20200717,20210111,68,MFR,No,No
20V410000,https://www.nhtsa.gov/vehicle/recalls#?nhtsaId=20V410000,TOYOTA,TUNDRA,"2018, 2019, 2020",EXTERIOR LIGHTING:TURN SIGNAL,20200715,20200817,183397,MFR,No,No
20V399000,https://www.nhtsa.gov/vehicle/recalls#?nhtsaId=20V399000,KIA,SEDONA,2020,ELECTRICAL SYSTEM:ALTERNATOR/GENERATOR/REGULATOR,20200708,20200814,5385,MFR,No,No
20V397000,https://www.nhtsa.gov/vehicle/recalls#?nhtsaId=20V397000,AUDI,"A8, S8","2013, 2014, 2015, 2016, 2017, 2018",STRUCTURE:BODY:HOOD,20200707,20200904,12964,MFR,No,No
20V396000,https://www.nhtsa.gov/vehicle/recalls#?nhtsaId=20V396000,"CHRYSLER, DODGE","GRAND CARAVAN, NITRO, TOWN AND COUNTRY","2007, 2008, 2009, 2010, 2011",AIR BAGS:FRONTAL:DRIVER SIDE:INFLATOR MODULE,20200707,20210211,925239,MFR,No,No
20V395000,https://www.nhtsa.gov/vehicle/recalls#?nhtsaId=20V395000,MERCEDES-BENZ,"AMG C63, AMG C63 S, AMG GLC63, AMG GLC63 S, AMG GT53, AMG GT63, AMG GT63S","2019, 2020",ELECTRONIC STABILITY CONTROL (ESC),20200706,20200828,5399,MFR,No,No
20V389000,https://www.nhtsa.gov/vehicle/recalls#?nhtsaId=20V389000,KIA,SOUL EV,"2015, 2016",ELECTRICAL SYSTEM:SOFTWARE,20200702,20200807,3714,MFR,No,No
20V393000,https://www.nhtsa.gov/vehicle/recalls#?nhtsaId=20V393000,HYUNDAI,"ACCENT, ELANTRA, SONATA HYBRID, VELOSTER","2011, 2012",EQUIPMENT:ELECTRICAL,20200702,20200928,272126,ODI,No,No
20V381000,https://www.nhtsa.gov/vehicle/recalls#?nhtsaId=20V381000,PORSCHE,911 CARRERA,2020,POWER TRAIN:DRIVELINE:DIFFERENTIAL UNIT,20200701,20200820,14,MFR,No,No
20V379000,https://www.nhtsa.gov/vehicle/recalls#?nhtsaId=20V379000,BMW,"740LI, 750LI, B7 ALPINA, M760I","2020, 2021",CHILD SEAT:TETHER: CONNECTOR/CLIP,20200630,20200820,16,MFR,No,No
20V374000,https://www.nhtsa.gov/vehicle/recalls#?nhtsaId=20V374000,RAM,"1500, PROMASTER",2020,AIR BAGS,20200625,20200716,114,MFR,No,No
20V369000,https://www.nhtsa.gov/vehicle/recalls#?nhtsaId=20V369000,TOYOTA,"PRIUS, PRIUS V","2013, 2014, 2015, 2016, 2017",HYBRID PROPULSION SYSTEM: INVERTER,20200624,20200724,266638,MFR,No,No
20V372000,https://www.nhtsa.gov/vehicle/recalls#?nhtsaId=20V372000,VOLKSWAGEN,GOLF,2018,EQUIPMENT:OTHER:LABELS,20200624,20200709,2,MFR,No,No
20V373000,https://www.nhtsa.gov/vehicle/recalls#?nhtsaId=20V373000,TOYOTA,"RAV4, RAV4 HYBRID","2019, 2020",STEERING:ELECTRIC POWER ASSIST SYSTEM,20200624,20200817,46,MFR,No,No
20V365000,https://www.nhtsa.gov/vehicle/recalls#?nhtsaId=20V365000,FORD,"F-250 SD, F-350 SD, F-550 SD",2020,POWER TRAIN:AUTOMATIC TRANSMISSION:TORQUE CONVERTER,20200623,20200706,13,MFR,No,No
20V366000,https://www.nhtsa.gov/vehicle/recalls#?nhtsaId=20V366000,"FORD, LINCOLN","EXPEDITION, NAVIGATOR",2020,SEATS:MID/REAR ASSEMBLY,20200623,20200708,2620,MFR,No,No
20V364000,https://www.nhtsa.gov/vehicle/recalls#?nhtsaId=20V364000,MERCEDES-BENZ,"C 300, E 350, GLC 300",2020,ENGINE AND ENGINE COOLING:ENGINE:GASOLINE:TURBO/SUPERCHARGER,20200622,20200817,90,MFR,No,No
20V359000,https://www.nhtsa.gov/vehicle/recalls#?nhtsaId=20V359000,VOLKSWAGEN,JETTA,2020,"SERVICE BRAKES, HYDRAULIC:FOUNDATION COMPONENTS:DISC:CALIPER",20200617,20200701,1,MFR,No,No
20V355000,https://www.nhtsa.gov/vehicle/recalls#?nhtsaId=20V355000,"BMW, TOYOTA","330I, M340I, SUPRA, X3, X4, Z4","2019, 2020",STEERING:LINKAGES:TIE ROD ASSEMBLY,20200615,20200814,2779,MFR,No,No
20V343000,https://www.nhtsa.gov/vehicle/recalls#?nhtsaId=20V343000,JEEP,CHEROKEE,"2014, 2015, 2016, 2017",POWER TRAIN:DRIVELINE:DIFFERENTIAL UNIT,20200611,20200714,67248,MFR,No,No
20V334000,https://www.nhtsa.gov/vehicle/recalls#?nhtsaId=20V334000,CHRYSLER,PACIFICA PLUG-IN HYBRID,"2017, 2018, 2019, 2020",ELECTRICAL SYSTEM:WIRING:INTERIOR/UNDER DASH,20200609,20200730,23079,MFR,No,No
20V340000,https://www.nhtsa.gov/vehicle/recalls#?nhtsaId=20V340000,MERCEDES-BENZ,METRIS,2019,AIR BAGS,20200609,20200811,12,MFR,No,No
20V332000,https://www.nhtsa.gov/vehicle/recalls#?nhtsaId=20V332000,FORD,F-150,"2014, 2015, 2016, 2017","SERVICE BRAKES, HYDRAULIC:FOUNDATION COMPONENTS:MASTER CYLINDER",20200608,20201028,292311,ODI,No,No
20V331000,https://www.nhtsa.gov/vehicle/recalls#?nhtsaId=20V331000,"FORD, LINCOLN","C-MAX, ESCAPE, FIESTA, FOCUS, FUSION, MKC, MKZ, MUSTANG, TRANSIT CONNECT","2011, 2012, 2013, 2014, 2015, 2016",LATCHES/LOCKS/LINKAGES:DOORS:LATCH,20200608,20200727,2147323,ODI,No,No
20V329000,https://www.nhtsa.gov/vehicle/recalls#?nhtsaId=20V329000,MERCEDES-BENZ,"GLE 450, GLS 450, GLS 580 4MATIC",2020,SUSPENSION:REAR:SHOCK ABSORBER,20200605,20201020,38,MFR,No,No
20V328000,https://www.nhtsa.gov/vehicle/recalls#?nhtsaId=20V328000,MERCEDES-BENZ,"AMG E63S, AMG GLC43, AMG GLC63, AMG GT53, AMG GT63, E 450, GLC 300",2020,SEATS:MID/REAR ASSEMBLY,20200605,20200817,1352,MFR,No,No
20V324000,https://www.nhtsa.gov/vehicle/recalls#?nhtsaId=20V324000,"CHEVROLET, GMC","SIERRA 2500, SIERRA 3500, SILVERADO 2500, SILVERADO 3500",2020,LATCHES/LOCKS/LINKAGES:HOOD:LATCH,20200604,20200707,272,MFR,No,No
20V326000,https://www.nhtsa.gov/vehicle/recalls#?nhtsaId=20V326000,HONDA,"CLARITY ELECTRIC, CLARITY FUEL CELL, CLARITY PLUG-IN HYBRID",2019,SEAT BELTS:REAR/OTHER,20200604,20200724,128,MFR,No,No
20V322000,https://www.nhtsa.gov/vehicle/recalls#?nhtsaId=20V322000,MERCEDES-BENZ,SPRINTER (VS30),"2019, 2020",SEATS,20200603,20200824,11013,MFR,No,No
20V314000,https://www.nhtsa.gov/vehicle/recalls#?nhtsaId=20V314000,"ACURA, HONDA","ACCORD, CIVIC, FIT, HR-V, INSIGHT, NSX, RDX, RLX, RLX HYBRID","2018, 2019, 2020","FUEL SYSTEM, GASOLINE:DELIVERY:FUEL PUMP",20200528,20200722,135995,MFR,No,No
20V306000,https://www.nhtsa.gov/vehicle/recalls#?nhtsaId=20V306000,FORD,MUSTANG,2020,FORWARD COLLISION AVOIDANCE: SENSING SYSTEM: CAMERA,20200527,20200617,24,MFR,No,No
20V305000,https://www.nhtsa.gov/vehicle/recalls#?nhtsaId=20V305000,FORD,TRANSIT CONNECT,"2016, 2017",SEAT BELTS:PRETENSIONER,20200527,20200807,1616,MFR,No,No
20V298000,https://www.nhtsa.gov/vehicle/recalls#?nhtsaId=20V298000,MERCEDES-BENZ,"AMG C63, C250, C300, C350",2012,AIR BAGS:FRONTAL:PASSENGER SIDE:INFLATOR MODULE,20200522,20200710,640,MFR,No,No
20V295000,https://www.nhtsa.gov/vehicle/recalls#?nhtsaId=20V295000,CHEVROLET,TRAILBLAZER,2021,EQUIPMENT:OTHER:LABELS,20200521,20200701,20,MFR,No,No
20V286000,https://www.nhtsa.gov/vehicle/recalls#?nhtsaId=20V286000,TOYOTA,"RAV4, RAV4 HYBRID","2019, 2020",SUSPENSION:FRONT:CONTROL ARM:LOWER ARM,20200520,20200810,9502,MFR,No,No
20V283000,https://www.nhtsa.gov/vehicle/recalls#?nhtsaId=20V283000,"BMW, MINI","COOPER, COOPER S, COOPER S CLUBMAN, JCW CONVERTIBLE, X1, X2","2020, 2021",AIR BAGS:SIDE/WINDOW:CURTAIN,20200520,20200717,76,MFR,No,No
20V278000,https://www.nhtsa.gov/vehicle/recalls#?nhtsaId=20V278000,DODGE,GRAND CARAVAN,"2016, 2017, 2018, 2019","FUEL SYSTEM, GASOLINE:STORAGE:TANK ASSEMBLY",20200515,20200519,122,MFR,No,No
20V272000,https://www.nhtsa.gov/vehicle/recalls#?nhtsaId=20V272000,AUDI,Q8,2020,POWER TRAIN:AUTOMATIC TRANSMISSION:COOLING UNIT AND LINES,20200513,20200612,531,MFR,No,No
20V274000,https://www.nhtsa.gov/vehicle/recalls#?nhtsaId=20V274000,AUDI,"A6, A7, ALLROAD",2020,AIR BAGS:FRONTAL:PASSENGER SIDE:INFLATOR MODULE,20200513,20200624,153,MFR,No,No
20E031000,https://www.nhtsa.gov/vehicle/recalls#?nhtsaId=20E031000,RAM,"4500, 5500","2019, 2020",SERVICE BRAKES,20200513,20200513,397,MFR,No,No
20V273000,https://www.nhtsa.gov/vehicle/recalls#?nhtsaId=20V273000,AUDI,Q3,2019,AIR BAGS:FRONTAL:PASSENGER SIDE:INFLATOR MODULE,20200513,20200610,3024,MFR,No,No
20V270000,https://www.nhtsa.gov/vehicle/recalls#?nhtsaId=20V270000,PORSCHE,"CAYENNE S E-HYBRID, CAYENNE TURBO, CAYENNE TURBO COUPE, CAYENNE TURBO S HYB COUPE","2019, 2020","FUEL SYSTEM, GASOLINE:DELIVERY:HOSES, LINES/PIPING, AND FITTINGS",20200513,20200908,2253,MFR,No,No
20V271000,https://www.nhtsa.gov/vehicle/recalls#?nhtsaId=20V271000,PORSCHE,CAYENNE,2020,POWER TRAIN:AUTOMATIC TRANSMISSION:COOLING UNIT AND LINES,20200513,20200908,1805,MFR,No,No
20V260000,https://www.nhtsa.gov/vehicle/recalls#?nhtsaId=20V260000,FORD,TRANSIT CONNECT,"2014, 2015, 2016, 2017",VISIBILITY:SUN/MOON ROOF ASSEMBLY,20200508,20200825,5088,MFR,No,No
20V262000,https://www.nhtsa.gov/vehicle/recalls#?nhtsaId=20V262000,"FORD, LINCOLN","EXPEDITION, NAVIGATOR",2020,FORWARD COLLISION AVOIDANCE: AUTOMATIC EMERGENCY BRAKING,20200508,20200526,25081,MFR,No,No
20V263000,https://www.nhtsa.gov/vehicle/recalls#?nhtsaId=20V263000,FORD,"EXPEDITION, MUSTANG","2019, 2020",ELECTRICAL SYSTEM: INSTRUMENT CLUSTER/PANEL,20200508,20200526,10460,MFR,No,No
20V254000,https://www.nhtsa.gov/vehicle/recalls#?nhtsaId=20V254000,CHEVROLET,"CAPRICE POLICE PURSUIT, CHEVEROLET SS","2015, 2016",STEERING:ELECTRIC POWER ASSIST SYSTEM,20200507,20200526,2281,MFR,No,No
20V250000,https://www.nhtsa.gov/vehicle/recalls#?nhtsaId=20V250000,"FORD, RAM","PROMASTER, TRANSIT","2019, 2020",SEAT BELTS:FRONT:RETRACTOR,20200505,20200519,5,MFR,No,No
20V248000,https://www.nhtsa.gov/vehicle/recalls#?nhtsaId=20V248000,HYUNDAI,GENESIS COUPE,2016,AIR BAGS:FRONTAL,20200504,20200622,1295,MFR,No,No
20V247000,https://www.nhtsa.gov/vehicle/recalls#?nhtsaId=20V247000,MERCEDES-BENZ,"G 550, G63","2019, 2020",LATCHES/LOCKS/LINKAGES,20200501,20200626,6659,MFR,No,No
20V246000,https://www.nhtsa.gov/vehicle/recalls#?nhtsaId=20V246000,MERCEDES-BENZ,GLB 250,2020,STRUCTURE,20200501,20200731,26,MFR,No,No
20V243000,https://www.nhtsa.gov/vehicle/recalls#?nhtsaId=20V243000,BMW,"530E, 530I, 540I","2017, 2018",AIR BAGS:FRONTAL:PASSENGER SIDE:INFLATOR MODULE,20200429,20200624,33,MFR,No,No
20E025000,https://www.nhtsa.gov/vehicle/recalls#?nhtsaId=20E025000,LINCOLN,"MKZ, MKZ REPLACEMENT HEADLAMP","2013, 2014, 2015, 2016, 9999",EXTERIOR LIGHTING:HEADLIGHTS,20200424,20200603,130,MFR,No,No
20V226000,https://www.nhtsa.gov/vehicle/recalls#?nhtsaId=20V226000,MERCEDES-BENZ,"GLE 350, GLE 450",2020,AIR BAGS,20200422,20200604,120,MFR,No,No
20V228000,https://www.nhtsa.gov/vehicle/recalls#?nhtsaId=20V228000,MERCEDES-BENZ,E 450,2020,SEAT BELTS:FRONT:WEBBING,20200421,20200522,6,MFR,No,No
20V227000,https://www.nhtsa.gov/vehicle/recalls#?nhtsaId=20V227000,MERCEDES-BENZ,AMG GT,2020,COMMUNICATION,20200421,20200702,149,MFR,No,No
20V222000,https://www.nhtsa.gov/vehicle/recalls#?nhtsaId=20V222000,"FORD, RAM","PROMASTER, TRANSIT","2019, 2020",SEAT BELTS:FRONT:RETRACTOR,20200420,20200513,205,MFR,No,No
20V217000,https://www.nhtsa.gov/vehicle/recalls#?nhtsaId=20V217000,FORD,EXPEDITION,2020,SEAT BELTS,20200416,20200511,1355,MFR,No,No
20V207000,https://www.nhtsa.gov/vehicle/recalls#?nhtsaId=20V207000,RAM,"2500, 3500","2019, 2020",STRUCTURE,20200409,20200709,37580,MFR,No,No
20V213000,https://www.nhtsa.gov/vehicle/recalls#?nhtsaId=20V213000,HYUNDAI,"NEXO, SONATA",2020,ELECTRICAL SYSTEM:SOFTWARE,20200409,20200603,11870,MFR,No,No
20V208000,https://www.nhtsa.gov/vehicle/recalls#?nhtsaId=20V208000,"JEEP, RAM","1500, COMPASS","2019, 2020",VISIBILITY:WINDSHIELD WIPER/WASHER:LINKAGES,20200409,20200427,425599,MFR,No,No
20V205000,https://www.nhtsa.gov/vehicle/recalls#?nhtsaId=20V205000,TOYOTA,COROLLA HATCHBACK,2020,EXTERIOR LIGHTING:BACK UP LIGHTS,20200408,20200630,960,MFR,No,No
20V195000,https://www.nhtsa.gov/vehicle/recalls#?nhtsaId=20V195000,CHEVROLET,6500XD,"2018, 2019, 2020",ELECTRICAL SYSTEM:WIRING,20200403,20200515,2399,MFR,No,No
20V197000,https://www.nhtsa.gov/vehicle/recalls#?nhtsaId=20V197000,FORD,"EXPEDITION, F-150, RANGER",2020,POWER TRAIN:AUTOMATIC TRANSMISSION:GEAR POSITION INDICATION (PRNDL),20200403,20200427,55158,MFR,No,No
20V180000,https://www.nhtsa.gov/vehicle/recalls#?nhtsaId=20V180000,MERCEDES-BENZ,"SPRINTER (VS30), SPRINTER 1500, SPRINTER 2500, SPRINTER 3500, SPRINTER 4500",2019,EQUIPMENT:OTHER:OWNERS/SERVICE/OTHER MANUAL ,20200326,20200518,52127,MFR,No,No
20V183000,https://www.nhtsa.gov/vehicle/recalls#?nhtsaId=20V183000,"DODGE, JEEP","DURANGO, GRAND CHEROKEE",2019,POWER TRAIN:DRIVELINE:DIFFERENTIAL UNIT,20200326,20200521,515,MFR,No,No
20V184000,https://www.nhtsa.gov/vehicle/recalls#?nhtsaId=20V184000,CHEVROLET,BOLT EV,"2019, 2020",LATCHES/LOCKS/LINKAGES:DOORS:LATCH,20200326,20200417,897,MFR,No,No
20V185000,https://www.nhtsa.gov/vehicle/recalls#?nhtsaId=20V185000,BMW,328D,"2013, 2014, 2015, 2016",POWER TRAIN:DRIVELINE:CONSTANT VELOCITY JOINT,20200326,20200522,8536,MFR,No,No
20V181000,https://www.nhtsa.gov/vehicle/recalls#?nhtsaId=20V181000,MERCEDES-BENZ,"SPRINTER (VS30), SPRINTER 1500, SPRINTER 2500, SPRINTER 3500, SPRINTER 4500",2019,STRUCTURE:FRAME AND MEMBERS:UNDERBODY SHIELDS,20200325,20200522,48791,MFR,No,No
20V175000,https://www.nhtsa.gov/vehicle/recalls#?nhtsaId=20V175000,FORD,"E-350, E-450",2021,ELECTRONIC STABILITY CONTROL (ESC),20200323,20200518,2871,MFR,No,No
20V177000,https://www.nhtsa.gov/vehicle/recalls#?nhtsaId=20V177000,"FORD, LINCOLN","FIESTA, FUSION, MKZ","2014, 2015, 2016",LATCHES/LOCKS/LINKAGES:DOORS:LATCH,20200323,20200921,288110,ODI,No,No
20V173000,https://www.nhtsa.gov/vehicle/recalls#?nhtsaId=20V173000,MERCEDES-BENZ,S560,"2018, 2019",ENGINE,20200320,20200811,9791,MFR,No,No
20V172000,https://www.nhtsa.gov/vehicle/recalls#?nhtsaId=20V172000,MERCEDES-BENZ,"GLE 350, GLE 450, GLS 450",2020,STRUCTURE:FRAME AND MEMBERS,20200320,20200717,224,MFR,No,No
20V153000,https://www.nhtsa.gov/vehicle/recalls#?nhtsaId=20V153000,AUDI,A6,"2019, 2020",ELECTRICAL SYSTEM:STARTER ASSEMBLY,20200319,20200522,5471,MFR,No,No
20E013000,https://www.nhtsa.gov/vehicle/recalls#?nhtsaId=20E013000,BMW,"BRAKE FLUID RES. COVER, R 1250 GS, R 1250 GS ADVENTURE, R 1250 R, R 1250 RS, R 1250 RT, R NINE T, R NINE T PURE, R NINE T RACER, R NINE T SCRAMBLER","2018, 2019, 2020, 9999","SERVICE BRAKES, HYDRAULIC:FLUID",20200319,20201214,49,MFR,No,No
20V166000,https://www.nhtsa.gov/vehicle/recalls#?nhtsaId=20V166000,BMW,"R 1250 GS, R 1250 GS ADVENTURE, R 1250 R, R 1250 RS, R 1250 RT, R NINE T, R NINE T PURE, R NINE T RACER, R NINE T SCRAMBLER","2018, 2019, 2020","SERVICE BRAKES, HYDRAULIC:FLUID",20200319,20201223,365,MFR,No,No
20V162000,https://www.nhtsa.gov/vehicle/recalls#?nhtsaId=20V162000,TOYOTA,HIGHLANDER,2020,ENGINE,20200319,20200515,38810,MFR,No,No
20V164000,https://www.nhtsa.gov/vehicle/recalls#?nhtsaId=20V164000,BMW,"330I, 840I, M340I, M8 GRAN COUPE, M850I, X3, X4",2020,SEAT BELTS:PRETENSIONER,20200319,20200518,3316,MFR,No,No
20V165000,https://www.nhtsa.gov/vehicle/recalls#?nhtsaId=20V165000,BMW,"R 1250 GS, R 1250 RT",2020,POWER TRAIN:DRIVELINE,20200319,20200428,4,MFR,No,No
20V152000,https://www.nhtsa.gov/vehicle/recalls#?nhtsaId=20V152000,BMW,"X3, X4","2018, 2019, 2020",ELECTRICAL SYSTEM: INSTRUMENT CLUSTER/PANEL,20200318,20200515,15,MFR,No,No
20V157000,https://www.nhtsa.gov/vehicle/recalls#?nhtsaId=20V157000,MERCEDES-BENZ,"SPRINTER 1500, SPRINTER 2500, SPRINTER 3500, SPRINTER 4500",2019,TIRES,20200318,20200515,65,MFR,No,No
20V155000,https://www.nhtsa.gov/vehicle/recalls#?nhtsaId=20V155000,MERCEDES-BENZ,"SPRINTER 1500, SPRINTER 2500, SPRINTER 3500, SPRINTER 4500","2018, 2019",EQUIPMENT:OTHER:LABELS,20200318,20200515,289,MFR,No,No
20V156000,https://www.nhtsa.gov/vehicle/recalls#?nhtsaId=20V156000,MERCEDES-BENZ,"SPRINTER 1500, SPRINTER 2500, SPRINTER 3500, SPRINTER 4500","2018, 2019",EQUIPMENT:OTHER:LABELS,20200318,20200515,332,MFR,No,No
20V149000,https://www.nhtsa.gov/vehicle/recalls#?nhtsaId=20V149000,AUDI,"Q7, Q8","2017, 2018, 2019",STEERING,20200316,20200331,229,MFR,No,No
20V146000,https://www.nhtsa.gov/vehicle/recalls#?nhtsaId=20V146000,BMW,"F 750 GS, F 850 GS, F 850 GS ADVENTURE, F 900 R, F 900 XR, R 1250 GS, R 1250 GS ADVENTURE, R 1250 R, R 1250 RS, R NINE T, R NINE T PURE, R NINE T SCRAMBLER, S1000 R, S1000 RR","2019, 2020",EXTERIOR LIGHTING:BRAKE LIGHTS,20200312,20200511,4026,MFR,No,No
20V142000,https://www.nhtsa.gov/vehicle/recalls#?nhtsaId=20V142000,"CHEVROLET, GMC","SIERRA 2500, SIERRA 3500, SILVERADO 2500, SILVERADO 3500",2020,LATCHES/LOCKS/LINKAGES:HOOD:LATCH,20200312,20200413,1909,MFR,No,No
20V137000,https://www.nhtsa.gov/vehicle/recalls#?nhtsaId=20V137000,FORD,RANGER,2019,VISIBILITY:DEFROSTER/DEFOGGER/HVAC SYSTEM:FAN/MOTOR,20200309,20200406,5384,MFR,No,No
20V135000,https://www.nhtsa.gov/vehicle/recalls#?nhtsaId=20V135000,VOLKSWAGEN,ARTEON,2019,SERVICE BRAKES,20200306,20200403,732,MFR,No,No
20V124000,https://www.nhtsa.gov/vehicle/recalls#?nhtsaId=20V124000,JEEP,"GLADIATOR, WRANGLER","2018, 2019, 2020",POWER TRAIN:CLUTCH ASSEMBLY,20200303,20200430,33237,MFR,No,No
20V121000,https://www.nhtsa.gov/vehicle/recalls#?nhtsaId=20V121000,HYUNDAI,SONATA,"2013, 2014","FUEL SYSTEM, GASOLINE:DELIVERY:HOSES, LINES/PIPING, AND FITTINGS",20200228,20200810,216799,ODI,No,No
20V122000,https://www.nhtsa.gov/vehicle/recalls#?nhtsaId=20V122000,HYUNDAI,SONATA,2020,EQUIPMENT:OTHER:LABELS,20200228,20200422,5044,MFR,No,No
20V116000,https://www.nhtsa.gov/vehicle/recalls#?nhtsaId=20V116000,"CHEVROLET, GMC","SIERRA 1500, SILVERADO 1500",2020,"SERVICE BRAKES, HYDRAULIC:FOUNDATION COMPONENTS:DISC:CALIPER",20200227,20200323,20352,MFR,No,No
20V110000,https://www.nhtsa.gov/vehicle/recalls#?nhtsaId=20V110000,MERCEDES-BENZ,"SPRINTER 1500, SPRINTER 2500, SPRINTER 3500, SPRINTER 4500",2019,STEERING:COLUMN,20200225,20200424,25,MFR,No,No
20V109000,https://www.nhtsa.gov/vehicle/recalls#?nhtsaId=20V109000,MERCEDES-BENZ,"SPRINTER 1500, SPRINTER 2500, SPRINTER 3500, SPRINTER 4500",2019,STEERING,20200225,20200413,8595,MFR,No,No
20V100000,https://www.nhtsa.gov/vehicle/recalls#?nhtsaId=20V100000,KIA,OPTIMA,"2013, 2014","FUEL SYSTEM, GASOLINE:DELIVERY:HOSES, LINES/PIPING, AND FITTINGS",20200221,20200612,141774,ODI,No,No
20V097000,https://www.nhtsa.gov/vehicle/recalls#?nhtsaId=20V097000,FORD,F-150,"2018, 2019, 2020",EXTERIOR LIGHTING:HEADLIGHTS,20200221,20200310,166196,MFR,No,No
20V098000,https://www.nhtsa.gov/vehicle/recalls#?nhtsaId=20V098000,FORD,F-150,"2015, 2016",ENGINE,20200221,20200409,13854,MFR,No,No
20V099000,https://www.nhtsa.gov/vehicle/recalls#?nhtsaId=20V099000,FORD,"E-350, E-450, F-550","2020, 2021",POWER TRAIN:DRIVELINE:DIFFERENTIAL UNIT,20200221,20200319,319,MFR,No,No
20V101000,https://www.nhtsa.gov/vehicle/recalls#?nhtsaId=20V101000,KIA,SEDONA,"2011, 2012","FUEL SYSTEM, GASOLINE:FUEL INJECTION SYSTEM:FUEL RAIL",20200221,20200616,51465,ODI,No,No
20V093000,https://www.nhtsa.gov/vehicle/recalls#?nhtsaId=20V093000,AUDI,Q7,2019,AIR BAGS:SIDE/WINDOW,20200219,20200319,383,MFR,No,No
20V094000,https://www.nhtsa.gov/vehicle/recalls#?nhtsaId=20V094000,BMW,M6,"2014, 2015, 2016, 2017, 2018, 2019",EXTERIOR LIGHTING:BRAKE LIGHTS,20200219,20200417,2728,MFR,No,No
20V095000,https://www.nhtsa.gov/vehicle/recalls#?nhtsaId=20V095000,BMW,X6,2020,STRUCTURE:BODY,20200219,20200416,550,MFR,No,No
20V089000,https://www.nhtsa.gov/vehicle/recalls#?nhtsaId=20V089000,MERCEDES-BENZ,"AMG CLA35, AMG GLE53, AMG GLE63 S, AMG GLS63, CLA 250, GLE 350, GLE 450, GLS 580 4MATIC, GLS450, GLS580, MAYBACH GLS600","2020, 2021",ELECTRICAL SYSTEM: INSTRUMENT CLUSTER/PANEL,20200214,20200331,2101,MFR,No,No
20V090000,https://www.nhtsa.gov/vehicle/recalls#?nhtsaId=20V090000,MERCEDES-BENZ,"AMG G63, G 550","2019, 2020",ELECTRONIC STABILITY CONTROL (ESC),20200214,20200821,6300,MFR,No,No
20V088000,https://www.nhtsa.gov/vehicle/recalls#?nhtsaId=20V088000,KIA,"SEDONA, SORENTO","2006, 2007, 2008, 2009, 2010",ELECTRICAL SYSTEM,20200214,20200605,228829,ODI,No,No
20V083000,https://www.nhtsa.gov/vehicle/recalls#?nhtsaId=20V083000,BMW,C 400 X,2019,VEHICLE SPEED CONTROL:CABLES,20200213,20200819,416,MFR,No,No
20V080000,https://www.nhtsa.gov/vehicle/recalls#?nhtsaId=20V080000,RAM,1500,2019,POWER TRAIN:TRANSFER CASE (4-WHEEL DRIVE),20200213,20200310,11,MFR,No,No
20V076000,https://www.nhtsa.gov/vehicle/recalls#?nhtsaId=20V076000,AUDI,TT,"2016, 2017, 2018, 2019","FUEL SYSTEM, GASOLINE:STORAGE:TANK ASSEMBLY",20200212,20200319,8572,MFR,No,No
20V077000,https://www.nhtsa.gov/vehicle/recalls#?nhtsaId=20V077000,PORSCHE,MACAN,"2015, 2016, 2017, 2018","FUEL SYSTEM, GASOLINE:DELIVERY:FUEL PUMP",20200212,20200410,70117,MFR,No,No
20V079000,https://www.nhtsa.gov/vehicle/recalls#?nhtsaId=20V079000,MERCEDES-BENZ,"SPRINTER 1500, SPRINTER 2500, SPRINTER 3500, SPRINTER 4500",2019,ENGINE AND ENGINE COOLING:EXHAUST SYSTEM,20200212,20200410,4385,MFR,No,No
20V078000,https://www.nhtsa.gov/vehicle/recalls#?nhtsaId=20V078000,MERCEDES-BENZ,"SPRINTER 1500, SPRINTER 2500, SPRINTER 3500, SPRINTER 4500",2019,ENGINE AND ENGINE COOLING:EXHAUST SYSTEM:EMISSION CONTROL:GAS RECIRCULATION VALVE (EGR VALVE),20200212,20200504,4424,MFR,No,No
20V072000,https://www.nhtsa.gov/vehicle/recalls#?nhtsaId=20V072000,"FORD, LINCOLN","FLEX, MKT, TAURUS","2013, 2014, 2015, 2016, 2017, 2018",SUSPENSION:REAR,20200210,20201028,211207,MFR,No,No
20V068000,https://www.nhtsa.gov/vehicle/recalls#?nhtsaId=20V068000,MERCEDES-BENZ,"AMG C43, AMG C63 S, AMG CLS53, AMG E53, AMG GLC63, AMG GT63, AMG GT63S, C 300, E 350, E 450, GLC 300",2020,COMMUNICATION,20200207,20200414,239,MFR,No,No
20V066000,https://www.nhtsa.gov/vehicle/recalls#?nhtsaId=20V066000,HONDA,ODYSSEY,"2018, 2019, 2020",ELECTRICAL SYSTEM:WIRING,20200206,20200316,241339,MFR,No,No
20V067000,https://www.nhtsa.gov/vehicle/recalls#?nhtsaId=20V067000,HONDA,"PASSPORT, PILOT",2020,EQUIPMENT:OTHER:LABELS,20200206,20200324,10050,MFR,No,No
20V064000,https://www.nhtsa.gov/vehicle/recalls#?nhtsaId=20V064000,"LEXUS, TOYOTA","AVALON HYBRID, CAMRY, CAMRY HYBRID, ES HYBRID, RAV4, RAV4 HYBRID","2019, 2020",ENGINE AND ENGINE COOLING,20200206,20200403,44191,MFR,No,No
20V062000,https://www.nhtsa.gov/vehicle/recalls#?nhtsaId=20V062000,TESLA,MODEL X,"2015, 2016",STEERING:ELECTRIC POWER ASSIST SYSTEM,20200205,20210215,14113,MFR,No,No
20V061000,https://www.nhtsa.gov/vehicle/recalls#?nhtsaId=20V061000,HYUNDAI,"ELANTRA, ELANTRA TOURING, ENTOURAGE, SANTA FE","2007, 2008, 2009, 2010, 2011","SERVICE BRAKES, HYDRAULIC:ANTILOCK/TRACTION CONTROL/ELECTRONIC LIMITED SLIP:CONTROL UNIT/MODULE ",20200204,20200402,476111,ODI,No,No
20V057000,https://www.nhtsa.gov/vehicle/recalls#?nhtsaId=20V057000,VOLKSWAGEN,ATLAS,2018,AIR BAGS,20200131,20200221,7,MFR,No,No
20V056000,https://www.nhtsa.gov/vehicle/recalls#?nhtsaId=20V056000,AUDI,"A4, A6, A8, TT","1998, 1999, 2000, 2001",AIR BAGS:FRONTAL:DRIVER SIDE:INFLATOR MODULE,20200131,20210921,106857,ODI,No,No
20V052000,https://www.nhtsa.gov/vehicle/recalls#?nhtsaId=20V052000,BMW,X7,2020,EXTERIOR LIGHTING,20200130,20200330,683,MFR,No,No
20V055000,https://www.nhtsa.gov/vehicle/recalls#?nhtsaId=20V055000,"CHEVROLET, GMC","SIERRA 1500, SILVERADO 1500",2019,"SERVICE BRAKES, HYDRAULIC:POWER ASSIST",20200130,20200224,148055,MFR,No,No
20V047000,https://www.nhtsa.gov/vehicle/recalls#?nhtsaId=20V047000,MERCEDES-BENZ,"AMG GT 63, AMG GT63",2019,ELECTRICAL SYSTEM:WIRING,20200128,20200313,28,MFR,No,No
20V046000,https://www.nhtsa.gov/vehicle/recalls#?nhtsaId=20V046000,MERCEDES-BENZ,A 220,2019,BACK OVER PREVENTION: SENSING SYSTEM: CAMERA,20200128,20200408,22,MFR,No,No
20V048000,https://www.nhtsa.gov/vehicle/recalls#?nhtsaId=20V048000,MERCEDES-BENZ,"AMG E63, AMG E63S, AMG G63, AMG GT 63, AMG GT63, AMG S63","2018, 2019",ENGINE AND ENGINE COOLING:ENGINE:GASOLINE:TURBO/SUPERCHARGER,20200127,20200320,2518,MFR,No,No
20V043000,https://www.nhtsa.gov/vehicle/recalls#?nhtsaId=20V043000,RAM,"2500, 3500","2019, 2020",POWER TRAIN:AUTOMATIC TRANSMISSION,20200124,20200302,87431,MFR,No,No
20V042000,https://www.nhtsa.gov/vehicle/recalls#?nhtsaId=20V042000,JEEP,WRANGLER,2020,SUSPENSION:FRONT:CONTROL ARM:LOWER ARM,20200124,20200227,3005,MFR,No,No
20V036000,https://www.nhtsa.gov/vehicle/recalls#?nhtsaId=20V036000,RAM,PROMASTER,"2014, 2015, 2016, 2017, 2018, 2019",POWER TRAIN:AUTOMATIC TRANSMISSION:LEVER AND LINKAGE:COLUMN SHIFT,20200123,20200526,222207,MFR,No,No
20V038000,https://www.nhtsa.gov/vehicle/recalls#?nhtsaId=20V038000,CADILLAC,CTS-V,"2014, 2015",POWER TRAIN:DRIVELINE:DIFFERENTIAL UNIT,20200123,20200501,2866,MFR,No,No
20V033000,https://www.nhtsa.gov/vehicle/recalls#?nhtsaId=20V033000,TOYOTA,"CELICA, RAV4, SUPRA","1997, 1998, 1999, 2000",AIR BAGS:FRONTAL:DRIVER SIDE:INFLATOR MODULE,20200122,20200828,138842,ODI,No,No
20V024000,https://www.nhtsa.gov/vehicle/recalls#?nhtsaId=20V024000,TOYOTA,"AVALON, AVALON HYBRID, COROLLA, MATRIX","2011, 2012, 2013, 2014, 2015, 2016, 2017, 2018, 2019",AIR BAGS: AIR BAG/RESTRAINT CONTROL MODULE,20200117,20200316,2891976,ODI,No,No
20V025000,https://www.nhtsa.gov/vehicle/recalls#?nhtsaId=20V025000,CHEVROLET,"4500HD, 4500XD, 5500HD, 5500XD","2019, 2020",SEAT BELTS:FRONT:WEBBING,20200117,20200220,1138,MFR,No,No
20V026000,https://www.nhtsa.gov/vehicle/recalls#?nhtsaId=20V026000,"ACURA, HONDA","ACCORD, CIVIC, CL, CR-V, EV PLUS, MDX, ODYSSEY, RL, TL","1996, 1997, 1998, 1999, 2000, 2001",AIR BAGS:FRONTAL:DRIVER SIDE:INFLATOR MODULE,20200117,20201001,1439841,ODI,No,No
20V027000,https://www.nhtsa.gov/vehicle/recalls#?nhtsaId=20V027000,"ACURA, HONDA","ACCORD, CIVIC, CL, CR-V, MDX, ODYSSEY, RL, TL","2000, 2001, 2002, 2003",AIR BAGS:FRONTAL:DRIVER SIDE:INFLATOR MODULE,20200117,20201001,875966,ODI,No,No
20V022000,https://www.nhtsa.gov/vehicle/recalls#?nhtsaId=20V022000,HYUNDAI,KONA,2020,EQUIPMENT:OTHER:LABELS,20200117,20200302,477,MFR,No,No
20V018000,https://www.nhtsa.gov/vehicle/recalls#?nhtsaId=20V018000,BMW,"320I, 323CI, 323I, 323IT, 325CI, 325I, 325IT, 325XI, 325XIT, 328CI, 328I, 330CI, 330I, 330XI, M3","2000, 2001, 2002, 2003, 2004, 2005, 2006",AIR BAGS:FRONTAL:PASSENGER SIDE:INFLATOR MODULE,20200115,20200213,292948,ODI,Yes,No
20V017000,https://www.nhtsa.gov/vehicle/recalls#?nhtsaId=20V017000,BMW,"1 SERIES M, 128I, 135I, 325I, 325XI, 328I, 328XI, 330I, 330XI, 335D, 335I, 335IS, 335XI, M3, X1, X3, X5, X6, X6 ACTIVEHYBRID SAC","2006, 2007, 2008, 2009, 2010, 2011, 2012, 2013, 2014, 2015",AIR BAGS:FRONTAL:DRIVER SIDE:INFLATOR MODULE,20200115,20200311,59965,ODI,No,No
20V016000,https://www.nhtsa.gov/vehicle/recalls#?nhtsaId=20V016000,BMW,"X5, X6, X6 ACTIVEHYBRID SAC","2007, 2008, 2009, 2010, 2011, 2012",AIR BAGS:FRONTAL:PASSENGER SIDE:INFLATOR MODULE,20200115,20200311,4007,ODI,Yes,No
20V012000,https://www.nhtsa.gov/vehicle/recalls#?nhtsaId=20V012000,"LEXUS, TOYOTA","4RUNNER, AVALON, CAMRY, COROLLA, ES350, FJ CRUISER, GS 350, GS300, GX460, HIGHLANDER, IS 300, IS 350, IS F, IS200T, LAND CRUISER, LC HYBRID, LC500, LS HYBRID, LS460, LS500, LX570, NX200T, RC 200T, RC 300, RC 350, RX350, RX350L, SEQUOIA, SIENNA, TACOMA, TUNDRA","2013, 2014, 2015, 2017, 2018, 2019","FUEL SYSTEM, GASOLINE:DELIVERY:FUEL PUMP",20200113,20200501,1830752,MFR,No,No
20V011000,https://www.nhtsa.gov/vehicle/recalls#?nhtsaId=20V011000,"CHEVROLET, GMC","SIERRA 2500, SIERRA 3500, SILVERADO 2500, SILVERADO 3500","2007, 2008",AIR BAGS:FRONTAL:PASSENGER SIDE:INFLATOR MODULE,20200110,20200211,699,ODI,No,No
